p2g_ms,grid_update_ms,bc_ms,g2p_ms,total_ms
5.64959999974235,0.8078999999270309,0.12730000162264332,10.797099999763304,17.381900001055328
6.438399999751709,0.8699999998498242,0.1596000001882203,9.517999998934101,16.985999998723855
5.732699999498436,0.9620999990147538,0.13749999925494194,9.344900001451606,16.177199999219738
5.592199999227887,0.9328999985882547,0.13159999798517674,9.067799997865222,15.72449999366654
6.245200002013007,1.0886999989452306,0.15189999976428226,9.688900001492584,17.174700002215104
5.315299997164402,0.9644999990996439,0.1370999998471234,9.740400000737282,16.15729999684845
5.952800001978176,0.9653999986767303,0.14899999951012433,9.673399999883259,16.74060000004829
5.934199998591794,0.9528000009595416,0.13530000069295056,9.194700000080047,16.217000000324333
5.952600000455277,1.2793999994755723,0.14179999925545417,10.064000001875684,17.437800001061987
6.590100001631072,0.8363999986613635,0.14100000043981709,11.591399997996632,19.158899998728884
5.478300001414027,0.9427000004507136,0.14899999951012433,9.834000000410015,16.40400000178488
5.60830000176793,0.7588000007672235,0.12600000263773836,9.502000000793487,15.995100005966378
5.757900002208771,1.0958999991999008,0.13670000043930486,10.020300000178395,17.01080000202637
5.187899998418288,0.7379999988188501,0.12340000102994964,9.343500001705252,15.39279999997234
5.133099999511614,0.6655000033788383,0.1522999991721008,8.974899999884656,14.92580000194721
5.26729999910458,0.884999997651903,0.13050000052317046,9.00289999844972,15.285699995729374
5.316599999787286,0.878700000612298,0.1311999985773582,9.122799998294795,15.449299997271737
5.611100001260638,1.068099998519756,0.1357000001007691,9.561400001985021,16.376300001866184
5.969300000288058,0.9088000006158836,0.12970000170753337,9.11919999998645,16.127000002597924
5.267399999866029,0.6966000000829808,0.12989999959245324,9.01729999895906,15.111199998500524
5.786599998828024,0.9127000012085773,0.13209999815444462,9.154600000329083,15.985999998520128
5.249300000286894,0.9662999982538167,0.13559999933931977,10.53680000040913,16.88799999828916
5.03000000026077,0.8907000010367483,0.13580000086221844,9.1772999985551,15.233800000714837
5.473299999721348,0.5751999997301027,0.07929999992484227,9.009299999888754,15.137099999265047
5.671700000675628,1.000299998850096,0.13279999984661117,9.115599998040125,15.92039999741246
5.234599997493206,1.0400999999546912,0.1339999980700668,9.297799999330891,15.706499994848855
5.388499997934559,0.9817999998631421,0.134599999000784,9.560400001646485,16.06529999844497
7.976600001711631,0.9605999985069502,0.13179999950807542,9.88849999703234,18.957499996758997
5.6205000000773,1.159799998276867,0.1754000004439149,10.274000000208616,17.229699999006698
5.9701999998651445,0.9785000002011657,0.0881000014487654,9.499599997070618,16.536399998585694
6.398100002115825,0.9535999997751787,0.13040000339969993,9.5835000029183,17.065600008209003
5.823299998155562,0.8950000010372605,0.1348999976471532,9.045499999047024,15.898699995887
5.361700001230929,0.9867999979178421,0.15189999976428226,9.022900001582457,15.52330000049551
5.173499997908948,0.7501000000047497,0.12570000035339035,9.430099999008235,15.479399997275323
3.7152000004425645,0.5960000016784761,0.07959999857121147,5.026099999668077,9.416900000360329
5.141799996636109,0.7612999979755841,0.14690000170958228,9.057500003109453,15.107499999430729
5.655299999489216,0.9491999990132172,0.13609999950858764,9.074900000996422,15.815499999007443
3.983800001151394,0.5923999997321516,0.07990000085555948,5.128200002218364,9.784300003957469
5.0359000015305355,0.9640999996918254,0.130899999930989,9.293700000853278,15.424600002006628
5.4045000033511315,0.996900002064649,0.14070000179344788,8.883800001058262,15.42590000826749
5.713800001103664,0.994199999695411,0.1360000023851171,9.492500001215376,16.336500004399568
5.40030000047409,0.8955000012065284,0.12769999739248306,9.131900002103066,15.555400001176167
5.007499999919673,0.7036999995762017,0.12710000009974465,9.130500002356712,14.968800001952332
5.469399999128655,0.7346000020334031,0.13939999917056412,9.918499999912456,16.261900000245078
5.592299999989336,1.157700000476325,0.13839999883202836,11.126499997772044,18.014899997069733
5.687099997885525,0.9958999980881345,0.1404999966325704,9.145099997112993,15.968599989719223
5.0461999999242835,0.7370999992417637,0.12700000297627412,9.118899997702101,15.029199999844423
5.225799999607261,0.6118000019341707,0.08059999890974723,9.85949999812874,15.77769999857992
6.618900002649752,0.9094000015466008,0.13100000069243833,11.483799997222377,19.14310000211117
5.461000000650529,0.9054999973159283,0.15630000052624382,9.735299998283153,16.258099996775854
6.0035999995307066,1.1008000001311302,0.13140000010025688,9.70719999895664,16.942999998718733
5.9689000008802395,1.1398999995435588,0.13749999925494194,12.58609999786131,19.83239999754005
5.732199999329168,2.909499999077525,0.16569999934290536,11.140899998281384,19.948299996030983
6.708900000376161,1.093299997592112,0.1373999984934926,10.097200000018347,18.036799996480113
5.161400000361027,0.7976999986567535,0.1277999981539324,8.973200001491932,15.060099998663645
5.43420000030892,0.8707999986654613,0.08860000161803328,8.834699998260476,15.22829999885289
5.334899997251341,0.8680000028107315,0.12739999874611385,9.74109999879147,16.071399997599656
5.032399996707682,0.7837000011932105,0.12250000145286322,8.847299999615643,14.785899998969398
5.271499998343643,0.7826000000932254,0.12599999899975955,9.213999997882638,15.394099995319266
5.062700001872145,0.5939000002399553,0.08019999950192869,9.119800000917166,14.856600002531195
5.331000000296626,0.9205999995174352,0.13020000187680125,9.453999999095686,15.835800000786548
5.956499997409992,0.9576999982527923,0.1360000023851171,9.172099998977501,16.222299997025402
3.8227999975788407,0.7979000001796521,0.14740000187885016,8.979199999885168,13.747299999522511
5.278000000544125,0.8825999975670129,0.12830000196117908,9.28330000169808,15.572200001770398
5.897699997149175,0.7538999998359941,0.12439999773050658,9.259899998141918,16.035899992857594
5.449500000395346,0.7888000000093598,0.1509000030637253,8.93770000038785,15.32690000385628
6.000600002153078,0.8984999985841569,0.15910000001895241,9.577799999533454,16.63600000028964
5.403400002251146,0.8968999973149039,0.12910000077681616,9.084400000574533,15.5138000009174
5.608700001175748,0.8395000004384201,0.12879999849246815,9.183300000586314,15.76030000069295
5.718799999158364,0.903299998753937,0.13499999840860255,9.489600000961218,16.24669999728212
5.941500003245892,1.1014000010618474,0.13889999900129624,9.376000001793727,16.557800005102763
5.117799999425188,0.7026000021141954,0.12629999764612876,9.27370000135852,15.220400000544032
5.419000000983942,0.8740000012039673,0.1281000004382804,9.467799998674309,15.888900001300499
5.498099999385886,0.9350000000267755,0.15300000086426735,9.809699997276766,16.395799997553695
6.307399999059271,1.1864999978570268,0.1520000005257316,9.372599997732323,17.018499995174352
5.475400001159869,0.9988999991037417,0.1359999987471383,9.038899999723071,15.64919999873382
5.475200003274949,0.5917000016779639,0.08660000094096176,9.650600000895793,15.804100006789668
5.191000000195345,0.7784000008541625,0.1340000017080456,9.191199998895172,15.294600001652725
5.507400001079077,0.9394000007887371,0.14689999807160348,9.661899999628076,16.255599999567494
5.204000000958331,0.8794999994279351,0.19890000112354755,9.606700001313584,15.889100002823398
5.732099998567719,1.066799999534851,0.1579000017954968,9.759500000654953,16.71630000055302
5.571799996687332,0.8793000015430152,0.12480000077630393,9.256299999833573,15.832199998840224
5.20689999757451,0.5834000003233086,0.07959999857121147,8.71960000222316,14.58949999869219
5.658599999151193,1.0616999970807228,0.14310000187833793,9.8591000023589,16.722500000469154
5.365799999708543,0.5707999989681412,0.09340000178781338,9.544200001982972,15.57420000244747
5.253300001641037,0.7086000005074311,0.12399999832268804,9.43840000036289,15.524300000834046
5.46550000217394,0.7908999978099018,0.12769999739248306,8.910099997592624,15.294199994968949
5.569100001594052,0.9651000000303611,0.13530000069295056,8.975000000646105,15.644500002963468
5.450900000141701,0.5773000011686236,0.08569999772589654,9.598699998605298,15.712599997641519
5.5558000021846965,0.9645999998610932,0.13729999773204327,9.302499998739222,15.960199998517055
5.639099999825703,0.9220000029017683,0.2609000002848916,9.245600002032006,16.06760000504437
5.36169999759295,0.9815000012167729,0.1320000010309741,9.278499997890322,15.753699997731019
5.8156999984930735,0.9895000002870802,0.13559999933931977,9.500899999693502,16.441699997812975
5.324800000380492,0.5698000022675842,0.07869999899412505,9.320100001787068,15.29340000342927
5.526400000235299,0.9106000034080353,0.13000000035390258,9.127000001171837,15.694000005169073
5.457600000227103,0.8658000006107613,0.12910000077681616,8.880199999111937,15.332700000726618
4.919599999993807,0.5665999997290783,0.07999999797903001,9.198100000503473,14.764299998205388
6.121299997175811,0.952299997152295,0.13310000213095918,9.432999999262393,16.639699995721458
5.694600000424543,0.9410000020579901,0.13469999976223335,9.366799997224007,16.137099999468774
6.170599997858517,0.9857999975793064,0.13649999891640618,9.11160000032396,16.40449999467819
5.5269000004045665,1.0040000015578698,0.16770000001997687,9.441599999263417,16.14020000124583
5.205900000873953,0.634899999568006,0.08399999933317304,9.836400000494905,15.761200000270037
6.113899999036221,0.5815000004076865,0.08019999950192869,9.006500000396045,15.782099999341881
5.661299997882452,0.6173999972816091,0.08689999958733097,9.00309999997262,15.368699994724011
5.409199999121483,0.9999000030802563,0.13269999908516183,9.074400000827154,15.616200002114056
5.493900000146823,0.9323000012955163,0.1297999988310039,9.011000001919456,15.567000002192799
5.291199999192031,0.7286000000021886,0.1235999989148695,9.932800003298325,16.076200001407415
5.417399999714689,0.5940999981248751,0.0808000004326459,9.069899999303743,15.162199997575954
5.417600001237588,1.001399999950081,0.1331999992544297,9.261299997888273,15.813499998330371
5.317899998772191,0.7102999989001546,0.1274999995075632,8.793100001639687,14.948799998819595
5.754100002377527,1.007200000458397,0.14229999942472205,9.364099998492748,16.267700000753393
5.426799998531351,0.9434999992663506,0.12989999959245324,8.94230000267271,15.442500000062864
4.984199997124961,0.7235999983095098,0.12679999781539664,9.135699998296332,14.970299991546199
5.3556999991997145,0.7064000019454397,0.12720000086119398,9.202899997035274,15.392199999041623
5.5843999980425,0.9161999987554736,0.13269999908516183,9.278900000936119,15.912199996819254
5.561399997532135,0.8968000001914334,0.13010000111535192,10.119200000190176,16.707499999029096
5.464000001666136,1.0624999995343387,0.14039999950909987,9.86919999922975,16.536099999939324
5.397499997343402,0.8856999993440695,0.12879999849246815,9.820199997193413,16.232199992373353
5.158100000699051,0.71840000236989,0.1263999984075781,9.088400001928676,15.091300003405195
5.381300001317868,1.0060999993584119,0.1357000001007691,9.552700001222547,16.075800001999596
5.3805999996257015,0.9255000004486647,0.13069999840809032,9.206400001858128,15.643200000340585
4.940700000588549,0.5722999994759448,0.10069999916595407,9.28090000161319,14.894600000843639
5.358000002161134,0.8916000006138347,0.12739999874611385,9.356300000945339,15.733300002466422
5.699999997887062,0.9581000012985896,0.15449999773409218,8.997499997349223,15.810099994268967
5.743699999584351,0.7284000021172687,0.1247000000148546,9.751499997946667,16.34829999966314
5.493799999385374,1.0432000017317478,0.1522999991721008,9.747700001753401,16.437000002042623
5.2777999990212265,0.724500001524575,0.12659999993047677,9.287100001529325,15.416000002005603
5.646300000080373,0.887399997736793,0.1297999988310039,9.155600000667619,15.819099997315789
5.580699998972705,0.9577000018907711,0.16109999705804512,9.296399999584537,15.995899997506058
5.514399999810848,1.1406999983591959,0.14110000120126642,9.357999999338062,16.154199998709373
5.166999999346444,0.945200001297053,0.1405000002705492,9.294300001783995,15.547000002698041
5.508099999133265,0.8846000018820632,0.12829999832320027,9.104799999477109,15.625799998815637
5.367700003262144,0.9000999998534098,0.13179999950807542,9.254999997210689,15.654599999834318
5.853799997566966,0.9897999989334494,0.13560000297729857,9.505000001809094,16.48420000128681
5.419099998107413,0.9375999979965854,0.13810000018565916,9.412200000951998,15.906999997241655
5.364999997254927,0.9157999993476551,0.13020000187680125,9.085800000320887,15.49679999880027
5.696500000340166,0.9323999984189868,0.1350999991700519,9.166100000584265,15.93009999851347
5.682499999238644,0.9229000024788547,0.13159999798517674,8.997499997349223,15.734499997051898
5.39779999962775,0.932999999349704,0.13070000204606913,9.26899999831221,15.730499999335734
5.703399998310488,0.9449999997741543,0.13179999950807542,8.990000002086163,15.77019999967888
5.266000000119675,0.7672000028833281,0.20120000044698827,9.433800001716008,15.668200005166
5.554100000153994,0.8831999984977301,0.1432999997632578,9.465399998589419,16.0459999970044
5.612999997538282,1.0223999997833744,0.134599999000784,10.07220000246889,16.84219999879133
5.394599997089244,0.8775999995123129,0.14229999942472205,8.979199999885168,15.393699995911447
5.32059999750345,0.8773000008659437,0.12849999984609894,8.962399999290938,15.28879999750643
5.482200002006721,0.6169999978737906,0.09199999840348028,8.840200000122422,15.031399998406414
5.718999997043284,0.9424999989278149,0.13179999950807542,8.948100003181025,15.7413999986602
5.645400000503287,0.9094000015466008,0.13029999900027178,9.244000000762753,15.929100001812913
5.31780000164872,0.920300000871066,0.14210000153980218,9.090000003197929,15.470200007257517
5.500999999640044,0.915000000532018,0.14620000001741573,9.03900000048452,15.601200000673998
5.541299997275928,0.9432000006199814,0.13079999916953966,9.392199997819262,16.00749999488471
5.357000001822598,0.7389000020339154,0.1412999990861863,9.617600000638049,15.854800003580749
5.287899999530055,0.7141000023693778,0.12350000179139897,9.781299999303883,15.906800002994714
5.476399997860426,0.7088000020303298,0.1325999983237125,9.215599999151891,15.53339999736636
6.564200000866549,1.1106999991170596,0.19070000053034164,9.31480000144802,17.18040000196197
5.721800000173971,0.9601999990991317,0.13169999874662608,9.145599997282261,15.95929999530199
5.305200000293553,0.9567999986757059,0.1354000014543999,9.134500000072876,15.531900000496535
5.583199999819044,0.9734000013850164,0.1554000009491574,9.3488000020443,16.060800004197517
5.319500000041444,0.8932999990065582,0.12929999866173603,8.977500001492444,15.319599999202183
5.413099999714177,0.9300000019720756,0.13129999933880754,9.350799999083392,15.825200000108453
5.417999997007428,0.9792000018933322,0.13219999891589396,10.451599999214523,16.980999997031176
5.561099998885766,0.8991000031528529,0.13079999916953966,9.071899999980815,15.662900001188973
4.98900000093272,0.7446999989042524,0.13279999984661117,9.221000000252388,15.087499999935972
5.775099998572841,1.119799999287352,0.13700000272365287,9.715199998026947,16.747099998610793
5.64690000101109,0.7652000022062566,0.13360000230022706,9.170799999992596,15.71650000551017
5.187900002056267,0.7069999992381781,0.1320000010309741,8.94250000055763,14.969400002883049
5.27689999944414,0.9027999985846691,0.13079999916953966,8.991599999717437,15.302099996915786
5.159899999853224,0.5984000017633662,0.08099999831756577,9.105199998884927,14.944499998819083
5.105699998239288,0.7528999994974583,0.13500000204658136,9.287300003052223,15.280900002835551
5.074800003058044,0.7029000007605646,0.1281000004382804,9.712600000057137,15.618400004314026
5.859199998667464,0.9596999989298638,0.1329000006080605,9.749699998792494,16.70149999699788
5.99530000181403,0.9294999981648289,0.13930000204709359,9.719599998788908,16.78370000081486
5.62510000236216,0.675200000841869,0.08520000119460747,9.515499998087762,15.901000002486398
5.064399996626889,0.6102999977883883,0.08040000102482736,8.815799999865703,14.570899995305808
5.738799998653121,0.7111000013537705,0.11349999840604141,9.197899998980574,15.761299997393508
5.886499999178341,1.0162999969907105,0.1460999992559664,9.691900002508191,16.74079999793321
5.566200001339894,0.9760000029928051,0.13039999976172112,8.938899998611305,15.611500002705725
5.2654000028269365,0.8983999978227075,0.13159999798517674,8.959700000559678,15.255099999194499
5.490899999131216,1.073999999789521,0.12540000170702115,10.791200002131518,17.481500002759276
5.167199997231364,0.7141999994928483,0.12889999925391749,9.026199997606454,15.036499993584584
5.875500002730405,1.0082000007969327,0.1339999980700668,9.289999998145504,16.30769999974291
5.503399999724934,0.7691999999224208,0.1315000008617062,9.290799996961141,15.694899997470202
5.151599998498568,0.7216999983938877,0.12789999891538173,9.001999998872634,15.003199994680472
5.2676999985123985,0.6291999998211395,0.09160000263364054,8.925900001486298,14.914400002453476
5.329700001311721,1.0282000002916902,0.13380000018514693,9.033099999214755,15.524800001003314
4.9140000010083895,0.7182000008469913,0.12269999933778308,8.88469999699737,14.639599998190533
5.243399999017129,0.7666999990760814,0.12599999899975955,8.890199998859316,15.026299995952286
5.490200001077028,0.9724000010464806,0.13039999976172112,9.466300001804484,16.059300003689714
5.423700000392273,3.857100000459468,1.3598999976238701,14.743399999133544,25.384099997609155
5.477200000314042,0.9023999991768505,0.1370999998471234,9.072599998035002,15.589299997373018
5.583000001934124,1.0333000027458183,0.13700000272365287,9.193099998810794,15.94640000621439
5.514100001164479,0.927699999010656,0.13250000120024197,9.381699997902615,15.955999999277992
5.526500000996748,0.8733000031497795,0.14059999739401974,9.20849999965867,15.748900001199218
4.952200000843732,0.7072999978845473,0.08380000144825317,8.795300000201678,14.53860000037821
5.744599999161437,0.9522000000288244,0.14290000035543926,9.049299998878269,15.88899999842397
5.160400000022491,0.6108999987191055,0.08879999950295314,9.559500002069399,15.419600000313949
5.4918999994697515,0.875000001542503,0.12960000094608404,10.07699999900069,16.57350000095903
5.736200000683311,0.9156999985862058,0.13379999654716812,9.713600000395672,16.499299996212358
5.6358000001637265,0.6022000015946105,0.1269999993382953,8.943000000726897,15.30800000182353
5.771000000095228,0.9246999979950488,0.1334000007773284,9.595100000296952,16.424199999164557
5.127200001879828,0.5840999983774964,0.07950000144774094,9.166100000584265,14.95690000228933
6.274900002608774,0.9678999995230697,0.14070000179344788,10.334499998862157,17.71800000278745
5.181300002732314,0.7643000026291702,0.12450000212993473,9.252500000002328,15.322600007493747
5.706500000087544,0.9374000001116656,0.1315000008617062,9.050200002093334,15.82560000315425
5.126200001541292,0.7098999994923361,0.1295000001846347,7.075999998050975,13.041599999269238
5.809099999169121,0.9307000000262633,0.1325999983237125,9.378800001286436,16.251199998805532
5.357499998353887,0.9257999990950339,0.1297999988310039,9.030099998199148,15.443199994479073
3.7176000005274545,0.5498999998962972,0.07829999958630651,5.447399998956826,9.793199998966884
5.242299997917144,0.7838000019546598,0.1253000009455718,8.99329999811016,15.144699998927535
5.511299998033792,0.9033999995153863,0.13699999908567406,8.925000001909211,15.476699998544063
5.369900001824135,0.8922999986680225,0.13390000094659626,9.15299999905983,15.549100000498584
5.447100000310456,0.8839000001898967,0.1278000017919112,9.062299999641255,15.521100001933519
5.3250000019033905,0.7884000006015413,0.1269999993382953,9.672700001829071,15.913100003672298
5.294599999615457,0.7215000005089678,0.12630000128410757,9.159200002613943,15.301600004022475
6.612699999095639,0.9874000024865381,0.14689999807160348,11.20200000150362,18.9490000011574
5.243300001893658,0.7530000002589077,0.13969999781693332,10.44499999989057,16.58099999986007
5.429500000900589,0.9070999985851813,0.13199999739299528,9.327499999926658,15.796099996805424
5.931700001383433,0.8981999999377877,0.1297999988310039,9.462199999688892,16.421899999841116
5.720199998904718,0.9153999999398366,0.13419999959296547,9.267499997804407,16.037299996241927
5.8629000013752375,0.9653000015532598,0.13129999933880754,9.459900000365451,16.419400002632756
5.548199998884229,0.7373000007646624,0.13760000001639128,9.582900001987582,16.006000001652865
5.577399999310728,0.9031000008690171,0.13350000153877772,9.438199998839991,16.052200000558514
5.334599998604972,0.778499997977633,0.12559999959194101,9.176199997455114,15.41489999362966
6.091700000979472,1.057600002241088,0.1412999990861863,9.599199998774566,16.889800001081312
5.916300000535557,1.193500000226777,0.21159999960218556,9.12400000015623,16.44540000052075
5.311600001732586,1.1154999992868397,0.2550000026531052,9.470699998928467,16.152800002600998
5.219099999521859,0.8810999970592093,0.12710000009974465,9.087900001759408,15.315199998440221
5.446899998787558,0.9319000018876977,0.1421999986632727,9.696599998278543,16.21759999761707
5.389899997680914,0.9108000012929551,0.1337000030616764,9.434600000531645,15.86900000256719
6.368499998643529,0.9901000012177974,0.13390000094659626,9.188600000925362,16.681100001733284
5.590599997958634,0.9989000027417205,0.13419999959296547,9.217499999067513,15.941199999360833
5.313900001056027,0.8858999972289894,0.12820000119972974,11.007000000972766,17.335000000457512
5.387299999711104,1.0070999996969476,0.1315000008617062,9.196000002702931,15.721900002972689
5.283599999529542,0.744100001611514,0.12620000052265823,9.610599998268299,15.764499999932013
6.096499997511273,0.9347000013804063,0.13490000128513202,9.350200001790654,16.516300001967466
5.162199999176664,0.8882000001904089,0.12829999832320027,8.866500000294764,15.045199997985037
5.5578999999852385,0.8992000002763234,0.12930000229971483,9.149500001512934,15.73590000407421
5.457400002342183,0.923500003409572,0.13070000204606913,9.090700001252117,15.60230000904994
5.519999998796266,0.9127999983320478,0.1343000003544148,9.181199999147793,15.748299996630521
5.076600002212217,0.7120999980543274,0.1233000002685003,8.992600000055972,14.904600000591017
5.48749999870779,0.9355000001960434,0.13380000018514693,10.102100000949576,16.658900000038557
6.092899999202928,0.9946999998646788,0.13559999933931977,10.328100001061102,17.55129999946803
5.39310000021942,0.9226000001945067,0.1334000007773284,9.101100000407314,15.550200001598569
6.007899999531219,0.9637999974074773,0.134599999000784,9.28829999975278,16.39459999569226
5.379599999287166,0.938299999688752,0.13469999976223335,9.315800001786556,15.768400000524707
5.427500000223517,0.7255000018631108,0.12479999713832512,8.971700000984129,15.249500000209082
5.280199999106117,0.901699997484684,0.1325999983237125,9.103500000492204,15.417999995406717
5.335800000466406,1.0021999987657182,0.15859999984968454,8.943900000303984,15.440499999385793
4.96249999923748,0.7185000031313393,0.13039999976172112,9.772099998372141,15.583500000502681
5.266499996650964,1.0005999974964652,0.1460999992559664,10.856900000362657,17.270099993766053
5.649700000503799,0.9104999990086071,0.13000000035390258,9.361300002638018,16.051500002504326
6.181199998536613,1.0173999980906956,0.1322999996773433,8.942700002080528,16.27359999838518
6.129899997176835,1.1341999997966923,0.15440000061062165,10.17639999918174,17.59489999676589
5.095000000437722,0.9185000017168932,0.1391000005241949,10.069299998576753,16.221900001255563
5.033200002799276,0.5796999976155348,0.07960000220919028,9.040499997354345,14.732999999978347
5.361700001230929,0.7086999976309016,0.15899999925750308,8.877600001142127,15.106999999261461
5.483199998707278,1.0091999974974897,0.13160000162315555,9.018299999297597,15.64229999712552
5.350699997507036,0.9390999985043891,0.1281000004382804,9.078400002181297,15.496299998631002
5.468400002428098,0.7977999994182028,0.13469999976223335,10.05040000018198,16.451300001790514
5.510300001333235,0.917900000786176,0.1286999977310188,9.01009999870439,15.56699999855482
5.70490000245627,0.9331000001111533,0.13389999730861746,10.244499997497769,17.01639999737381
5.314499998348765,1.0206000006292015,0.20370000129332766,9.47470000028261,16.013500000553904
5.348899998352863,0.9289000008720905,0.13419999959296547,9.208299998135772,15.62029999695369
5.7553000006009825,0.7222000022011343,0.12310000238358043,8.940899999288376,15.541500004474074
5.679500001861015,0.9004000021377578,0.13019999823882245,8.944500001234701,15.654600003472297
5.387500001234002,0.9757000007084571,0.13160000162315555,8.932000000640983,15.426800004206598
4.940200000419281,0.698499999998603,0.12269999933778308,9.77700000294135,15.538400002697017
6.298399999650428,3.0440000009548385,0.3720999993674923,9.373799999593757,19.088299999566516
5.503800002770731,0.9200999993481673,0.13210000179242343,9.393700001965044,15.949700005876366
5.889399999432499,0.9451999976590741,0.15179999900283292,9.465600000112318,16.451999996206723
5.665900000167312,0.7693000006838702,0.13930000204709359,9.090200001082849,15.664700003981125
5.616900001768954,0.9706999990157783,0.14759999976377003,9.030100001837127,15.76530000238563
5.317200000718003,0.9957000002032146,0.13380000018514693,9.130600003118161,15.577300004224526
5.436399998870911,0.9159000001091044,0.13039999976172112,9.235800000169547,15.718499998911284
6.400899997970555,1.0982999992847908,0.13659999967785552,9.567899996909546,17.203699993842747
5.528300000150921,0.9576999982527923,0.14869999722577631,9.645999998610932,16.280699994240422
5.361999999877298,0.9407999968971126,0.13349999790079892,8.97610000174609,15.4123999964213
5.15619999714545,0.738499998988118,0.13649999891640618,11.032300000806572,17.063499995856546
5.3442999997059815,0.9824999979173299,0.13810000018565916,9.189599997625919,15.65449999543489
5.62290000016219,0.919000001886161,0.1441000022168737,10.35770000089542,17.043700005160645
5.475900001329137,0.9351000007882249,0.09130000034929253,9.707900000648806,16.21020000311546
6.088900001486763,0.9086999998544343,0.13039999976172112,9.059799998794915,16.187799999897834
5.381999999372056,0.7998000000952743,0.12409999908413738,9.695100001408719,16.000999999960186
5.390100002841791,0.8864000010362361,0.1534000002720859,10.234600002149818,16.66450000629993
5.5877999984659255,0.9291000023949891,0.1367999975627754,9.90569999703439,16.55939999545808
5.279500001051929,0.7326000013563316,0.1247000000148546,9.599400000297464,15.73620000272058
5.541099999391008,0.9519000013824552,0.1315000008617062,9.878100001515122,16.50260000315029
5.855600000359118,1.0771999986900482,0.1322999996773433,9.33420000001206,16.39929999873857
5.2561000011337455,0.5803999993077014,0.08689999958733097,8.863700000802055,14.787100000830833
5.268200002319645,0.9344999998575076,0.1593000015418511,9.248200000001816,15.61020000372082
5.22580000324524,0.9159000001091044,0.1311999985773582,9.405000000697328,15.67790000262903
5.348399998183595,0.8960000013757963,0.13070000204606913,8.994800002255943,15.369900003861403
5.5334999997285195,0.898300000699237,0.1283999990846496,10.381500000221422,16.941699999733828
5.713099999411497,1.0102000014740042,0.1374000021314714,9.357300001283875,16.218000004300848
5.324400000972673,0.7356999994954094,0.12710000009974465,9.401499999512453,15.58870000008028
6.306399998720735,1.10099999801605,0.13469999976223335,9.436400003323797,16.978499999822816
5.647300000418909,0.9805999980017077,0.1694999991741497,9.127100001933286,15.924499999528052
5.372999999963213,0.7848999994166661,0.12969999806955457,9.429000001546228,15.716599998995662
5.316499999025837,0.9238000020559411,0.13530000069295056,9.480400000029476,15.856000001804205
5.422800000815187,0.8846999990055338,0.1483999985794071,9.093200002098456,15.549100000498584
5.476099999214057,0.7285000028787181,0.12400000196066685,9.345499998744344,15.674100002797786
5.864400001883041,1.0122999992745463,0.16039999900385737,10.353300000133459,17.390400000294903
5.565999999816995,0.894299999345094,0.13179999950807542,9.359400002722396,15.95150000139256
5.4519000004802365,1.0566000019025523,0.20249999943189323,9.911000001011416,16.6220000028261
5.372000003262656,1.0820999996212777,0.15150000035646372,9.091299998544855,15.696900001785252
5.763200002547819,0.9637000002840068,0.13330000001587905,9.143799998128088,16.004000000975793
5.483599998115096,0.9367999991809484,0.14319999900180846,9.674299999460345,16.237899995758198
5.378699999710079,1.0781000019051135,0.14729999747942202,8.947800000896677,15.551899999991292
5.344900000636699,0.9339999996882398,0.1295000001846347,9.016599997266894,15.424999997776467
5.256399999780115,0.745099998312071,0.12570000035339035,9.964600001694635,16.09180000014021
5.5615999990550335,0.9891000008792616,0.14709999959450215,9.523599997919519,16.221399997448316
5.488800001330674,0.900700000784127,0.13499999840860255,9.097599999222439,15.622099999745842
5.202899999858346,0.7079999995767139,0.13299999773153104,8.915400001569651,14.959299998736242
5.065500001364853,0.9605000013834797,0.13799999942420982,9.22329999957583,15.387300001748372
5.159600001206854,0.7874000002630055,0.12620000052265823,9.130399997957284,15.203599999949802
5.222100000537466,1.0756999981822446,0.13620000027003698,9.294899999076733,15.728899998066481
5.552200000238372,0.9261000013793819,0.1295000001846347,9.47950000045239,16.08730000225478
5.1591000010375865,0.5891000000701752,0.08069999967119657,10.223799999948824,16.052700000727782
6.1797999987902585,0.7898000003478955,0.12929999866173603,9.74800000039977,16.84689999819966
6.410099998902297,1.0789000007207505,0.14350000128615648,9.322400001110509,16.954900002019713
5.4205999986152165,0.9562000013829675,0.14240000018617138,9.209699997882126,15.728899998066481
6.4868999979807995,1.0093000018969178,0.1536999989184551,8.61579999764217,16.265699996438343
5.398000001150649,0.9417999972356483,0.1627000019652769,9.06349999786471,15.565999998216284
5.5021999978634994,0.9609000007912982,0.13080000280751847,9.008699998958036,15.602600000420352
5.352600001060637,0.9446999974898063,0.1540000012028031,9.309199998824624,15.76049999857787
5.453099998703692,0.9070999985851813,0.14570000348612666,9.18430000092485,15.69020000169985
4.973999999492662,0.727099999494385,0.12569999671541154,9.080899999389658,14.907699995092116
5.730299999413546,0.9300999990955461,0.13269999908516183,9.665399997174973,16.458499994769227
5.5424999991373625,0.9774999998626299,0.13949999993201345,9.569800000463147,16.229299999395153
5.956199998763623,0.954999999521533,0.14879999798722565,9.291800000937656,16.351799997210037
5.7280000000901055,0.9171999990940094,0.13140000010025688,9.05350000175531,15.830100001039682
5.605700000160141,0.9238999991794117,0.12960000094608404,8.994799998617964,15.6539999989036
5.1534999984141905,0.6022000015946105,0.08140000136336312,8.970900002168491,14.808000003540656
5.026100003306055,0.7050000021990854,0.15319999874918722,9.20599999881233,15.090300003066659
5.0086000010196585,0.5951999992248602,0.08140000136336312,8.923299999878509,14.60850000148639
5.378299996664282,0.8411999988311436,0.12679999781539664,8.911100001569139,15.257399994879961
5.013999998482177,0.5584999998973217,0.07729999924777076,9.61279999683029,15.26259999445756
5.357400001230417,0.9878000018943567,0.1367999975627754,9.853100000327686,16.335100001015235
5.722300000343239,0.9322000005340669,0.13179999950807542,9.838500001933426,16.624800002318807
5.8299999982409645,0.9300000019720756,0.14060000103199854,8.943299999373266,15.843900000618305
5.489799998031231,1.0402000007161405,0.15299999722628854,9.137199998804135,15.820199994777795
5.382499999541324,0.8705000000190921,0.12820000119972974,9.463999998843065,15.84519999960321
5.282100002659718,0.9236000005330425,0.13279999984661117,8.989599999040365,15.328100002079736
6.045300000550924,0.9361999982502311,0.13140000010025688,9.662099997512996,16.774999996414408
5.736499999329681,0.8785999998508487,0.12860000060754828,8.958399997936795,15.702099997724872
5.440500000986503,0.901999999769032,0.13890000263927504,9.097599999222439,15.57900000261725
5.5318999984592665,0.9772999983397312,0.13500000204658136,11.399499999242835,18.043699998088414
6.361800002196105,1.0111000010510907,0.1390999968862161,10.578600002190797,18.09060000232421
8.295600000565173,1.1544000008143485,0.13549999857787043,9.163200000330107,18.7487000002875
5.602000001090346,1.162699998531025,0.14379999993252568,9.582899998349603,16.4913999979035
5.647699999826727,1.0542000018176623,0.13349999790079892,9.114800002862466,15.950200002407655
5.340700001397636,0.9106000034080353,0.13310000213095918,9.063800000149058,15.448200007085688
5.419799999799579,0.8889000018825755,0.1283999990846496,9.206800001265947,15.643900002032751
5.710199999157339,1.004800000373507,0.13649999891640618,9.751199999300297,16.60269999774755
5.227099998592166,0.8873000006133225,0.12860000060754828,9.045499999047024,15.288499998860061
5.783799999335315,0.6381999992299825,0.10090000068885274,9.047800002008444,15.570700001262594
5.551199999899836,0.5650999992212746,0.07959999857121147,8.841599999868777,15.037499997561099
5.382499999541324,0.9367000020574778,0.13499999840860255,9.00539999929606,15.459599999303464
4.979900000762427,0.5634000008285511,0.0791000020399224,9.052100002008956,14.674500005639857
5.63989999864134,0.9433000013814308,0.13070000204606913,9.718600002088351,16.43250000415719
5.645199998980388,0.8951999989221804,0.1621999981580302,10.450400000991067,17.152999997051666
5.566699997871183,1.1253000011492986,0.1453000004403293,9.319500000856351,16.156800000317162
5.411300000560004,0.9801000014704186,0.13500000204658136,11.258599999564467,17.78500000364147
5.388699999457458,0.845300000946736,0.15700000221841037,10.243400000035763,16.634400002658367
6.133899998530978,1.025500001560431,0.1548000000184402,10.330799999792362,17.64499999990221
5.8209999988321215,0.9413999978278298,0.16940000205067918,10.525099998631049,17.45689999734168
6.096000000979984,0.957899999775691,0.13209999815444462,9.964699998818105,17.150699997728225
5.977699998766184,0.9836999997787643,0.1334000007773284,10.10390000010375,17.198699999426026
5.938400001468835,1.0007000018958934,0.1360000023851171,9.31000000127824,16.385100007028086
5.705200001102639,0.9251999981643166,0.12969999806955457,9.449799999856623,16.209899997193133
5.5477999994764104,1.0001999980886467,0.13250000120024197,9.473899997828994,16.154399996594293
6.090599999879487,0.8899000022211112,0.1391000005241949,23.99169999989681,31.111300002521602
7.251700000779238,0.981999997748062,0.1331999992544297,10.644699999829754,19.011599997611484
5.8069999977306,0.9229999996023253,0.13079999916953966,9.00280000132625,15.863599997828715
5.517000001418637,0.6170999986352399,0.08039999738684855,9.081699998205295,15.29619999564602
5.408199998782948,0.811099998827558,0.161899999511661,9.151999998721294,15.53319999584346
5.207700000028126,0.6685000007564668,0.09639999916544184,9.167199998046272,15.139799997996306
5.136899999342859,0.5606999984593131,0.09380000119563192,8.927000002586283,14.718400001584087
5.409500001405831,0.8697999983269256,0.12799999967683107,9.55660000181524,15.963900001224829
8.005200001207413,0.9486999988439493,0.13070000204606913,11.987899997620843,21.072499999718275
5.861400000867434,1.4599000023736153,0.1357000001007691,13.49359999949229,20.950600002834108
5.557299999054521,0.9270000009564683,0.1295000001846347,9.107699999731267,15.721499999926891
5.283800001052441,0.5944000004092231,0.07890000051702373,9.958200000255601,15.91530000223429
5.918300001212629,1.2042999987897929,0.14229999942472205,9.547699999529868,16.812599998957012
5.7230000020354055,0.9157999993476551,0.14659999942523427,9.128900001087459,15.914300001895754
5.3270999997039326,1.1000000013154931,0.1331999992544297,9.202999997796724,15.763299998070579
5.315300000802381,0.8969999980763532,0.12870000136899762,9.33160000204225,15.672600002289983
6.063099997845711,0.9587000022293068,0.1343000003544148,11.643000001640758,18.79910000207019
5.5191999999806285,0.9477000021433923,0.13180000314605422,11.234500001592096,17.83320000686217
5.5036000012478326,0.7265999993251171,0.1253000009455718,9.010600002511637,15.366100004030159
5.649700000503799,1.1875999989570118,0.17980000120587647,10.24659999893629,17.263699999602977
5.745399997977074,1.0916999999608379,0.1444000008632429,9.043500002007931,16.025000000809086
6.2347000020963605,0.9384000004502013,0.12939999942318536,9.252500000002328,16.555000001972076
5.5025000001478475,0.921599999855971,0.15159999747993425,9.03229999676114,15.607999994244892
6.067700000130571,1.0149999980058055,0.1303000026382506,9.005799998703878,16.218799999478506
5.301799999870127,0.9212000004481524,0.13530000069295056,9.6415000007255,15.99980000173673
5.738899999414571,0.9088000006158836,0.13179999950807542,10.43030000073486,17.20980000027339
5.70049999805633,1.0533999993640464,0.1320000010309741,9.249299997463822,16.135199995915173
5.505799999809824,0.8842000024742447,0.13029999900027178,9.237800000846619,15.75810000213096
5.956300003163051,0.9310999994340818,0.1331999992544297,9.203300000081072,16.223900001932634
6.088000001909677,0.9290000016335398,0.1350999991700519,9.739099998114398,16.891200000827666
5.514299999049399,0.7922000004327856,0.08199999865610152,8.928800001740456,15.317299999878742
5.037999999331078,0.6097000004956499,0.08380000144825317,9.450900000956608,15.182400002231589
5.250400001386879,0.5839000004925765,0.08000000161700882,8.958600003097672,14.872900006594136
5.500600000232225,0.9380000010423828,0.13069999840809032,8.927000002586283,15.496300002268981
5.582599998888327,0.9410999991814606,0.13140000010025688,9.432599999854574,16.08769999802462
5.706700001610443,0.8066999980655964,0.12840000272262841,9.120999999140622,15.76280000153929
5.013699999835808,0.6027999988873489,0.0900999984878581,9.638899999117712,15.345499996328726
5.347700000129407,0.9264000000257511,0.13029999900027178,8.953599997767014,15.357999996922445
5.8519999984127935,0.9944000012183096,0.13559999933931977,9.056900002178736,16.03890000114916
5.551399997784756,0.8992999973997939,0.13550000221584924,9.288199998991331,15.87439999639173
5.487200000061421,0.9045000006153714,0.13580000086221844,10.259200000291457,16.786700001830468
5.858800002897624,0.8922000015445519,0.14649999866378494,9.361699998407857,16.25920000151382
7.023100002697902,0.9771000004548114,0.14259999807109125,9.308500000770437,17.45130000199424
7.2795000014593825,0.9802999993553385,0.13729999773204327,10.868800000025658,19.265899998572422
5.558700002438854,1.2381000015011523,0.14420000297832303,9.539099999528844,16.480100006447174
6.278400000155671,0.9002999977383297,0.1374000021314714,9.513900000456488,16.83000000048196
5.0848999999288935,0.5882000004930887,0.08880000314093195,8.915499998693122,14.677400002256036
5.151500001375098,0.8223000004363712,0.13109999781590886,9.086399997613626,15.191299997241003
5.344999997760169,0.7503000015276484,0.12659999993047677,9.043099998962134,15.264999998180429
5.27670000155922,0.8997000004455913,0.12879999849246815,9.285699998144992,15.590899998642271
5.087000001367414,0.574500001675915,0.07819999882485718,9.314099999755854,15.05380000162404
5.608700001175748,0.7979000001796521,0.13919999764766544,9.301599999162136,15.847399998165201
6.497300000773976,1.0032999998657033,0.1379000023007393,9.365699999762,17.00420000270242
5.3979000003892,0.9400999988429248,0.14240000018617138,9.02219999989029,15.502599999308586
5.397899996751221,0.9301000027335249,0.134599999000784,9.329900000011548,15.792499998497078
5.5322000007436145,1.2663999987125862,0.15350000103353523,8.998599998449208,15.950699998938944
5.053300003055483,0.7169999989855569,0.12399999832268804,9.540799997921567,15.435099998285295
5.290200002491474,0.9208000010403339,0.13219999891589396,9.294899999076733,15.638100001524435
5.344900000636699,0.9408000005350914,0.13039999976172112,9.04390000141575,15.460000002349261
5.7459999989077915,0.8559000016248319,0.13100000069243833,9.169400000246242,15.902300001471303
5.858199998328928,0.7774000005156267,0.15999999959603883,9.194300000672229,15.989899999112822
5.522499999642605,0.956299998506438,0.13499999840860255,9.231799998815404,15.84559999537305
5.264099996566074,0.8755000017117709,0.12729999798466451,9.302099999331404,15.568999995593913
5.249299996648915,0.9228000017174054,0.13239999680081382,9.311199999501696,15.61569999466883
5.3360999991127755,0.9145000003627501,0.1340000017080456,8.958400001574773,15.343000002758345
5.09520000196062,0.7055000023683533,0.12260000221431255,9.384500001033302,15.307800007576589
5.546700002014404,0.5755999991379213,0.07919999916339293,9.087099999305792,15.28859999962151
5.223299998760922,0.8134999989124481,0.13559999933931977,9.15050000185147,15.322899998864159
5.405600000813138,1.0025999981735367,0.21040000137872994,9.296100000938168,15.914700001303572
5.448099997011013,1.27029999930528,0.1570999993418809,11.690199997246964,18.565699992905138
5.4176999983610585,0.9450999968976248,0.1337000030616764,9.369200000946876,15.865699999267235
5.107999997562729,0.7131999991543125,0.13690000196220353,9.262300001864787,15.220400000544032
5.573300000833115,0.9193000005325302,0.1396000006934628,9.185499999148306,15.817700001207413
4.985400002624374,0.7227999994938727,0.11470000026747584,8.858699999109376,14.681600001495099
5.586300001596101,0.9365000005345792,0.13240000043879263,9.238200000254437,15.89340000282391
5.340899999282556,0.7261999999172986,0.12539999806904234,8.801699998002732,14.994199995271629
5.254600000625942,0.9663000018917955,0.13449999823933467,9.031099998537684,15.386499999294756
4.91370000236202,0.5681000002368819,0.07850000110920519,9.376399997563567,14.936700001271674
6.053299999621231,0.892699998075841,0.13209999815444462,9.758399999554968,16.836499995406484
5.456200000480749,0.9086999998544343,0.12989999959245324,8.974399999715388,15.469199999643024
5.70510000034119,0.8825000004435424,0.1438999970559962,8.825399996567285,15.556899994408013
5.305700000462821,0.890900002559647,0.13029999900027178,9.107800000492716,15.434700002515456
5.433499998616753,0.9088000006158836,0.13100000069243833,9.047799998370465,15.52109999829554
4.800099999556551,0.7057000002532732,0.12419999984558672,8.813700002065161,14.443700001720572
5.0228000000061,0.6033999998180661,0.07950000144774094,8.941100000811275,14.646800002083182
5.065900000772672,0.5730999982915819,0.07829999958630651,8.757700001297053,14.474999999947613
5.073200001788791,0.711199998477241,0.09089999730349518,8.858799999870826,14.734099997440353
5.54550000015297,1.130399999965448,0.17389999993611127,10.332699999707984,17.182499999762513
5.35909999962314,1.0879000001295935,0.16340000001946464,9.044599999469938,15.654999999242136
5.425600000307895,0.9715000014693942,0.13380000018514693,9.459699998842552,15.990600000804989
5.788300000858726,1.0032999998657033,0.1357000001007691,9.480300002906006,16.407600003731204
5.0188999994134065,0.9355000001960434,0.12710000009974465,8.997199998702854,15.078699998412048
5.39539999954286,0.9102000003622379,0.12910000077681616,9.436799999093637,15.871499999775551
5.452299999888055,0.9318999982497189,0.14179999925545417,9.200399999826914,15.726399997220142
5.1798000022245105,0.576299997192109,0.10290000136592425,8.835199998429744,14.694199999212287
5.292300000292016,0.7358000002568588,0.12960000094608404,9.201900000334717,15.359600001829676
5.6411000005027745,1.0986999986926094,0.1419000000169035,10.889099998166785,17.770799997379072
5.415200001152698,0.72580000050948,0.12559999959194101,9.229400002368493,15.496000003622612
4.960100002790568,0.8320999986608513,0.1419000000169035,8.993799998279428,14.927899999747751
5.581900000834139,1.08380000165198,0.13760000001639128,9.188500000163913,15.991800002666423
3.6344000000099186,0.5711000012524892,0.08160000288626179,7.635099998879014,11.922200003027683
5.202199998166179,0.5911000007472467,0.08619999789516442,8.826900000713067,14.706399997521657
5.357199999707518,0.8780999996815808,0.1283999990846496,9.002099999634083,15.365799998107832
5.3630999973393045,0.8839000001898967,0.12870000136899762,9.037299998453818,15.412999997352017
5.140400000527734,0.6311000033747405,0.08049999814829789,8.946400001150323,14.798400003201095
5.952399998932378,1.049599999532802,0.143599998409627,9.314499999163672,16.46009999603848
5.740000000514556,1.0338000029150862,0.13250000120024197,9.692100000393111,16.598400005022995
5.389199999626726,0.8879999986675102,0.13140000010025688,9.135399999649962,15.543999998044455
5.307100000209175,0.876600002811756,0.12859999696956947,9.123000003455672,15.435300003446173
5.827199998748256,0.9350000000267755,0.15269999857991934,9.013599999889266,15.928499997244217
5.33250000080443,0.9447999982512556,0.13469999976223335,9.599100001651095,16.011100000469014
5.318399998941459,0.9437999979127198,0.14960000044084154,9.137400000327034,15.549199997622054
5.369599999539787,0.9838999976636842,0.12799999967683107,9.10690000091563,15.588399997795932
5.406399999628775,0.7868000029702671,0.12370000331429765,9.21119999838993,15.528100004303269
6.0068000020692125,1.4186000007612165,0.1523000028100796,10.333900001569418,17.911600007209927
5.185899997741217,0.7294000024558045,0.1260999997612089,9.279399997467408,15.320799997425638
5.51160000031814,0.7173999983933754,0.12680000145337544,8.986299999378389,15.34209999954328
5.444000002171379,0.7240999984787777,0.12799999967683107,8.920700001908699,15.216800002235686
5.049399998824811,1.2110999996366445,0.31099999978323467,9.492500001215376,16.063999999460066
5.330399999365909,0.8971999995992519,0.1343000003544148,8.974100001069019,15.336000000388594
5.484099998284364,0.8920000000216532,0.14379999993252568,9.147299999312963,15.667199997551506
5.0319000001763925,0.7124000003386755,0.12290000086068176,8.873099999618717,14.740300000994466
5.109299996547634,0.6496999994851649,0.08019999950192869,10.258199999952922,16.09739999548765
5.972800001472933,0.9309999986726325,0.13180000314605422,9.721200000058161,16.75680000334978
5.450900000141701,0.8968999973149039,0.1283999990846496,9.193199999572244,15.669399996113498
5.564200000662822,0.9152999991783872,0.13029999900027178,8.961100000306033,15.570899999147514
5.367500001739245,0.8907999981602188,0.1295000001846347,9.055099999386584,15.442899999470683
4.9539999999979045,0.7097999987308867,0.12460000289138407,9.497700000792975,15.28610000241315
5.453100002341671,0.9016000003612135,0.1295000001846347,10.206599999946775,16.690800002834294
5.414499999460531,0.9159000001091044,0.1329000006080605,9.552800001983996,16.016100002161693
5.410699999629287,1.001099997665733,0.1379000023007393,9.165600000414997,15.715300000010757
7.413300001644529,0.9781999979168177,0.15020000137155876,10.094400000525638,18.636100001458544
6.053099998098332,1.0294999992765952,0.14089999967836775,9.4409999983327,16.664499995385995
4.9849999995785765,0.5716999985452276,0.08000000161700882,9.178600001177983,14.815300000918796
5.823899999086279,0.905699998838827,0.14349999764817767,9.454200000618584,16.32729999619187
5.386100001487648,0.8868000004440546,0.12929999866173603,8.915299997170223,15.317499997763662
5.32279999970342,0.9180999986710958,0.12929999866173603,9.042900001077214,15.413099998113466
5.253499999525957,0.8815000001050066,0.13349999790079892,9.620500000892207,15.88899999842397
5.086499997560168,0.6287999967753422,0.07980000009411015,9.140199999819743,14.935299994249362
5.61559999914607,0.903600001038285,0.12929999866173603,10.840599999937695,17.489099998783786
6.047899998520734,0.9137000015471131,0.13439999747788534,9.391299998242175,16.487299995787907
5.018100000597769,0.616100001934683,0.12760000026901253,9.318899999925634,15.080700002727099
5.456400002003647,0.9226000001945067,0.13270000272314064,9.103800002776552,15.615500007697847
5.2903000032529235,0.7683999974688049,0.12380000043776818,8.930800002417527,15.113300003577024
5.632200001855381,1.0020000008807983,0.1374000021314714,9.024099999805912,15.795700004673563
5.098700003145495,0.607599999057129,0.08030000026337802,8.970900002168491,14.757500004634494
5.275200001051417,0.8822999989206437,0.12939999942318536,8.902199999283766,15.189099998679012
5.23300000349991,0.7789000010234304,0.12440000136848539,9.155600000667619,15.291900006559445
5.2810000015597325,0.9074000008695293,0.1320000010309741,10.884799998166272,17.20520000162651
5.650200000673067,0.9423999981663655,0.13630000103148632,9.03670000116108,15.765600001031999
5.417399999714689,0.9027000014611986,0.1303000026382506,9.247400001186179,15.697800005000317
5.14399999883608,0.5725000009988435,0.08000000161700882,8.963299998868024,14.759800000319956
5.0062000009347685,0.5856000025232788,0.07999999797903001,5.0639000000956,10.735700001532678
5.303499998262851,0.8779999989201315,0.12720000086119398,9.146199998212978,15.454899996257154
4.939500002365094,0.7017999996605795,0.12369999967631884,9.170699999231147,14.935700000933139
5.237400000623893,0.610499999311287,0.09259999933419749,8.857100001478102,14.79760000074748
5.213600001297891,0.5786000001535285,0.08059999890974723,8.769699998083524,14.642499998444691
5.603699999483069,0.9465000002819579,0.12550000246847048,9.200100001180544,15.875800003414042
5.479600000398932,0.9909000000334345,0.14029999874765053,10.152400001970818,16.763200001150835
5.960900001809932,1.034000000800006,0.13140000010025688,9.241199997632066,16.36750000034226
4.976500000339001,0.5907999984628987,0.14179999925545417,8.93279999945662,14.641899997513974
5.478299997776048,0.8961000021372456,0.12990000323043205,10.096000001794891,16.600300004938617
5.049700001109159,0.558900002943119,0.07949999780976214,8.94479999988107,14.63290000174311
5.104799998662202,0.7513999989896547,0.12589999823831022,8.86030000037863,14.842399996268796
5.305300001055002,0.9035999974003062,0.13190000026952475,9.124399999564048,15.465199998288881
5.536499997106148,0.8764999984123278,0.12880000213044696,9.30549999975483,15.847299997403752
5.812100000184728,1.0694000011426397,0.14759999976377003,13.489000000845408,20.518100001936546
5.496399997355184,0.8779999989201315,0.12939999942318536,9.884800001600524,16.388599997299025
5.289900000207126,0.9150999976554886,0.12760000026901253,9.032499998284038,15.365099996415665
5.553599999984726,0.79100000220933,0.15440000061062165,9.218900002451846,15.717900005256524
5.36649999776273,0.8721999984118156,0.1278000017919112,9.400899998581735,15.767399996548193
5.7280000000901055,0.9191999997710809,0.1314999972237274,9.88599999982398,16.664699996908894
5.401700000220444,0.9246000008715782,0.12929999866173603,9.43829999960144,15.893899999355199
5.2687999996123835,0.6307000003289431,0.08140000136336312,8.850899997923989,14.831799999228679
5.417599997599609,0.8985999993456062,0.1350999991700519,9.689000002254033,16.1402999983693
6.828699999459786,1.559099997393787,0.14620000001741573,9.238900001946604,17.772899998817593
5.7769999984884635,0.8968000001914334,0.12910000077681616,9.514599998510676,16.31749999796739
5.175700000108918,0.6117999982961919,0.09499999941908754,8.834299998852657,14.716799996676855
5.086699999083066,0.800499998149462,0.13029999900027178,8.958800000982592,14.976299997215392
5.156600000191247,0.6020000000717118,0.08579999848734587,9.170199999061879,15.014599997812184
5.117100001371,0.6939000013517216,0.12290000086068176,9.447099997487385,15.381000001070788
5.056499998318031,0.5926000012550503,0.1049999991664663,5.034899997554021,10.788999996293569
4.908200000500074,0.6955999997444451,0.12740000238409266,9.267500001442386,14.998700004070997
5.290799999784213,0.7250000016938429,0.12719999722321518,9.342400000605267,15.485399999306537
4.141400000662543,0.5770999996457249,0.08090000119409524,5.029500000091502,9.828900001593865
5.247699999017641,0.7750000004307367,0.12879999849246815,9.974199998396216,16.12569999633706
5.140900000697002,0.6975999967835378,0.13840000247000717,8.841899998515146,14.818799998465693
5.360899998777313,0.8989000016299542,0.1449999981559813,9.513000000879401,15.91779999944265
5.431199999293312,0.9344999998575076,0.13770000077784061,9.45510000019567,15.958500000124332
5.868399999599205,0.9165999981632922,0.14870000086375512,9.159199998975964,16.092899997602217
5.813100000523264,0.9807999995246064,0.1368000012007542,9.266099998058053,16.196799999306677
5.280900000798283,0.9768999989319127,0.12690000221482478,8.875899999111425,15.260600001056446
5.486000001837965,0.8950000010372605,0.1315000008617062,10.218200000963407,16.73070000470034
5.0429999973857775,0.706200000422541,0.28309999834164046,9.65850000284263,15.690799998992588
5.1538000006985385,0.5638000002363697,0.0794000006862916,9.532399999443442,15.329400001064641
5.551000002014916,0.9194000012939796,0.13179999950807542,9.514900000795024,16.117100003611995
5.5793999999878,0.8937000020523556,0.12910000077681616,9.366600002977066,15.968800005794037
5.193199998757336,0.7177000006777234,0.12409999908413738,9.042800000315765,15.077799998834962
5.627200000162702,0.8842999995977152,0.0870000003487803,8.780099997238722,15.37859999734792
5.373100000724662,1.1259999992034864,0.14539999756379984,9.340799999336014,15.985299996827962
5.238899997493718,0.9248999995179474,0.13359999866224825,9.169299999484792,15.466699995158706
5.270900001050904,0.9095999994315207,0.14169999849400483,9.975299999496201,16.29749999847263
5.282099999021739,0.7306000006792601,0.12539999806904234,9.877199998300057,16.015299996070098
5.4801000005682,0.8874999984982423,0.1334000007773284,9.379700000863522,15.880700000707293
5.145499999343883,0.7336999988183379,0.12589999823831022,9.258799997041933,15.263899993442465
5.591900000581518,0.8904999995138496,0.1283999990846496,9.027600000990788,15.638400000170805
5.617899998469511,0.9601999990991317,0.13609999950858764,9.09490000049118,15.80909999756841
5.441100001917221,0.8965999986685347,0.14939999891794287,9.77240000065649,16.259500000160187
5.393899999035057,0.9308000007877126,0.15419999908772297,9.746100000484148,16.22499999939464
5.379899997933535,0.9277999997721054,0.1416000013705343,9.715500000311295,16.16479999938747
5.6244000006699935,0.9505000016361009,0.1329000006080605,10.284999996656552,16.992799999570707
5.996100000629667,0.9315999996033497,0.13559999933931977,9.657700000389013,16.72099999996135
5.449100000987528,0.8943000029830728,0.13219999891589396,9.501300002739299,15.976900005625794
5.452399997011526,0.9507999966444913,0.13169999874662608,9.141600003204076,15.676499995606719
4.977700002200436,0.7220000006782357,0.12659999993047677,8.854100000462495,14.680400003271643
5.300400000123773,0.872299999173265,0.12939999942318536,9.164500002952991,15.466600001673214
5.368599999201251,0.8925000001909211,0.12929999866173603,9.004200001072604,15.394599999126513
5.3050999995321035,0.8909999996831175,0.12849999984609894,9.56399999995483,15.88859999901615
5.20669999968959,0.8641999993415084,0.12760000026901253,9.358399998745881,15.556899998045992
5.607399998552864,0.931700000364799,0.1325999983237125,9.105400000407826,15.777099997649202
5.90580000061891,0.9871000002021901,0.1357000001007691,9.109599999646889,16.13820000056876
5.527600002096733,0.9778000021469779,0.14869999722577631,9.109099999477621,15.763200000947108
5.258599998342106,0.7733999991614837,0.12829999832320027,9.180299999570707,15.340599995397497
6.08029999784776,0.972999998339219,0.13050000052317046,9.01729999895906,16.20109999566921
5.406899999798043,0.8875999992596917,0.12900000001536682,9.099300001253141,15.522800000326242
5.26729999910458,0.9057000024768058,0.1325999983237125,9.28109999949811,15.586699999403208
5.362500000046566,0.9030000001075678,0.13140000010025688,9.076000002096407,15.472900002350798
5.043699999077944,0.7315000002563465,0.130899999930989,10.008600002038293,15.914700001303572
5.686900000000605,0.7369000013568439,0.12490000153775327,9.345400001620874,15.894100004516076
5.787900001450907,0.9366000012960285,0.1323000033153221,9.00040000124136,15.857200007303618
5.758900002547307,0.9384999975736719,0.13110000145388767,9.230600000591949,16.059100002166815
5.40019999971264,0.8890999997674953,0.13069999840809032,9.060100001079263,15.48009999896749
5.3529999968304764,0.829399999929592,0.12799999967683107,9.043400001246482,15.353799997683382
5.344999997760169,0.9295000018028077,0.13020000187680125,8.923800000047777,15.328500001487555
5.058800001279451,0.5557000004046131,0.0802000031399075,9.175800001685275,14.870500006509246
5.151499997737119,0.5713999998988584,0.07820000246283598,8.76599999901373,14.567099999112543
5.334800000127871,1.2601999987964518,0.17890000162879005,9.497399998508627,16.27129999906174
5.513699998118682,0.8726999985810835,0.12889999925391749,10.326700001314748,16.84199999726843
5.688099998224061,0.908599999092985,0.13079999916953966,9.025600000313716,15.753099996800302
4.998300002625911,0.7172000005084556,0.12380000043776818,9.239299997716444,15.078600001288578
5.540399997698842,0.8519000002706889,0.13639999815495685,8.991999999125255,15.520699995249743
5.4183000029297546,0.7064999990689103,0.12440000136848539,8.933599998272257,15.182800001639407
5.156500003067777,0.8075000005192123,0.13000000035390258,9.212900000420632,15.306900004361523
5.4599000031885225,1.0298999986844137,0.17999999909079634,9.135000000242144,15.804800001205876
4.920499999570893,0.8239999988290947,0.1247000000148546,8.929499999794643,14.798699998209486
5.496000001585344,0.9336000002804212,0.1396000006934628,9.251400002540322,15.82060000509955
5.756599999585887,0.9376999987580348,0.14739999824087135,9.660399999120273,16.502099995705066
6.931500000064261,0.7919999989098869,0.12929999866173603,9.799399998883018,17.652199996518902
5.099599999084603,0.5831000016769394,0.0794000006862916,8.84530000257655,14.607400004024385
3.5863999983121175,0.8483999990858138,0.13559999933931977,9.58600000012666,14.156399996863911
5.50920000023325,0.8718999997654464,0.12829999832320027,8.880400000634836,15.389799998956732
5.0669000011112075,0.6242999988899101,0.07990000085555948,8.943000000726897,14.714100001583574
5.22399999681511,0.6209999992279336,0.07929999992484227,8.885499999450985,14.80979999541887
5.461799999466166,0.8904999995138496,0.1286999977310188,8.926400001655566,15.4073999983666
5.434499998955289,0.9974000022339169,0.1295000001846347,8.963599997514393,15.524999998888234
5.035800000769086,0.6117999982961919,0.08600000001024455,9.380799998325529,15.114399997401051
5.495100002008257,0.9156999985862058,0.13660000331583433,9.796999998798128,16.344400002708426
5.441000001155771,0.8825999975670129,0.1599000024725683,8.892699999705656,15.376200000901008
5.57190000108676,0.9144000032392796,0.1297999988310039,9.618000000045868,16.23410000320291
5.635199999233009,1.0231999985990115,0.1370999998471234,9.303599999839207,16.09909999751835
5.965799999103183,0.8888000011211261,0.1295000001846347,8.967400000983616,15.95150000139256
5.652899999404326,0.9269999973184895,0.13449999823933467,9.266100001696032,15.980499996658182
5.508399997779634,1.5310000017052516,0.16839999807416461,10.504900001251372,17.71269999881042
5.530400001589442,0.9968999984266702,0.143599998409627,9.052900000824593,15.723799999250332
5.612600001768442,0.794399998994777,0.08429999797954224,8.950200000981567,15.441499999724329
5.645300003379816,0.9169000004476402,0.1292000015382655,8.933799999795156,15.625200005160877
5.2680000007967465,0.6300999993982259,0.14039999950909987,9.166600000753533,15.205100000457605
5.320000000210712,0.9140000001934823,0.13609999950858764,8.973200001491932,15.343300001404714
6.257199998799479,0.940699999773642,0.130599997646641,9.178299998893635,16.506799995113397
5.863700000190875,0.965900002483977,0.15890000213403255,9.918499999912456,16.90700000472134
5.998900000122376,0.9755999999470077,0.134599999000784,9.018799999466864,16.127899998537032
5.518499998288462,1.3861000006727409,0.16959999993559904,11.20930000251974,18.28350000141654
5.272999998851446,1.1850999981106725,0.14680000094813295,9.550999999191845,16.155899997102097
5.08839999747579,0.7545000007667113,0.1263999984075781,9.007100001326762,14.976399997976841
5.602799999905983,0.9331000001111533,0.13109999781590886,9.262299998226808,15.929299996059854
5.07139999899664,0.5754999983764719,0.07980000009411015,8.917600000131642,14.644299997598864
5.481000000145286,0.882700001966441,0.1311999985773582,10.567399996944005,17.06229999763309
5.165499998838641,0.716800001100637,0.12409999908413738,8.924800000386313,14.931199999409728
5.304499998601386,0.8508999999321532,0.12939999942318536,9.065000002010493,15.349799999967217
5.086000001028879,0.592199998209253,0.09670000144978985,8.842399998684414,14.617299999372335
5.0809999993362,0.7044000012683682,0.1281000004382804,9.27159999992,15.185100000962848
5.393899999035057,0.9451000005356036,0.13440000111586414,9.022599999298109,15.495999999984633
5.9448000029078685,1.0053000005427748,0.13470000340021215,9.7697999990487,16.854600005899556
5.189399998926092,0.8868000004440546,0.1289000028918963,9.271099999750732,15.476200002012774
5.324600002495572,0.9011000001919456,0.12880000213044696,9.015200001158519,15.369700005976483
5.751099997723941,0.614199998381082,0.08320000051753595,8.96669999929145,15.415199995914008
5.697099997632904,0.9838000005402137,0.13310000213095918,8.961499999713851,15.775500000017928
5.283300000883173,0.8847000026435126,0.14319999900180846,8.922600001824321,15.233800004352815
4.978999997547362,0.5581000004895031,0.07790000017848797,8.992099999886705,14.607099998102058
5.740299999160925,0.9066999991773628,0.12989999959245324,9.793100001843413,16.569999999774154
5.402999999205349,0.901999999769032,0.12900000001536682,9.28120000025956,15.715199999249307
6.519300000945805,1.1277999983576592,0.13780000153928995,9.847699999227189,17.632600000069942
5.405099997005891,0.8054999998421408,0.13129999933880754,8.882599999196827,15.224499995383667
5.398400000558468,0.9209000018017832,0.14379999993252568,8.960600000136765,15.423700002429541
5.303900001308648,1.0890000012295786,0.13770000077784061,9.067700000741752,15.598300004057819
4.965200001606718,0.7202000015240628,0.13770000077784061,9.24730000042473,15.07040000433335
5.557499996939441,0.8828999998513609,0.13220000255387276,9.387000001879642,15.959600001224317
5.102800001623109,0.731100000848528,0.12769999739248306,9.393599997565616,15.355199997429736
5.572800000663847,0.9635999995225575,0.23099999816622585,9.306399999331916,16.073799997684546
5.8156999984930735,0.9419000016350765,0.13620000027003698,9.18660000024829,16.080400000646478
5.6083999988914,0.9635999995225575,0.13670000043930486,9.359299998322967,16.06799999717623
5.012400000850903,0.5684999996447004,0.0794000006862916,8.942600001319079,14.602900002500974
5.731599998398451,0.9299000012106262,0.13620000027003698,8.998200002679368,15.795900002558483
4.991199999494711,0.5678000015905127,0.07889999687904492,9.710099999210797,15.347999997175066
5.6068999983835965,0.8895999999367632,0.12739999874611385,9.37530000010156,15.999199997168034
5.759399999078596,0.7365000019490253,0.12350000179139897,8.865600000717677,15.485000003536697
5.31300000147894,0.8803999990050215,0.1320000010309741,9.096100002352614,15.42150000386755
5.587299998296658,0.9548999987600837,0.12900000001536682,9.570299996994436,16.241499994066544
5.401200000051176,0.8786999969743192,0.12910000077681616,9.548800000629853,15.957799998432165
5.909999999857973,1.0327000018151011,0.13690000196220353,9.124499996687518,16.204100000322796
5.4816000010760035,0.7041999997454695,0.1320000010309741,8.904099999199389,15.221900001051836
5.050400002801325,0.7313999994948972,0.12819999756175093,9.074600002350053,14.984600002208026
5.287799998768605,0.7497000005969312,0.13499999840860255,8.89140000072075,15.06389999849489
5.413400001998525,0.6137999989732634,0.08429999797954224,5.079399998066947,11.190899997018278
4.907899998215726,0.5600999975285958,0.09219999992637895,9.021899997605942,14.582099993276643
5.532899998797802,0.7277000004251022,0.12650000280700624,9.158400000160327,15.545500002190238
5.256700002064463,0.6429000022762921,0.09080000018002465,8.755499999097083,14.745900003617862
4.957099998136982,0.7557000026281457,0.14480000027106144,9.281599999667378,15.139200000703568
5.558799999562325,1.026300000376068,0.13269999908516183,9.301399997639237,16.019199996662792
5.593300000327872,0.9059000003617257,0.14369999917107634,9.52030000189552,16.163200001756195
5.51400000040303,0.9002000006148592,0.1315000008617062,9.095199999137549,15.640900001017144
4.971599999407772,0.6772999986424111,0.08370000068680383,9.042400000907946,14.774999999644933
5.230700000538491,0.7135999985621311,0.12649999916902743,8.798200000455836,14.868999998725485
4.9083999983849935,0.7001999983913265,0.12689999857684597,8.903300000383751,14.638799995736917
5.582300000241958,0.9848000008787494,0.1343000003544148,9.321399997133994,16.022799998609116
5.668000001605833,0.952599999436643,0.13469999976223335,9.260799997719005,16.016099998523714
5.287099997076439,0.8835000007820781,0.13079999916953966,9.67310000123689,15.974499998264946
5.536599997867597,0.733500000933418,0.12349999815342017,9.446000000025379,15.839599996979814
5.8480999978201,0.638900000922149,0.08579999848734587,8.911799999623327,15.484599996852921
5.072899999504443,0.894600001629442,0.14449999798671342,9.022899997944478,15.134899997065077
6.094399999710731,0.9220000029017683,0.14089999967836775,9.872900001937523,17.03020000422839
5.728600001020823,0.9154999970633071,0.13590000162366778,9.384700002556201,16.164700002264
4.847999996854924,0.6385000015143305,0.0807999967946671,9.201799999573268,14.76909999473719
5.0878000001830515,0.562600002012914,0.07829999958630651,9.597799999028211,15.326500000810483
5.89380000019446,0.9012999980768654,0.12860000060754828,9.464599999773782,16.388299998652656
6.537699999171309,0.9621999997762032,0.13299999773153104,9.253000000171596,16.88589999685064
5.462200002511963,0.9165000010398217,0.13069999840809032,8.985399999801302,15.494800001761178
5.288000000291504,0.8874000013747718,0.1281000004382804,9.095699999306817,15.399200001411373
5.717600000934908,0.8802999982435722,0.12970000170753337,9.941299998899922,16.668899999785936
5.862199999683071,0.7275000025401823,0.12419999984558672,9.125699998548953,15.839600000617793
5.273599999782164,0.724199999240227,0.12689999857684597,9.565000000293367,15.689699997892603
5.379800000810064,1.016500002151588,0.13530000069295056,9.168400003545685,15.700000007200288
6.475000001955777,1.0142999999516178,0.13870000111637637,10.010300000431016,17.638300003454788
6.040300002496224,0.9152999991783872,0.13140000010025688,10.449299999891082,17.53630000166595
5.433199999970384,0.7179999993240926,0.1274999995075632,9.52589999724296,15.804599996044999
5.531599999812897,0.9127999983320478,0.13109999781590886,9.589400000550086,16.16489999651094
5.441799999971408,0.7093999993230682,0.12309999874560162,8.667300000524847,14.941599998564925
5.105500000354368,0.7055999994918238,0.12439999773050658,9.04620000073919,14.98169999831589
5.776300000434276,0.9332999979960732,0.12989999959245324,8.965299999545095,15.804799997567898
5.331700001988793,0.9247999987564981,0.14399999781744555,9.620500000892207,16.020999999454943
5.17279999985476,0.7015000010142103,0.1233000002685003,9.170699999231147,15.168300000368617
5.7463000011921395,0.9688999998616055,0.1359999987471383,9.554199998092372,16.405399997893255
5.531400001927977,1.0337000021536369,0.13580000086221844,8.9836999977706,15.684600002714433
5.42940000013914,0.97989999994752,0.13129999933880754,9.425199998077005,15.965799997502472
5.401800000981893,0.9401999996043742,0.12820000119972974,9.16960000176914,15.639800003555138
5.56950000100187,0.8931999982451089,0.1322999996773433,9.539700000459561,16.134699999383884
5.989000001136446,0.8922000015445519,0.13780000153928995,9.274500000174157,16.293500004394446
5.071699997643009,0.875000001542503,0.14939999891794287,9.773399997357046,15.869499995460501
5.573599999479484,0.916299999516923,0.13100000069243833,9.403000000020256,16.0238999997091
5.982800001220312,0.9213000012096018,0.13000000035390258,10.93369999944116,17.967800002224976
5.031199998484226,0.8253000014519785,0.12630000128410757,9.104099997784942,15.086899999005254
5.4233000009844545,0.9431999969820026,0.14029999874765053,9.221100001013838,15.727899997727945
5.261499998596264,0.9655999965616502,0.14279999959398992,9.167000000161352,15.536899994913256
5.450500000733882,0.9174999977403786,0.14390000069397502,9.05849999981001,15.570399998978246
4.849900000408525,0.5667000004905276,0.07930000356282108,8.686500001203967,14.18240000566584
5.473700002767146,0.7439000000886153,0.12439999773050658,9.369300001708325,15.711300002294593
5.076499997812789,0.592500000493601,0.08209999941755086,9.191900000587339,14.94299999831128
6.170099997689249,0.7041999997454695,0.12010000136797316,8.840300000883872,15.834699999686563
5.265799998596776,0.7435999978042673,0.13670000043930486,10.689800001273397,16.835899998113746
5.350999999791384,0.9580999976606108,0.13449999823933467,9.073799999896437,15.517399995587766
5.716499999834923,0.983900001301663,0.13269999908516183,9.396599998581223,16.22969999880297
4.896899998129811,0.5707000018446706,0.0794000006862916,8.99550000031013,14.542500000970904
5.515400000149384,0.9744000017235521,0.14599999849451706,9.171100002276944,15.806900002644397
5.829300000186777,0.9748999982548412,0.130899999930989,8.935699999710778,15.870799998083385
5.607300001429394,0.6941000028746203,0.12269999933778308,9.114899999985937,15.539000003627734
4.850799999985611,0.5858000004081987,0.07879999975557439,9.145200001512421,14.660600001661805
5.334299999958603,1.0710999995353632,0.13689999832422473,9.180599998217076,15.722899996035267
5.911000000196509,0.9625000020605512,0.22899999748915434,9.25460000144085,16.357100001187064
5.413299997599097,0.8921000007831026,0.1278000017919112,9.267900000850204,15.701100001024315
5.967000000964617,1.1517999992065597,0.13969999781693332,10.01910000195494,17.27759999994305
5.301899996993598,0.7798000006005168,0.1331999992544297,9.032300000399118,15.247199997247662
4.919900002278155,0.6647999980486929,0.0926000029721763,8.945699999458157,14.62300000275718
5.207800000789575,0.610800001595635,0.08039999738684855,9.401399998751003,15.300399998523062
5.298200001561781,0.9649000021454412,0.1354000014543999,9.13109999964945,15.529600004811073
5.365799999708543,0.9239000028173905,0.1351000028080307,9.033000002091285,15.457800007425249
5.2207999979145825,0.6310999997367617,0.09559999671182595,8.8261999990209,14.77369999338407
5.7850000011967495,0.9646999969845638,0.1322999996773433,9.095900000829715,15.977899998688372
5.017099996621255,0.7108999998308718,0.12520000018412247,8.89420000021346,14.747399996849708
5.70049999805633,0.7894999980635475,0.1315000008617062,9.983799998735776,16.60529999571736
5.558299999393057,0.9083000004466157,0.1295000001846347,9.037600000738166,15.633700000762474
5.750600001192652,0.8949000002758112,0.12930000229971483,9.625300001061987,16.400100004830165
5.439399999886518,0.6135000003268942,0.08620000153314322,9.13570000193431,15.274800003680866
5.159200001799036,0.8171000008587725,0.12720000086119398,8.79019999774755,14.893700001266552
5.549299999984214,0.9041000012075529,0.13620000027003698,9.309900000516791,15.899500001978595
5.099300000438234,0.7369000013568439,0.12290000086068176,9.041000001161592,15.000100003817352
5.623699998977827,0.9449999997741543,0.1511999980721157,9.089499999390682,15.809399996214779
5.404299998190254,0.9184999980789144,0.12889999925391749,9.88350000261562,16.335199998138705
5.624699999316363,0.934600000618957,0.143599998409627,9.609699998691212,16.31259999703616
6.530900001962436,1.0001999980886467,0.13699999908567406,9.444100000109756,17.112199999246513
5.3952000016579404,1.0261999996146187,0.13670000043930486,9.01009999870439,15.568200000416255
5.3430000007210765,0.9880999969027471,0.14400000145542435,9.313700000348035,15.788799999427283
5.4442000000562984,0.8816999979899265,0.1292000015382655,9.380899999086978,15.835999998671468
4.881900000327732,0.692899997375207,0.13309999849298038,9.023599999636644,14.731499995832564
5.336499998520594,0.8842999995977152,0.1311999985773582,9.020999998028856,15.372999994724523
5.462100001750514,0.9195999991788995,0.14990000272518955,9.579500001564156,16.11110000521876
5.503199998202035,1.0125999979209155,0.13450000187731348,9.000099998957012,15.650399996957276
5.9302000008756295,0.997899998765206,0.14100000043981709,10.615700000926154,17.684800001006806
6.110599999374244,0.9700999980850611,0.21969999943394214,8.974500000476837,16.274899997370085
5.05189999967115,0.7007999993220437,0.12630000128410757,8.892500001820736,14.771500002098037
5.364900000131456,0.9052999994310085,0.24710000070626847,9.628100000554696,16.14540000082343
5.453399997350061,0.9205999995174352,0.13920000128564425,9.15309999982128,15.66629999797442
5.0771999995049555,0.6095999997342005,0.09220000356435776,9.201699998811819,14.980700001615332
5.1974999987578485,0.7086000005074311,0.12459999925340526,9.738600001583109,15.769300000101794
5.79009999637492,1.0684999979275744,0.22470000112662092,9.137000000919215,16.22029999634833
6.0880999990331475,0.9209999989252537,0.130599997646641,9.062000000994885,16.201699996599928
5.7194999972125515,1.0091000003740191,0.1374000021314714,10.011699996539392,16.877699996257434
6.2250999981188215,0.9930000014719553,0.14419999934034422,9.360100000776583,16.722399999707704
5.367899997509085,0.7918000010249671,0.1303000026382506,8.847999997669831,15.137999998842133
5.401099999289727,0.766100001783343,0.1260999997612089,9.105400000407826,15.398700001242105
5.477300001075491,0.9711000020615757,0.13129999933880754,9.224299999914365,15.80400000239024
5.39779999962775,0.9609000007912982,0.13669999680132605,9.035899998707464,15.531299995927839
5.183700002817204,0.8847999997669831,0.1283999990846496,9.170299999823328,15.367200001492165
5.293799997161841,0.8846999990055338,0.12860000060754828,9.164499999315012,15.471599996089935
5.190599997149548,0.5755000020144507,0.08110000271699391,8.795699999609496,14.642900001490489
5.874099999346072,0.9780000000318978,0.17279999883612618,9.137599998211954,16.16249999642605
5.553800001507625,0.9669999999459833,0.1315000008617062,9.020700003020465,15.67300000533578
5.236500001046807,0.9217000006174203,0.13169999874662608,6.816699999035336,13.106599999446189
5.154999998921994,0.73079999856418,0.127500003145542,9.040699998877244,15.05399999950896
5.266599997412413,0.9621000026527327,0.1295000001846347,9.333900001365691,15.692100001615472
5.651100000250153,0.9189999982481822,0.1472000003559515,9.975600001780549,16.692900000634836
5.116100001032464,0.709400002961047,0.12290000086068176,10.92889999927138,16.877300004125573
5.798499998491025,0.9128999990934972,0.12909999713883735,9.303700000600656,16.144199995324016
5.2370000012160745,0.7336999988183379,0.14649999866378494,9.049799999047536,15.166999997745734
5.547200002183672,0.9884000028250739,0.1370999998471234,9.085900001082337,15.758600005938206
5.439799999294337,0.9703000032459386,0.13110000145388767,9.136799999396317,15.67800000339048
5.280000001221197,0.9701000017230399,0.12929999866173603,8.989800000563264,15.369200002169237
5.302999998093583,0.8047999981499743,0.12939999942318536,9.00530000217259,15.242499997839332
5.026399998314446,0.716800001100637,0.12369999967631884,8.936800000810763,14.803699999902165
5.684499999915715,0.8958000034908764,0.14560000272467732,9.620900000300026,16.346800006431295
5.974100000457838,0.9279999976570252,0.13129999933880754,11.117999998532468,18.15139999598614
5.781500000011874,0.9205000023939647,0.12970000170753337,9.222999997291481,16.054700001404854
5.132099999173079,0.7292999980563764,0.1249999986612238,10.020199999416946,16.006599995307624
5.678499997884501,1.0660000007192139,0.18139999883715063,10.26560000173049,17.191499999171356
5.514699998457218,0.9258999998564832,0.12960000094608404,9.416100001544692,15.986300000804476
6.0101999988546595,1.0755000002973247,0.1526000014564488,9.187899999233196,16.42619999984163
5.59399999838206,1.083000002836343,0.13869999747839756,9.354899997561006,16.170599996257806
5.462400000396883,1.2089999981981236,0.14740000187885016,9.12130000142497,15.940100001898827
5.609499999991385,0.9319000018876977,0.1311999985773582,9.367599999677623,16.040200000134064
5.706899999495363,0.9449999997741543,0.1508999994257465,9.37049999993178,16.173299998627044
4.995500003133202,0.6180999989737757,0.08069999967119657,9.460500001296168,15.154800003074342
5.253300001641037,0.581899999815505,0.07979999645613134,9.256299999833573,15.171299997746246
5.636500001855893,1.2758000011672266,0.14029999874765053,9.27380000211997,16.32640000389074
4.99850000051083,0.6726000028720591,0.14139999984763563,9.468000000197208,15.280500003427733
5.130400000780355,0.7067000005918089,0.12440000136848539,8.76810000045225,14.7296000031929
6.064900000637863,0.910999999177875,0.1326000019616913,9.449000001040986,16.557500002818415
5.582999998296145,1.222099999722559,0.15890000213403255,8.923400000639958,15.887400000792695
4.954600000928622,0.6142000020190608,0.07929999992484227,9.964699998818105,15.61280000169063
5.262200000288431,0.9172000027319882,0.1283999990846496,8.927099999709753,15.234900001814822
5.114800002047559,0.646799999231007,0.12760000026901253,9.589400000550086,15.478600002097664
6.036499999027001,1.2215999995532911,0.13930000204709359,10.19330000053742,17.590700001164805
5.19930000155,0.724500001524575,0.14100000043981709,9.797099999559578,15.86190000307397
6.096700002672151,0.9814000004553236,0.14589999773306772,9.863999999652151,17.088000000512693
5.073200001788791,0.7101999981387053,0.12319999950705096,8.98619999861694,14.892799998051487
5.5793999999878,0.9995000000344589,0.1545999984955415,9.203400000842521,15.936899999360321
5.456099999719299,0.9395000015501864,0.08449999950244091,8.813500000542263,15.29360000131419
5.3899000013188925,0.9092000000237022,0.12819999756175093,10.746500000095693,17.17379999900004
5.33029999860446,0.892699998075841,0.12870000136899762,9.073500001250068,15.425199999299366
5.009100001188926,0.7106000011845026,0.12319999950705096,9.406000001035864,15.248900002916344
5.7797000008577015,0.9868000015558209,0.1396000006934628,9.48219999918365,16.388300002290634
5.3006000016466714,0.9234000026481226,0.13079999916953966,9.000800000649178,15.355600004113512
5.4841999990458135,0.7337000024563167,0.1258000011148397,9.04169999921578,15.38540000183275
5.665200002113124,0.7971999984874856,0.08890000026440248,9.071700002095895,15.623000002960907
5.398999997851206,1.2257000016688835,0.13970000145491213,9.529899998597102,16.294299999572104
5.264100000204053,0.9440000030735973,0.1339999980700668,9.252300002117408,15.594400003465125
5.240200000116602,0.7640999974682927,0.1247000000148546,11.587500001041917,17.716499998641666
5.082299998321105,0.7083000018610619,0.23699999655946158,8.951100000558654,14.978699997300282
5.338400002074195,0.9833000003709458,0.13760000001639128,9.118299996771384,15.577599999232916
4.946400000335416,0.6979999998293351,0.1260999997612089,9.319400000094902,15.089900000020862
5.689499997970415,0.9576999982527923,0.1359999987471383,9.450199999264441,16.233399994234787
5.322199998772703,0.6628999981330708,0.08159999924828298,9.32699999975739,15.393699995911447
6.199499999638647,0.9391999992658384,0.13099999705445953,8.893700000044191,16.163399996003136
5.2170999988447875,0.9577999990142416,0.13249999756226316,8.989099998871097,15.29649999429239
4.988299999240553,0.589900002523791,0.07950000144774094,8.988099998532562,14.645800001744647
5.481000000145286,0.929600002564257,0.134599999000784,9.959299997717608,16.504499999427935
5.255399999441579,0.9358000024803914,0.13269999908516183,9.129900001425995,15.453800002433127
5.53579999905196,0.9521000029053539,0.14690000170958228,9.52089999918826,16.155700002855156
11.676000001898501,1.1088999999628868,0.14549999832524918,16.620300000795396,29.550700000982033
5.512100000487408,0.9979000024031848,0.13840000247000717,8.989199999632547,15.637600004993146
5.507599998963997,0.9700999980850611,0.13789999866276048,9.376800000609364,15.992399996321183
5.428199998277705,1.1234000012336764,0.1388000018778257,9.314599999925122,16.00500000131433
5.39530000241939,0.9453999991819728,0.1297999988310039,9.030300003360026,15.500800003792392
5.307100000209175,0.9131000006163958,0.13190000026952475,11.30399999965448,17.656100000749575
5.438399999547983,0.9910000007948838,0.13310000213095918,9.019400000397582,15.581900002871407
5.401500002335524,0.8827999990899116,0.1235999989148695,9.026699997775722,15.434599998116028
4.90650000210735,0.7148000004235655,0.12729999798466451,10.338100000808481,16.08670000132406
5.236799999693176,0.75470000228961,0.14630000077886507,10.197100000368664,16.334900003130315
5.614999998215353,0.6460000004153699,0.08090000119409524,9.632799999963026,15.974699999787845
5.498700000316603,0.8262000010290649,0.13659999967785552,9.029799999552779,15.491300000576302
5.290099998092046,1.003999997919891,0.13829999807057902,9.117900001001544,15.55029999508406
5.360400002246024,1.6011000006983522,0.18500000078347512,9.446200001548277,16.59270000527613
5.159699998330325,0.6594000005861744,0.0810999990790151,9.174099999654572,15.074299997650087
5.5917999998200685,0.9577999990142416,0.13969999781693332,9.061400000064168,15.750699996715412
5.089800000860123,0.5950999984634109,0.07999999797903001,9.218999999575317,14.98389999687788
5.791399998997804,0.7728000018687453,0.09080000018002465,8.806499998172512,15.461499999219086
5.573300000833115,1.0177000003750436,0.139899999339832,9.106499997869832,15.837399998417823
5.492500000400469,1.0418000019853935,0.14210000153980218,9.227200000168523,15.903600004094187
5.599799998890376,0.9151000012934674,0.13069999840809032,9.724499999720138,16.37009999831207
5.365099998016376,0.8981999999377877,0.13209999815444462,9.196999999403488,15.592399995512096
5.3140999989409465,0.7918000010249671,0.08040000102482736,9.125199998379685,15.311499999370426
5.674200001521967,0.9404000011272728,0.16369999866583385,10.442900002090028,17.2212000034051
5.334099998435704,0.9391999992658384,0.13359999866224825,9.130799997365102,15.537699993728893
5.684499999915715,0.6289999982982408,0.08179999713320285,8.90609999987646,15.301399995223619
5.987299999105744,1.0039000007964205,0.14309999824035913,9.309900000516791,16.444199998659315
6.20849999904749,0.8924000030674506,0.1379000023007393,9.197399998811306,16.436200003226986
5.074199998489348,0.9667999984230846,0.12989999959245324,9.238600003300235,15.40949999980512
5.423900001915172,0.8980999991763383,0.12989999959245324,9.2134000005899,15.665300001273863
5.34709999919869,0.9716000022308435,0.08479999814881012,9.122699997533346,15.52619999711169
5.916300000535557,0.9315999996033497,0.1329000006080605,9.08269999854383,16.063499999290798
5.241399998340057,0.882399999682093,0.14009999722475186,9.126900000410387,15.39079999565729
5.781800002296222,0.956600000790786,0.13840000247000717,10.282499999448191,17.159300005005207
5.65669999923557,0.9222000007866882,0.13039999976172112,9.400500002811896,16.109800002595875
5.380500002502231,1.0041000023193192,0.13050000052317046,9.280600002966821,15.795700008311542
5.687099997885525,0.8037999978114385,0.1419000000169035,9.119300000747899,15.752099996461766
5.467599999974482,0.7718999986536801,0.1264000020455569,9.625099999539088,15.991000000212807
5.401999998866813,0.9988000019802712,0.13720000060857274,9.032399997522589,15.570399998978246
5.409499997767853,0.9333999987575226,0.225499999942258,8.955499997682637,15.52389999415027
5.3929000023345,1.0005000003729947,0.14109999756328762,9.517599999526283,16.052099999797065
5.075799999758601,0.7149999983084854,0.12520000018412247,10.556699999142438,16.472699997393647
5.538400000659749,0.9264999971492216,0.13419999959296547,8.96660000216798,15.565699999569915
5.537799999729032,0.9074999979929999,0.13000000035390258,9.397099998750491,15.972399996826425
5.618399998638779,1.001100001303712,0.13179999950807542,9.237199999915902,15.988499999366468
5.432900001324015,1.0322000016458333,0.1565000020491425,9.692899999208748,16.31450000422774
5.424099999800092,0.9372999993502162,0.13480000052368268,9.014200000819983,15.510400000493973
5.32530000054976,0.5999000022711698,0.0841999972180929,9.092700001929188,15.10210000196821
6.306700001005083,0.7623999990755692,0.1647000026423484,8.90600000275299,16.13980000547599
5.033900000853464,0.745099998312071,0.08019999950192869,8.912799999961862,14.771999998629326
5.06630000018049,0.7466999995813239,0.13760000001639128,9.46990000011283,15.420499999891035
5.254700001387391,0.6990000001678709,0.12900000001536682,9.766700000909623,15.849400002480252
5.037999999331078,0.7406000004266389,0.12520000018412247,9.07309999820427,14.97689999814611
5.695600000763079,0.9537000005366281,0.13050000052317046,10.12300000002142,16.902800001844298
5.602399996860186,0.9864000021480024,0.13480000052368268,9.875100000499515,16.598700000031386
5.566200001339894,0.8921999979065731,0.12910000077681616,9.373699998832308,15.96119999885559
5.339600000297651,0.9003000013763085,0.12909999713883735,9.240399998816429,15.609399997629225
5.77049999992596,0.816399999166606,0.13480000052368268,9.190400000079535,15.912099999695783
5.416800002421951,0.9878999990178272,0.13500000204658136,8.836499997414649,15.376200000901008
5.192000000533881,1.0187000007135794,0.16080000204965472,9.690399998362409,16.061900001659524
5.4106000025058165,0.9533000011288095,0.13969999781693332,9.499499999947147,16.003100001398707
5.498599999555154,0.9136000007856637,0.12989999959245324,9.018199998536147,15.560299998469418
5.291199999192031,0.8477999981550965,0.12819999756175093,9.364899997308385,15.632099992217263
5.440599998109974,0.9814999975787941,0.221800000872463,9.162199999991572,15.806099996552803
5.117100001371,0.8077999991655815,0.12760000026901253,9.668500002590008,15.721000003395602
5.452699999295874,0.5922000018472318,0.08069999967119657,9.052800000063144,15.178400000877446
5.5477999994764104,0.8922000015445519,0.12849999984609894,8.985600001324201,15.554100002191262
5.6721000000834465,0.911300001462223,0.13169999874662608,8.926799997425405,15.641899997717701
5.2883999996993225,0.9673999993538018,0.1306000012846198,10.082799999509007,16.46919999984675
5.532700000912882,0.8980999991763383,0.12900000001536682,9.12619999871822,15.685999998822808
5.49210000099265,0.9900000004563481,0.13270000272314064,9.568599998601712,16.18340000277385
5.1244000023871195,0.7890000015322585,0.1315000008617062,8.942899999965448,14.987800004746532
5.502200001501478,0.9563999992678873,0.13530000069295056,9.04889999947045,15.642800000932766
5.632299998978851,0.9661000003688969,0.13519999993150122,10.238200000458164,16.971799999737414
5.750200001784833,0.9698999965621624,0.13069999840809032,9.303499999077758,16.154299995832844
5.660799997713184,1.0359000007156283,0.134299996716436,9.013399998366367,15.844399993511615
5.381400002079317,0.7345999983954243,0.12419999984558672,9.203099998558173,15.443299998878501
5.579799999395618,1.2650999997276813,0.1360000023851171,12.084800000593532,19.06570000210195
5.3442999997059815,0.9608000000298489,0.13490000128513202,9.243600001354935,15.683600002375897
5.42670000140788,0.9160999979940243,0.12789999891538173,9.98780000008992,16.458499998407206
5.476500002259854,1.0938999985228293,0.15780000103404745,8.945900000981055,15.674100002797786
5.1432000000204425,0.7084000026225112,0.12969999806955457,9.325700000772486,15.307000001484994
5.461900000227615,0.9936999995261431,0.14430000010179356,9.599199998774566,16.199099998630118
5.538600002182648,0.9838000005402137,0.1336999994236976,9.192999998049345,15.849100000195904
5.605199999990873,0.9510000018053688,0.14900000314810313,9.013999999297084,15.71920000424143
5.410200003097998,0.9309999986726325,0.1297999988310039,9.985900000174297,16.45690000077593
5.194199999095872,0.6117999982961919,0.08030000026337802,8.885600000212435,14.771899997867877
5.5477999994764104,0.7354000008490402,0.14409999857889488,8.922799999709241,15.350099998613587
5.4225000021688174,1.1116999994555954,0.13299999773153104,9.141999998973915,15.80919999832986
10.13030000103754,1.2137999983679038,0.6126000007498078,10.624000002280809,22.58070000243606
5.506900000909809,0.9344999998575076,0.12889999925391749,9.281999999075197,15.85229999909643
5.557399999815971,1.0060999993584119,0.13269999908516183,9.455799998249859,16.151999996509403
5.439500000647968,0.7772999997541774,0.12830000196117908,8.962100000644568,15.307200003007893
5.657500001689186,1.0179999990214128,0.15219999841065146,9.095199999137549,15.9228999982588
5.809099999169121,0.9572000017215032,0.13070000204606913,9.78680000116583,16.683800004102523
6.153499998617917,0.9678999995230697,0.1315000008617062,9.085400000913069,16.338299999915762
5.198599999857834,0.9747000003699213,0.20069999663974158,8.804000000964152,15.177999997831648
5.302000001393026,0.9314999988419004,0.14399999781744555,9.833199997956399,16.21069999600877
5.8136000006925315,0.934600000618957,0.46469999870168976,9.029900000314228,16.242800000327406
5.081600000266917,0.6388000001606997,0.07969999933266081,9.209499999997206,15.009599999757484
6.383300002198666,0.9595000010449439,0.13249999756226316,9.2664000003424,16.741700001148274
5.402400001912611,0.9505000016361009,0.13419999959296547,9.209199997712858,15.696300000854535
5.347400001483038,0.9690000006230548,0.1278000017919112,8.888099997420795,15.3323000013188
6.291999998211395,1.119799999287352,0.13179999950807542,9.253299998817965,16.796899995824788
5.374799999117386,0.9384999975736719,0.13029999900027178,9.200100001180544,15.643699996871874
5.354599998099729,0.8941999985836446,0.1281000004382804,8.937299997342052,15.314199994463706
5.459100000734907,0.9294000010413583,0.1337000030616764,9.285599997383542,15.807800002221484
5.380200000217883,0.7655999979760963,0.12540000170702115,9.306500000093365,15.577699999994365
5.7173999994120095,0.9653999986767303,0.1405000002705492,9.576700002071448,16.400000000430737
6.037200000719167,0.7702999973844271,0.12419999984558672,9.250899998733075,16.182599996682256
5.287500000122236,0.7073999986459967,0.12480000077630393,8.808700000372482,14.92839999991702
5.442100002255756,1.0920999993686564,0.14179999925545417,9.488799998507602,16.16479999938747
4.9796999992395286,0.7114000000001397,0.12340000102994964,8.329100000992185,14.143600001261802
5.433100002846913,0.8885999995982274,0.12939999942318536,9.216200000082608,15.667300001950935
5.37379999877885,0.874699999258155,0.13070000204606913,9.509700001217425,15.888900001300499
5.658400001266273,0.9258999998564832,0.13270000272314064,9.605600000213599,16.322600004059495
5.19489999715006,0.576299997192109,0.08090000119409524,8.962299998529488,14.814399994065752
5.115199997817399,0.7912000000942498,0.12480000077630393,9.070199997950112,15.101399996638065
5.395799998950679,0.886099998751888,0.13000000035390258,9.487899998930516,15.899799996986985
5.445799997687573,0.9062999997695442,0.12929999866173603,8.958599999459693,15.439999995578546
5.469199997605756,1.8823999998858199,0.14730000111740083,10.409499998786487,17.908399997395463
5.457300001580734,0.9624000012991019,0.13380000018514693,8.931000000302447,15.48450000336743
5.580100001679966,1.0521000003791414,0.1961999987543095,9.417199999006698,16.245599999820115
5.283200000121724,0.9102000003622379,0.12760000026901253,9.87389999863808,16.194899999391055
5.23599999723956,0.7354000008490402,0.13480000052368268,9.921100001520244,16.027300000132527
5.865600000106497,0.9137999986705836,0.1474999990023207,9.400300001288997,16.327199999068398
5.11969999934081,0.6143999999039806,0.07969999933266081,9.196299997711321,15.010099996288773
5.4845000013301615,0.705400001606904,0.1249999986612238,8.946400001150323,15.261300002748612
5.015099999582162,1.0891999991144985,0.08480000178678893,8.977800000138814,15.166900000622263
5.927799997152761,1.0665000008884817,0.12560000322991982,9.060399999725632,16.180300000996795
5.246100001386367,0.7282000005943701,0.12629999764612876,9.005699997942429,15.106299997569295
5.3210000005492475,0.7399000023724511,0.1292000015382655,9.79890000235173,15.989000006811693
5.705399998987559,0.952599999436643,0.13309999849298038,9.742899997945642,16.533999994862825
6.138599997939309,0.9815000012167729,0.13359999866224825,11.478899999929126,18.732599997747457
5.457600000227103,0.9457999985897914,0.1405000002705492,9.763000001839828,16.30690000092727
5.758299997978611,1.0260000017296989,0.13219999891589396,9.681499999715015,16.59799999833922
5.76809999984107,0.9468999996897765,0.16319999849656597,9.131599999818718,16.00979999784613
5.607999999483582,0.9956000030797441,0.15559999883407727,9.574399999110028,16.33360000050743
4.948400001012487,0.5939000002399553,0.10170000314246863,8.97120000081486,14.615200005209772
5.052300002716947,0.6933000004210044,0.12229999992996454,9.20359999872744,15.071500001795357
5.159700001968304,0.727099999494385,0.08420000085607171,8.880999997927574,14.852000000246335
5.4552999972656835,0.9433999985049013,0.13560000297729857,9.100100000068778,15.634399998816662
5.548200002522208,0.783799998316681,0.1292000015382655,9.292300001106923,15.753500003484078
6.04600000224309,0.9408000005350914,0.134599999000784,9.035899998707464,16.15730000048643
5.381499999202788,0.9066000020538922,0.13210000179242343,9.511300002486678,15.931500005535781
5.106399999931455,0.7011999987298623,0.12960000094608404,9.20609999957378,15.143299999181181
5.683800001861528,0.9117000008700415,0.1460999992559664,9.287999997468432,16.029599999455968
5.624699999316363,1.010100000712555,0.13959999705548398,9.059799998794915,15.834199995879317
5.324200003087753,0.899599999684142,0.12820000119972974,9.658999999373918,16.011000003345544
5.26729999910458,0.9386999990965705,0.1336999994236976,10.399800001323456,16.739499998948304
5.690199999662582,0.9476999985054135,0.1474999990023207,9.067700000741752,15.853099997912068
5.969800000457326,0.8998000012070406,0.12830000196117908,9.105000001000008,16.102900004625553
4.967799999576528,0.5940999981248751,0.08809999781078659,9.01249999878928,14.66249999430147
5.962400002317736,0.9738000007928349,0.1357000001007691,9.113200001593214,16.185100004804553
6.260099999053637,1.0136999990209006,0.13480000052368268,9.160400000837399,16.56899999943562
5.387299999711104,0.6240000002435409,0.08040000102482736,9.086599999136524,15.178300000115996
6.083000000216998,1.4489000022877008,0.2362000013818033,9.099999999307329,16.86810000319383
5.058999999164371,0.7513000018661842,0.12630000128410757,8.888500000466593,14.825100002781255
5.87449999875389,0.9299999983340967,0.13580000086221844,9.725699997943593,16.6659999958938
5.573300000833115,0.9334999995189719,0.12939999942318536,9.223400000337278,15.85960000011255
5.411099999037106,0.7117999994079582,0.12430000060703605,9.255299999495037,15.502499998547137
5.481699998199474,0.9218000013788696,0.14680000094813295,8.935699999710778,15.486000000237254
4.867099996772595,1.0208999992755707,0.13079999916953966,9.127499997703126,15.14629999292083
5.091299997729948,0.7024000005912967,0.12340000102994964,10.512400000152411,16.429499999503605
5.531200000405079,0.937000000703847,0.1350999991700519,8.998299999802839,15.601600000081817
5.571999998210231,0.9897999989334494,0.13390000094659626,8.957300000474788,15.652999998565065
5.156799998076167,0.7753000027150847,0.12290000086068176,9.270400001696544,15.325400003348477
5.4751999996369705,0.9066000020538922,0.12879999849246815,8.919600000808714,15.430200000992045
5.3157000002101995,0.8955000012065284,0.1295000001846347,8.859599998686463,15.200300000287825
5.253600000287406,0.7772999997541774,0.14020000162418,9.057100000063656,15.22820000172942
5.621399999654386,0.9324999991804361,0.1336999994236976,8.97360000089975,15.66119999915827
5.42680000216933,0.923699997656513,0.13169999874662608,8.92559999920195,15.407799997774418
5.834800002048723,0.973600002907915,0.14700000247103162,9.332800000265706,16.288200007693376
5.829600002471125,0.9347999985038769,0.13240000043879263,9.333999998489162,16.230799999902956
5.818899997393601,1.0711999966588337,0.14250000094762072,9.298799999669427,16.331399994669482
5.665000000590226,0.9615000017220154,0.13639999815495685,9.768400002940325,16.531300003407523
5.751099997723941,0.8963000000221655,0.12970000170753337,8.87450000300305,15.65160000245669
5.546600001252955,0.9719000008772127,0.13949999993201345,9.054900001501665,15.712900003563846
5.358599999453872,0.9065999984159134,0.13279999984661117,9.155600000667619,15.553599998384016
5.301299999700859,0.8863000002747867,0.12900000001536682,9.29330000144546,15.609900001436472
5.67360000059125,0.8911999975680374,0.14080000255489722,9.11650000125519,15.822100001969375
7.160900000599213,1.012300002912525,0.1315000008617062,9.305700001277728,17.610400005651172
5.289900000207126,0.9299999983340967,0.1351000028080307,9.095299999898998,15.450300001248252
5.838099998072721,0.9095999994315207,0.16529999993508682,9.571899998263689,16.484899995703017
6.276500000240048,1.0337999992771074,0.14139999984763563,11.677599999529775,19.129299998894567
5.185399997571949,0.6412000002455898,0.07980000009411015,8.77559999935329,14.681999997264938
5.658600002789171,0.7346999991568737,0.12879999849246815,8.953699998528464,15.475799998966977
4.951500002789544,0.8502999990014359,0.13100000069243833,8.789600000454811,14.72240000293823
5.497599999216618,0.8674999990034848,0.12829999832320027,9.077300001081312,15.570699997624615
5.315100002917461,0.9274999974877574,0.14590000137104653,10.536000001593493,16.924500003369758
5.611200002022088,0.9183000001939945,0.13730000137002207,9.205199999996694,15.872000003582798
5.390199999965262,0.876300000527408,0.12849999984609894,9.061499997187639,15.456499997526407
5.780600000434788,0.9255000004486647,0.1286999977310188,9.221799999068025,16.056599997682497
6.5601000023889355,1.0000000002037268,0.1336999994236976,9.592499998689163,17.286300000705523
5.604299996775808,1.1223000001336914,0.14929999815649353,9.350599997560494,16.226499992626486
5.320899999787798,0.758099999075057,0.12509999942267314,8.806599998933962,15.01069999721949
5.405700001574587,0.9103000011236873,0.14959999680286273,8.980499998870073,15.44609999837121
5.355299999791896,0.9346999977424275,0.12720000086119398,9.408499998244224,15.825699996639742
5.875700000615325,1.0607000003801659,0.13640000179293565,8.937999999034218,16.010800001822645
4.94539999999688,0.7026999992376659,0.1260999997612089,8.941399999457644,14.7155999984534
5.380300000979332,0.7229000002553221,0.12969999806955457,9.361200001876568,15.594100001180777
6.297100000665523,1.022499996906845,0.18619999900693074,9.590400000888621,17.09619999746792
5.536900000151945,1.1027000000467524,0.14509999891743064,9.422800001630094,16.207500000746222
5.585400002019014,1.1121999996248633,0.13829999807057902,9.66119999793591,16.497099997650366
5.414999999629799,0.9431999969820026,0.13000000035390258,9.220899999490939,15.709099996456644
5.323000001226319,0.9954999986803159,0.15099999654921703,9.052200002770405,15.521699999226257
5.478799997945316,0.9047999992617406,0.12789999891538173,10.129399997822475,16.640899993944913
5.41969999903813,0.9026000006997492,0.1277999981539324,9.441599999263417,15.891699997155229
5.54550000015297,0.980699998763157,0.1334000007773284,9.122400002524955,15.78200000221841
5.383799998526229,0.8975000018835999,0.13129999933880754,9.645199999795295,16.05779999954393
5.708799999410985,1.1922999983653426,0.15250000069499947,10.515100002521649,17.568700000992976
5.4033999986131676,0.8965000015450642,0.12849999984609894,9.086800000659423,15.515200000663754
5.474399997183355,0.8844999974826351,0.12880000213044696,9.101899999222951,15.589599996019388
5.7536999993317295,0.9831000024860259,0.13140000010025688,9.3127000000095,16.18090000192751
5.4632999999739695,0.97730000197771,0.14030000238562934,9.083599998120917,15.664500002458226
5.7304000001749955,0.9670999970694538,0.14789999841013923,9.398799997143215,16.244199992797803
5.624900000839261,0.9339999996882398,0.13160000162315555,9.232399999746121,15.922900001896778
5.426399999123532,0.9193000005325302,0.13359999866224825,9.060300002602162,15.539600000920473
5.389100002503255,0.9105000026465859,0.16250000044237822,10.060799999337178,16.522900004929397
5.873900001461152,0.9467000018048566,0.13580000086221844,9.09470000260626,16.051100006734487
5.038799998146715,0.790399997640634,0.13339999713934958,9.587000000465196,15.549599993391894
5.300500000885222,0.6498000002466142,0.08040000102482736,9.715600001072744,15.746300003229408
5.726799998228671,0.9079000010387972,0.1314999972237274,9.126600001764018,15.892799998255214
6.106900000304449,1.0011999984271824,0.13530000069295056,9.18900000033318,16.432399999757763
5.963300001894822,1.0390000024926849,0.13920000128564425,9.289300000091316,16.430800005764468
4.995700001018122,0.9099000017158687,0.18150000323657878,9.104799999477109,15.191900005447678
5.000699999072822,0.6739999989804346,0.08000000161700882,9.618399999453686,15.373099999123951
5.77290000001085,1.013499997498002,0.1295000001846347,9.351799999421928,16.267699997115415
5.279799999698298,0.9629000014683697,0.13159999798517674,9.321399997133994,15.695699996285839
5.4066000011516735,0.8997000004455913,0.12989999959245324,9.251399998902343,15.687600000092061
5.239199999778066,0.6016999977873638,0.0835999999253545,9.00289999844972,14.927399995940505
4.978200002369704,0.740100000257371,0.12390000119921751,8.879000000888482,14.721200004714774
5.174699999770382,0.8940000006987248,0.12620000052265823,9.926200000336394,16.12110000132816
5.157200001121964,0.703800000337651,0.12260000221431255,9.050500000739703,15.03410000441363
5.725900002289563,0.91469999824767,0.13039999976172112,9.712900002341485,16.48390000264044
5.357199999707518,0.5812000017613173,0.08099999831756577,9.141600003204076,15.161000002990477
6.32219999897643,0.9648999985074624,0.13630000103148632,10.55360000100336,17.97699999951874
5.278200002067024,0.7435999978042673,0.12540000170702115,10.435700001835357,16.58290000341367
5.143099999258993,0.6518000009236857,0.08099999831756577,9.65630000064266,15.532199999142904
5.742499997722916,1.0374999983469024,0.15830000120331533,9.14839999677497,16.086699994048104
5.732300000090618,0.9882999984256458,0.13490000128513202,9.332900001027156,16.18840000082855
6.068300001061289,0.9833999974944163,0.1325999983237125,9.384399996633874,16.56869999351329
5.099900001368951,0.8997000004455913,0.13349999790079892,9.056800001417287,15.189900001132628
5.038600000261795,0.709100000676699,0.15590000111842528,9.274300002289237,15.177900004346156
5.567799998971168,0.8316000021295622,0.1250000022992026,9.798600000067381,16.323000003467314
5.388800000218907,0.7866000014473684,0.12970000170753337,9.92699999915203,16.23210000252584
5.3507000011450145,0.8950000010372605,0.13779999790131114,9.036899999046,15.420399999129586
5.488300001161406,0.5681999973603524,0.0791000020399224,9.059099997102749,15.19469999766443
5.34190000325907,1.120599998102989,0.16030000188038684,8.96660000216798,15.589400005410425
4.911799998808419,0.568899999052519,0.0794000006862916,8.967599998868536,14.527699997415766
5.752600001869723,0.7492999975511339,0.1274999995075632,9.449799999856623,16.079199998785043
4.96220000059111,0.6538999987242278,0.08019999950192869,8.93989999894984,14.636199997767108
5.545700001675868,0.9089999985008035,0.12989999959245324,9.267400000680937,15.852000000450062
5.095299999084091,1.0714999989431817,0.14279999959398992,9.486300001299242,15.795899998920504
5.478099999891128,1.0173999980906956,0.13799999942420982,9.115000000747386,15.74849999815342
5.399000001489185,0.8792000007815659,0.14200000077835284,9.22559999889927,15.645800001948373
5.287799998768605,0.8850999984133523,0.12929999866173603,9.265599997888785,15.567799993732478
5.20909999977448,0.8682999978191219,0.1283999990846496,9.163800001260825,15.369599997939076
5.850500001542969,0.9666999976616353,0.13309999849298038,9.62479999725474,16.575099994952325
6.289699998887954,0.9371999985887669,0.13590000162366778,9.462800000619609,16.825599999719998
6.2323000020114705,0.9462000016355887,0.1283999990846496,8.958999998867512,16.26590000159922
4.960100002790568,1.0207999985141214,0.13050000052317046,9.317400003055809,15.42880000488367
5.637500002194429,0.8971999995992519,0.13640000179293565,9.643599998526042,16.31470000211266
5.841400001372676,0.9050000007846393,0.14559999908669852,9.072000000742264,15.964000001986278
5.641499999910593,0.9526000030746218,0.1350999991700519,9.430899997823872,16.16009999997914
5.016899998736335,0.7002999991527759,0.12710000009974465,9.475500002736226,15.319800000725081
6.253100000321865,0.91229999816278,0.12820000119972974,8.977100002084626,16.270700001769
5.282000001898268,0.7298999989870936,0.13449999823933467,8.80440000037197,14.950799999496667
5.652299998473609,1.1924999998882413,0.14590000137104653,9.365000001707813,16.35570000144071
5.283300000883173,0.8837999994284473,0.1412999990861863,9.429100002307678,15.737500001705484
5.339999999705469,0.8837999994284473,0.12830000196117908,9.33680000161985,15.688900002714945
7.564600000478094,1.0507000006327871,0.32049999936134554,9.578499997587642,18.51429999805987
5.35909999962314,1.0409999995317776,0.13199999739299528,9.10940000176197,15.641499998309882
5.474099998536985,0.8013000006030779,0.20420000146259554,9.023099999467377,15.502700000070035
5.402200000389712,0.9661000003688969,0.13839999883202836,9.069599997019395,15.576299996610032
5.677499997545965,0.8777000002737623,0.1281000004382804,8.954000000812812,15.63729999907082
6.31499999872176,0.9742000002006534,0.13580000086221844,9.596500000043306,17.021499999827938
5.460100001073442,0.6248999998206273,0.08399999933317304,8.873000002495246,15.042000002722489
4.899100000329781,0.6948999980522785,0.12179999976069666,9.151900001597824,14.86769999974058
5.482799999299459,0.9031999979924876,0.13210000179242343,9.70679999954882,16.22489999863319
5.71489999856567,1.0212999986833893,0.13840000247000717,9.768200001417426,16.642800001136493
5.282400001306087,0.9248999995179474,0.13530000069295056,8.996399999887217,15.339000001404202
5.569400000240421,0.8981000028143171,0.1350999991700519,9.363099998154212,15.965700000379002
5.863099999260157,0.9045000006153714,0.12970000170753337,9.974700002203463,16.872000003786525
5.80189999891445,0.6050000010873191,0.08049999814829789,9.174300001177471,15.661699999327539
6.31720000092173,0.9343999990960583,0.13449999823933467,9.31750000017928,16.703599998436403
5.432500001916196,0.9866000000329223,0.130599997646641,8.984599997347686,15.534299996943446
5.356400000891881,0.8774999987508636,0.12879999849246815,8.917099999962375,15.279799998097587
5.451899996842258,0.8973000003607012,0.14910000027157366,9.246600002370542,15.744899999845074
5.952700001216726,0.9930000014719553,0.16939999841270037,9.650299998611445,16.765399999712827
5.316099999618018,0.9528000009595416,0.13549999857787043,9.40439999976661,15.80879999892204
5.491799998708302,0.9018000018841121,0.1283999990846496,9.660100000473903,16.182100000150967
4.9405999998271,0.5898999988858122,0.07800000093993731,8.868399996572407,14.476899996225256
5.923900000198046,0.9495000012975652,0.13039999976172112,9.12389999939478,16.127700000652112
6.710599998768885,0.9860999998636544,0.13350000153877772,9.197199997288408,17.027399997459725
5.2937000000383705,0.9367000020574778,0.10830000246642157,9.079600000404753,15.418300004967023
5.138699998497032,0.6610999989788979,0.09139999747276306,9.153800001513446,15.044999996462138
5.772399999841582,0.7594999988214113,0.1274999995075632,8.898000000044703,15.55739999821526
5.689299996447517,0.9500999985903036,0.1474999990023207,9.82310000108555,16.60999999512569
5.854999999428401,1.0327999989385717,0.13419999959296547,9.553800002322532,16.57580000028247
5.352100000891369,0.6004999995639082,0.07879999975557439,9.611999998014653,15.643399998225505
5.671699997037649,0.9061999990080949,0.1336999994236976,8.90159999835305,15.61319999382249
5.808700003399281,0.960299999860581,0.130899999930989,8.988199999294011,15.888100002484862
6.520200000522891,1.1016999997082166,0.15359999815700576,9.502299999439856,17.27779999782797
5.115399999340298,0.7136999993235804,0.12310000238358043,9.157199998298893,15.109399999346351
5.384000000049127,0.9117999979935121,0.13240000043879263,8.931399999710266,15.359599998191698
5.629400002362672,1.004300000204239,0.16349999714293517,9.211399999912828,16.008599999622675
5.563499998970656,0.790699999924982,0.1295000001846347,9.101600000576582,15.585299999656854
5.388900000980357,0.9712999999464955,0.16730000061215833,9.983299998566508,16.51080000010552
5.181699998502154,0.9334999995189719,0.1331999992544297,8.926999998948304,15.17539999622386
5.288500000460772,0.7058000010147225,0.14999999984866008,9.405900000274414,15.550200001598569
5.8312999972258694,0.8898000014596619,0.13029999900027178,9.262499999749707,16.11389999743551
5.988000000797911,0.9559999998600688,0.13100000069243833,11.21670000065933,18.291700002009748
5.589899999904446,0.9993999992730096,0.12910000077681616,9.645099999033846,16.363499998988118
5.141900001035538,0.7140000016079284,0.12280000009923242,9.228100003383588,15.206800006126286
5.332299999281531,0.6274000006669667,0.08580000212532468,8.948099999543047,14.99360000161687
6.41399999949499,1.0848999991139863,0.1460999992559664,9.262400002626237,16.90740000049118
5.517800000234274,0.8868000004440546,0.12649999916902743,8.789200001046993,15.320300000894349
5.001900000934256,0.7166000032157172,0.1357000001007691,8.963899999798741,14.818100004049484
4.912799999146955,0.6001000001560897,0.08639999941806309,9.172599999146769,14.771899997867877
5.571300000156043,1.0019999972428195,0.13480000052368268,10.104799999680836,16.81289999760338
5.264100000204053,0.7347000027948525,0.1253000009455718,8.883500002411893,15.00760000635637
5.791200001112884,0.9466000010434072,0.13770000077784061,9.495100002823165,16.370600005757296
5.547199998545693,1.0158000004594214,0.1554000009491574,9.838500001933426,16.556900001887698
5.572800000663847,0.9651000000303611,0.13269999908516183,9.476199997152435,16.146799996931804
6.04390000080457,0.978600000962615,0.13690000196220353,9.647699997003656,16.807100000733044
5.736899998737499,1.1889999987033661,0.13300000136950985,9.175700000923825,16.2345999997342
5.593000001681503,0.9067999999388121,0.1295000001846347,8.988999998109648,15.618299999914598
5.415899999206886,0.9102000003622379,0.13190000026952475,9.049599997524638,15.507599997363286
5.100700000184588,0.7658000031369738,0.1370999998471234,9.17009999830043,15.173700001469115
5.5938999976206105,0.9661999974923674,0.13160000162315555,9.749500000907574,16.441199997643707
5.462100001750514,0.8755999988352414,0.12739999874611385,9.216900001774775,15.682000001106644
5.355400000553345,0.9391000021423679,0.12900000001536682,8.958300000813324,15.381800003524404
5.591899996943539,1.0041999994427897,0.13609999950858764,9.444100000109756,16.176299996004673
5.606500002613757,0.9968000013031997,0.1320000010309741,8.962500000052387,15.697800005000317
5.128400000103284,0.6998999997449573,0.12549999883049168,8.924700003262842,14.878500001941575
5.541499998798827,0.8927999988372903,0.13409999883151613,8.924800000386313,15.493199996853946
5.408100001659477,0.9270999980799388,0.13279999984661117,9.58090000131051,16.048900000896538
5.36899999860907,0.9122000010393094,0.12940000306116417,11.293799998384202,17.704400001093745
5.435799997940194,0.8815000001050066,0.12760000026901253,9.06099999701837,15.505899995332584
5.004999999073334,0.6043000030331314,0.07980000009411015,9.030799999891315,14.71990000209189
5.792900003143586,0.9487999996053986,0.1452999968023505,8.998799999972107,15.885799999523442
6.5117999984067865,0.9534000018902589,0.1754000004439149,9.393699998327065,17.034299999068025
5.663500000082422,0.9554999996908009,0.13860000035492703,9.009699999296572,15.767299999424722
5.092100000183564,0.6781999982194975,0.08449999950244091,8.962400002928916,14.817200000834418
5.565800001932075,0.907600002392428,0.12859999696956947,9.408599999005673,16.010600000299746
5.5333000018436,1.0074999991047662,0.13480000052368268,9.08290000006673,15.758500001538778
5.262799997581169,0.9522000000288244,0.136500002554385,9.382800002640579,15.734300002804957
4.9939999989874195,0.6159000004117843,0.08000000161700882,9.167600001092069,14.857500002108281
5.510499999218155,0.9012999980768654,0.16140000298037194,9.356300000945339,15.929500001220731
6.80369999827235,0.9670999970694538,0.158200000441866,10.419199999887496,18.348199995671166
7.428799999615876,0.9727000033308286,0.13440000111586414,10.322199999791337,18.858100003853906
7.318499996472383,1.0036999992735218,0.1343000003544148,9.601900001143804,18.058399997244123
5.449800002679694,0.829399999929592,0.10779999865917489,9.086800000659423,15.473800001927884
5.583400001341943,0.9132999985013157,0.12849999984609894,9.087299997190712,15.71249999688007
5.228899997746339,0.9120999966398813,0.13900000340072438,9.52789999792003,15.807899995706975
6.173299996589776,0.7775000012770761,0.16649999815854244,10.163200000533834,17.28049999655923
5.986300002405187,0.6637999977101572,0.08099999831756577,8.922200002416503,15.653300000849413
5.2080999994359445,1.0586999997030944,0.14170000213198364,9.43820000247797,15.846700003748992
5.445499999041203,0.8673999982420355,0.1297999988310039,9.320699999079807,15.76339999519405
5.4180000006454065,0.904099997569574,0.12760000026901253,9.372699998493772,15.822399996977765
5.757800001447322,0.9255000004486647,0.13300000136950985,9.319400000094902,16.135700003360398
5.496999998285901,0.9726999996928498,0.1311999985773582,9.02210000276682,15.622999999322928
5.57200000184821,0.9110999999393243,0.13010000111535192,9.117600002355175,15.730800005258061
5.097500001284061,0.7240999984787777,0.1286999977310188,10.092500000610016,16.042799998103874
5.669500002113637,0.9598999968147837,0.12939999942318536,9.251899999071611,16.010699997423217
5.520599999726983,0.9251000010408461,0.13250000120024197,9.173700000246754,15.751900002214825
5.696100000932347,0.8964000007836148,0.13780000153928995,9.449400000448804,16.179700003704056
5.832899998495122,0.9399999980814755,0.130899999930989,9.115099997870857,16.018899994378444
6.16240000090329,1.0151999995287042,0.1399000029778108,9.08010000057402,16.397600003983825
5.440300003101584,0.9551000002829824,0.14569999984814785,9.246900001016911,15.788000004249625
5.246900000202004,0.8893999984138645,0.12739999874611385,8.901900000637397,15.16559999799938
5.340200001228368,0.9352000015496742,0.13360000230022706,9.175300001516007,15.584300006594276
6.072099997254554,0.925600001210114,0.12929999866173603,12.246900001628092,19.373899998754496
5.0604999996721745,0.7433999999193475,0.12799999967683107,9.678300000814488,15.610200000082841
5.412400001659989,0.769800000853138,0.12969999806955457,9.187999999994645,15.499900000577327
5.33250000080443,0.7599000018672086,0.13630000103148632,9.260400001949165,15.48910000565229
5.074599997897167,0.7667999998375308,0.12450000212993473,10.128599999006838,16.09449999887147
6.896099999721628,1.1399999966670293,0.14830000145593658,12.427399997250177,20.61179999509477
5.396700002165744,0.887700000021141,0.1314999972237274,9.841099999903236,16.256999999313848
5.246099997748388,0.767400000768248,0.12829999832320027,9.831299998040777,15.973099994880613
5.946299999777693,0.916299999516923,0.1286999977310188,9.025300001667347,16.016599998692982
6.909299998369534,1.1440999987826217,0.18139999883715063,9.83740000083344,18.072199996822746
5.52360000074259,0.9270000009564683,0.1329000006080605,8.9494999992894,15.53300000159652
5.230500002653571,0.6689999972877558,0.08040000102482736,9.115100001508836,15.09500000247499
5.0172999981441535,0.7568999972136226,0.13899999976274557,9.39470000230358,15.307899997424101
5.387299999711104,0.8835999979055487,0.12799999967683107,9.380400002555689,15.779299999849172
5.303500001900829,0.9155000007012859,0.1295000001846347,9.192700003040954,15.541200005827704
5.106500000692904,0.5939000002399553,0.07929999992484227,8.996100001240848,14.77580000209855
5.579500000749249,0.9450999968976248,0.1463999979023356,9.526399997412227,16.197399992961437
5.612200002360623,0.9152999991783872,0.12849999984609894,8.884399998351,15.54039999973611
5.67360000059125,1.9769000027736183,0.1785000022209715,11.380200001440244,19.209200007026084
6.253499999729684,0.9024000028148293,0.1331999992544297,9.120999999140622,16.410100000939565
6.231800001842203,0.7386999968730379,0.12860000060754828,9.446399999433197,16.545499998755986
5.977299999358365,0.8861999995133374,0.14449999798671342,9.159299999737414,16.16729999659583
5.398000001150649,1.0074999991047662,0.13649999891640618,9.328000000095926,15.869999999267748
5.521300001419149,1.5442000003531575,0.1474999990023207,9.55699999758508,16.769999998359708
5.198099999688566,0.9016000003612135,0.1269999993382953,9.455800001887837,15.682500001275912
5.321500000718515,0.8877999971446116,0.1283999990846496,9.280899997975212,15.618599994922988
5.363500000385102,0.8951999989221804,0.16820000018924475,9.029100001498591,15.456000000995118
6.204999997862615,0.9653000015532598,0.13270000272314064,9.806800000660587,17.109800002799602
5.058200000348734,0.5830000009154901,0.07829999958630651,9.42639999993844,15.14590000078897
6.142600002931431,0.9281999991799239,0.12989999959245324,9.00309999997262,16.203800001676427
5.307799998263363,0.8454999988316558,0.13609999950858764,9.08020000133547,15.369599997939076
5.304900001647184,0.8057000013650395,0.15130000247154385,9.795900001336122,16.05780000681989
5.488000002515037,0.9183000001939945,0.13019999823882245,10.054499998659594,16.590999999607448
5.403400002251146,0.8969000009528827,0.13209999815444462,9.018200002174126,15.4506000035326
5.367599998862715,0.8788999984972179,0.12870000136899762,9.124200001679128,15.499400000408059
6.1010999997961335,1.0648000024957582,0.13269999908516183,8.986100001493469,16.284700002870522
6.3808999984757975,1.8596999980218243,0.1458000006095972,10.502400000405032,18.88879999751225
5.3523000024142675,0.9403000003658235,0.1331999992544297,9.083600001758896,15.509400003793417
5.491500000061933,0.9062999997695442,0.12849999984609894,9.893899998132838,16.420199997810414
5.528300000150921,0.8898999985831324,0.12939999942318536,9.10210000074585,15.649699998903088
6.570800000190502,0.9829999980865978,0.1320000010309741,11.008900000888389,18.694700000196462
5.6150999989768025,0.6256000015127938,0.08199999865610152,9.142700000666082,15.46539999981178
5.450599997857353,0.9446000003663357,0.1283999990846496,8.986500000901287,15.510099998209625
5.693400002201088,0.8840999980748165,0.1281000004382804,9.014399998704903,15.719999999419088
5.531000002520159,0.9514000012131874,0.1336999994236976,9.078800001589116,15.69490000474616
6.251200000406243,0.7258999976329505,0.1274999995075632,9.167800002614968,16.272400000161724
5.366800000047078,0.9013999988383148,0.13840000247000717,9.343599998828722,15.750200000184122
5.278799999359762,0.8874000013747718,0.17020000086631626,8.92030000250088,15.25670000410173
5.682899998646462,0.8959999977378175,0.12829999832320027,9.219799998390954,15.926999993098434
5.855300001712749,0.9481999986746814,0.12999999671592377,9.517400001641363,16.450899998744717
7.240999999339692,0.9462000016355887,0.14849999934085645,9.700900001917034,18.036600002233172
5.29620000088471,0.9767999981704634,0.14849999934085645,9.18430000092485,15.60579999932088
5.382900002587121,0.7667999998375308,0.14730000111740083,9.395599998242687,15.69260000178474
5.5828000004112255,0.9514999983366579,0.1444000008632429,10.100000003149034,16.77870000276016
5.49949999913224,1.0363000001234468,0.08770000204094686,8.88689999919734,15.510400000493973
5.304599999362836,0.9238999991794117,0.12900000001536682,9.275699998397613,15.633199996955227
5.268100001558196,0.8676999968884047,0.12689999857684597,9.546499997668434,15.80919999469188
5.982099999528145,1.1556999997992534,0.1472000003559515,10.104400000273017,17.389399999956368
6.1557000008178875,0.740100000257371,0.17180000213556923,10.025499999755993,17.09310000296682
5.278299999190494,0.7839999998395797,0.12540000170702115,8.889500000805128,15.077200001542224
5.753100002038991,0.9333999987575226,0.1343000003544148,9.548099998937687,16.368900000088615
4.86079999973299,0.6943000007595401,0.1264000020455569,9.176700001262361,14.858200003800448
5.853099999512779,0.9601999990991317,0.13380000018514693,10.28039999800967,17.227499996806728
5.46559999929741,0.725499998225132,0.12350000179139897,8.985600001324201,15.300200000638142
5.096300003060605,0.5834000003233086,0.15759999951114878,9.844299998803763,15.681600001698826
5.310900000040419,0.9181999994325452,0.13499999840860255,8.906500002922257,15.270600000803825
5.7063000022026245,0.9711000020615757,0.13450000187731348,9.7167999992962,16.528700005437713
5.573099999310216,0.9236000005330425,0.1315000008617062,9.24499999746331,15.873199998168275
5.069599999842467,0.6533999985549599,0.08040000102482736,9.213500001351349,15.016900000773603
5.362100000638748,0.8883000009518582,0.12859999696956947,9.156799998891074,15.53579999745125
5.6121999987226445,0.7535000004281756,0.12440000136848539,10.02110000263201,16.511200003151316
6.346400001348229,0.9530999996059109,0.13199999739299528,11.82870000047842,19.260199998825556
5.481300002429634,0.7119000001694076,0.13609999950858764,9.37300000077812,15.70230000288575
5.742699999245815,0.8861999995133374,0.12909999713883735,9.025700001075165,15.783699996973155
5.618499999400228,1.0622000008879695,0.13279999984661117,9.421099999599392,16.2345999997342
5.564099999901373,0.787499997386476,0.1264000020455569,9.360000000015134,15.83799999934854
5.372300001909025,0.9427000004507136,0.1396000006934628,9.627499999623979,16.08210000267718
5.744300000515068,0.9091000029002316,0.1353999978164211,9.084099998290185,15.872899999521906
5.348599999706494,0.8868000004440546,0.15139999959501438,9.372100001201034,15.758900000946596
5.0392999983159825,0.7153000005928334,0.12340000102994964,9.271099999750732,15.149099999689497
5.777000002126442,0.959000000875676,0.13240000043879263,9.415399999852525,16.283800003293436
5.466900001920294,0.8882000001904089,0.12900000001536682,9.352299999591196,15.836400001717266
5.133099999511614,0.6893999998283107,0.13359999866224825,9.412100000190549,15.368199998192722
5.181799999263603,0.7975000007718336,0.13079999916953966,8.977299999969546,15.087399999174522
5.340100000466919,0.9095999994315207,0.14730000111740083,9.710499998618616,16.107499999634456
5.864200000360142,0.8929999967222102,0.12789999891538173,10.329799999453826,17.21489999545156
5.769899998995243,1.0000000002037268,0.13140000010025688,8.899799999198876,15.801099998498103
5.222299998422386,0.8944000001065433,0.13220000255387276,9.303500002715737,15.552400003798539
5.034499998146202,0.7198000021162443,0.12520000018412247,8.863999999448424,14.743499999894993
5.893699999433011,1.1090999978478067,0.1522999991721008,9.181199999147793,16.33629999560071
5.807199999253498,1.085100000636885,0.14310000187833793,9.73130000056699,16.76670000233571
5.258899996988475,0.9157000022241846,0.1295000001846347,9.001999998872634,15.306099998269929
5.402399998274632,0.9012999980768654,0.12900000001536682,9.593599999789149,16.026299996156013
5.278099997667596,0.7452999998349696,0.12480000077630393,8.870499998010928,15.018699996289797
5.448500000056811,0.812399997812463,0.13760000001639128,9.149400000751484,15.547899998637149
5.515599998034304,1.2232999979460146,0.1353999978164211,9.348099996714154,16.222399990510894
5.3556999991997145,0.9057000024768058,0.13890000263927504,9.88389999838546,16.284200002701255
5.563499998970656,0.9325999999418855,0.1323000033153221,9.527099999104394,16.155500001332257
6.191799999214709,0.9145000003627501,0.12939999942318536,9.04420000006212,16.279899999062764
6.096099998103455,0.9092000000237022,0.12849999984609894,8.996699998533586,16.130499996506842
5.3556999991997145,0.9439999994356185,0.13549999857787043,9.653299999627052,16.088499996840255
5.395799998950679,0.9624000012991019,0.13450000187731348,9.137000000919215,15.62970000304631
5.555399999138899,1.0149999980058055,0.1374000021314714,9.559900001477217,16.267700000753393
5.43180000022403,0.7855000003473833,0.13020000187680125,17.04070000050706,23.388200002955273
5.926099998760037,1.0470999986864626,0.1357000001007691,9.265499997127336,16.374399994674604
5.742399996961467,0.9678000023995992,0.1326000019616913,9.607800002413569,16.450600003736326
5.778399998234818,1.1207999996258877,0.22000000171829015,11.551700001291465,18.67090000087046
5.724399998143781,1.0130999980901834,0.1387999982398469,9.628499999962514,16.504799994436326
5.385199998272583,0.9119999995164108,0.12820000119972974,8.987299999716925,15.412699998705648
5.876799998077331,0.9368000028189272,0.1320000010309741,8.946999998443061,15.892600000370294
5.316300001140917,0.7555000011052471,0.1253000009455718,8.91320000300766,15.110300006199395
5.003099999157712,0.7000000005064066,0.12430000060703605,9.785799997189315,15.61319999746047
5.873599999176804,0.9396999994351063,0.19690000044647604,9.279200003220467,16.289400002278853
5.4103000002214685,0.9417000001121778,0.12629999764612876,9.023599999636644,15.50189999761642
5.213600001297891,0.9189000011247117,0.12870000136899762,9.013599999889266,15.274800003680866
5.470299998705741,0.8055999969656114,0.08280000110971741,9.244500000932021,15.60319999771309
5.480499999976018,0.6294999984675087,0.08399999933317304,5.141199999343371,11.335199997120071
5.275299998174887,0.9141999980784021,0.13279999984661117,9.119600003032247,15.441899999132147
5.251300000963965,0.8898999985831324,0.13300000136950985,9.221000000252388,15.495200001168996
5.925800000113668,0.9379000002809335,0.13350000153877772,10.057900002720999,17.055100004654378
5.257000000710832,0.7922999975562561,0.12450000212993473,10.840700000699144,17.014500001096167
5.65920000008191,0.9191999997710809,0.13069999840809032,9.027500000229338,15.73659999849042
5.492899999808287,0.9306000029027928,0.14989999908721074,9.586399999534478,16.15980000133277
5.093700001452817,0.5902000011701602,0.07870000263210386,8.979499998531537,14.742100003786618
5.595999999059131,0.9739999986777548,0.13749999925494194,9.271099999750732,15.97859999674256
5.300299999362323,0.9841999999480322,0.13409999883151613,8.960399998613866,15.378999996755738
5.373099997086683,0.9161000016320031,0.1322999996773433,9.095999997953186,15.517499996349216
5.019000000174856,0.6047999995644204,0.07890000051702373,9.055800001078751,14.758500001335051
5.132099999173079,0.5812999988847878,0.0959999997576233,9.061299999302719,14.870699997118209
5.402800001320429,0.9108000012929551,0.1357000001007691,9.637399998609908,16.08670000132406
5.713400001695845,1.2129000024287961,0.16899999900488183,9.744999999384163,16.840300002513686
5.027200000768062,0.6151999987196177,0.07919999916339293,8.924000001570676,14.645600000221748
5.38800000140327,0.7316999981412664,0.1263999984075781,9.30030000017723,15.546399998129345
5.899600000702776,1.130700002249796,0.14059999739401974,10.015399999247165,17.186299999593757
5.31550000232528,0.9621999997762032,0.13609999950858764,9.175499999400927,15.589300001010997
5.1191000020480715,0.6881000008434057,0.12239999705343507,9.460900000703987,15.390500000648899
5.792300002212869,0.8213000000978354,0.1274999995075632,9.663600001658779,16.404700003477046
5.143300000781892,0.7248000001709443,0.12710000009974465,9.573100000125123,15.568300001177704
5.089799997222144,0.6518000009236857,0.08130000060191378,11.034099999960745,16.85699999870849
5.215099998167716,0.8982999970612582,0.14110000120126642,9.697600002255058,15.952099998685298
5.439700002170866,0.7308000022021588,0.12419999984558672,9.560200000123587,15.854900004342198
5.022000001190463,0.5698000022675842,0.08019999950192869,9.224300003552344,14.89630000651232
5.363199998100754,1.0555999979260378,0.1407999989169184,9.283999999752268,15.843599994695978
5.2973999991081655,0.9764999995240942,0.12879999849246815,9.104900000238558,15.507599997363286
5.042799999500858,0.6084000015107449,0.08000000161700882,8.930899999540998,14.662100002169609
4.975799998646835,0.7251999995787628,0.1233000002685003,9.895900002447888,15.720200000941986
5.750500000431202,0.9389999977429397,0.13240000043879263,8.912500001315493,15.734399999928428
5.126100000779843,0.6809999977122061,0.08679999882588163,9.309300003224052,15.203200000541983
5.631500000163214,0.8535999986634124,0.08329999764100648,9.12869999956456,15.697099996032193
5.056799996964401,0.7096999979694374,0.1249999986612238,9.347499999421416,15.238999993016478
5.425100000138627,0.9040000004461035,0.13279999984661117,9.519700000964804,15.981600001396146
5.890599997655954,0.8839999973133672,0.13100000069243833,10.393500000645872,17.299099996307632
4.955799999152077,0.6936999998288229,0.1238999975612387,8.96880000072997,14.74219999727211
5.4245999999693595,0.8888000011211261,0.13050000052317046,9.033500002260553,15.477400003874209
5.24559999757912,0.6721000027027912,0.0835999999253545,8.858699999109376,14.859999999316642
5.274399998597801,0.7289999994100071,0.12649999916902743,9.143600000243168,15.273499997420004
5.216900000959868,0.7092999985616188,0.12590000187628902,8.859699999447912,14.911800000845687
5.803400003060233,0.9414999985892791,0.13549999857787043,9.172400001261849,16.05280000148923
5.619200001092395,0.950000001466833,0.12969999806955457,9.62459999936982,16.323499999998603
5.650499999319436,0.8883000009518582,0.1317000023846049,9.725500000058673,16.396000002714572
5.4482000014104415,0.7216000012704171,0.08269999671028927,8.856399999785936,15.108899999177083
6.019000000378583,0.9915999980876222,0.14020000162418,9.05879999845638,16.209599998546764
5.32299999758834,0.7203999994089827,0.12419999984558672,9.158199998637429,15.325799995480338
5.047999999078456,0.6967000008444302,0.12390000119921751,9.792900000320515,15.661500001442619
5.620799998723669,1.0217999988526572,0.13530000069295056,8.997000000817934,15.77489999908721
5.26710000121966,0.9228999988408759,0.1323000033153221,9.778600000572624,16.10090000394848
5.404899999120971,0.9281999991799239,0.1306000012846198,9.352700002636993,15.816400002222508
5.355799999961164,0.9013999988383148,0.13069999840809032,8.970699997007614,15.358599994215183
5.251300000963965,0.7202000015240628,0.12540000170702115,9.140599999227561,15.23750000342261
5.808800000522751,0.9635999995225575,0.13240000043879263,9.326700001111021,16.231500001595123
5.877599996892968,0.965600000199629,0.1340000017080456,9.44320000053267,16.420399999333313
5.401700000220444,0.9669999999459833,0.13559999933931977,9.547099998599151,16.0513999981049
5.130000001372537,0.7169000018620864,0.1281000004382804,9.074900000996422,15.049900004669325
5.466099999466678,0.9012999980768654,0.13079999916953966,9.031000001414213,15.529199998127297
5.5791000013414305,0.9479000000283122,0.13469999976223335,9.793699999136152,16.455400000268128
5.451499997434439,0.8900999964680523,0.12930000229971483,9.285199997975724,15.75609999417793
5.837000000610715,0.9017999982461333,0.14250000094762072,8.984700001747115,15.866000001551583
5.335400001058588,0.8216000023821834,0.14000000010128133,9.0079000001424,15.304900003684452
5.509499998879619,0.978600000962615,0.2257999985886272,9.637500003009336,16.351400001440197
4.929500002617715,0.7226999987324234,0.12290000086068176,9.232100001099752,15.007200003310572
5.25769999876502,0.703800000337651,0.13609999950858764,9.161300000414485,15.258899999025743
5.399400000897003,0.9554999996908009,0.13840000247000717,9.213000001182081,15.706300004239893
5.348099999537226,0.9188999974867329,0.1354000014543999,9.441900001547765,15.844300000026124
6.485800000518793,0.9882999984256458,0.13750000289292075,12.937899999087676,20.549500000925036
5.069300001196098,0.6122999984654598,0.08099999831756577,9.200099997542566,14.962699995521689
5.405799998698058,0.7149000011850148,0.1283999990846496,8.963399999629473,15.212499998597195
5.48970000090776,1.054100001056213,0.13809999654768035,9.760599998116959,16.442499996628612
5.353700002160622,0.8849000005284324,0.13050000052317046,8.986299999378389,15.355400002590613
5.114400002639741,0.7712999977229629,0.12280000009923242,9.309000000939704,15.31750000140164
5.403300001489697,0.9449999997741543,0.1311999985773582,8.918900002754526,15.398400002595736
5.148599997482961,0.789400000940077,0.14490000103251077,9.102600000915118,15.185500000370666
5.399199999374105,0.7138000000850298,0.12659999993047677,9.422500002983725,15.662100002373336
5.9648999995260965,0.9812000025704037,0.1370999998471234,9.897199997794814,16.980399999738438
5.417399999714689,1.026600002660416,0.1340000017080456,8.873900002072332,15.451900006155483
5.366699999285629,0.8133000010275282,0.12849999984609894,9.037100000568898,15.345600000728155
5.81400000010035,0.9711999991850462,0.13219999891589396,10.877699998673052,17.79509999687434
5.395799998950679,0.8863999973982573,0.12849999984609894,9.087000002182322,15.497699998377357
5.718899999919813,0.8890999997674953,0.12939999942318536,8.917700000893092,15.655100000003586
5.786900001112372,0.954200000705896,0.14660000306321308,9.029100001498591,15.916800006380072
5.368199999793433,0.9337999981653411,0.13300000136950985,8.977600002253894,15.412600001582177
5.782899999758229,0.7791999996697996,0.1278000017919112,9.340399999928195,16.030300001148134
5.739299998822389,0.9281999991799239,0.14419999934034422,9.37540000086301,16.187099998205667
5.224000000453088,0.8949000002758112,0.1291999979002867,9.025200000905897,15.273299999535084
5.268400000204565,0.8925000001909211,0.1295000001846347,8.957300000474788,15.247700001054909
5.5041000014171,0.9221000000252388,0.13359999866224825,10.180299999774434,16.74009999987902
5.380500002502231,0.9146000011241995,0.14560000272467732,9.016399999381974,15.457100005733082
5.4579999996349216,0.6371000017679762,0.08069999967119657,8.969899998191977,15.145699999266071
5.438000000140164,0.959000000875676,0.12829999832320027,8.988999998109648,15.514299997448688
4.944400003296323,0.9475000006204937,0.1506000007793773,9.032499998284038,15.075000002980232
5.689800000254763,0.9540999999444466,0.12970000170753337,8.993900002678856,15.7675000045856
5.7667000000947155,0.771099999838043,0.12659999993047677,9.321699999418342,15.986099999281578
5.154700000275625,0.7814000018697698,0.14539999756379984,9.24960000338615,15.331100003095344
5.199899998842739,0.8892000005289447,0.13050000052317046,9.012399998027831,15.231999997922685
7.690000002185116,0.9127999983320478,0.22119999994174577,9.541100000205915,18.365100000664825
5.689199999324046,0.8968999973149039,0.13140000010025688,9.1019999999844,15.819499996723607
5.261599999357713,0.7250999988173135,0.14490000103251077,9.460899997066008,15.592499996273546
5.57929999922635,0.9274999974877574,0.14649999866378494,9.39979999748175,16.053099992859643
5.544000003283145,0.8741999990888871,0.12689999857684597,8.948099999543047,15.493200000491925
5.63989999864134,0.72580000050948,0.12550000246847048,8.852499999193242,15.343700000812532
5.628700000670506,1.6056000022217631,0.21259999994072132,10.045399998489302,17.492300001322292
