p2g_ms,grid_update_ms,bc_ms,g2p_ms,total_ms
5.723000009311363,0.5935000081080943,0.08290000550914556,12.604599993210286,19.00400001613889
5.071399995358661,0.4975000047124922,0.079699995694682,12.429399997927248,18.077999993693084
5.0171000038972124,0.4778000002261251,0.07940000796224922,12.71450000058394,18.288800012669526
5.484499997692183,0.7318999996641651,0.09759998647496104,12.683099994319491,18.9970999781508
4.876999999396503,0.5076000088592991,0.08779999916441739,11.56539999647066,17.03780000389088
5.217500001890585,0.5573000089498237,0.08279999019578099,12.623300004634075,18.480900005670264
5.504799992195331,0.5794999888166785,0.07949999417178333,12.710000009974465,18.873799985158257
4.607400012901053,0.47890000860206783,0.07739999273326248,11.993399995844811,17.157100010081194
5.169099997146986,0.5468000017572194,0.08279999019578099,22.83539999916684,28.634099988266826
4.689000008511357,0.4717999981949106,0.07750000804662704,10.39429999946151,15.632600014214404
5.097000001114793,0.6203999946592376,0.10130000009667128,11.900099998456426,17.718799994327128
5.23599999723956,0.5470000032801181,0.0822000001790002,12.45510000444483,18.32030000514351
5.384700009017251,0.5575000104727224,0.08159999561030418,12.719200007268228,18.743000022368506
5.679299996700138,0.5880999960936606,0.08250000246334821,12.82470001024194,19.174600005499087
4.788099991856143,0.6988999957684427,0.1041999930748716,11.392699991120026,16.983899971819483
5.618600000161678,0.5548000044655055,0.08290000550914556,12.298200002987869,18.554500013124198
6.250599995837547,0.6237000052351505,0.10220000694971532,11.832400006824173,18.808900014846586
4.806500000995584,0.4744000034406781,0.07589999586343765,11.11279999895487,16.46959999925457
4.773599997861311,0.4938000056426972,0.0788999896030873,12.611500002094544,17.95779999520164
5.245799999102019,0.6142999918665737,0.10199999087490141,12.578599998960271,18.540699980803765
4.8945000016829,0.5185000045457855,0.07840000034775585,12.551099993288517,18.04249999986496
5.144700000528246,0.5682999908458441,0.08700000762473792,12.603800001670606,18.403800000669435
5.411699996329844,0.5492999916896224,0.08209999941755086,12.615499988896772,18.65859997633379
7.698100002016872,0.847200004500337,0.11100000119768083,12.98990000213962,21.64620000985451
5.091699989861809,0.5655999993905425,0.08199999865610152,12.596800006576814,18.336099994485267
5.081800001789816,0.5662000039592385,0.08399999933317304,12.59149999532383,18.323500000406057
5.491500007337891,0.5647000070894137,0.08660000457894057,12.619799992535263,18.762600011541508
4.5415000058710575,0.4464999947231263,0.07590001041535288,12.311300000874326,17.375200011883862
5.139300003065728,0.48400000378023833,0.07819999882485718,12.338500004261732,18.040000009932555
3.6146000056760386,0.4596999933710322,0.07449999975506216,7.351299995207228,11.50009999400936
3.5909000143874437,0.4335000121500343,0.07619999814778566,18.004999990807846,22.10560001549311
6.094699987443164,0.5821000086143613,0.09010000212583691,12.635000006412156,19.401900004595518
5.143999995198101,0.5727999960072339,0.08310000703204423,12.383399996906519,18.183299995143898
5.240300000878051,0.5401999951573089,0.07840000034775585,11.16530000581406,17.024200002197176
5.1893000054406,0.5581000004895031,0.08199999865610152,12.64029998856131,18.469699993147515
5.037199996877462,0.4915000026812777,0.07809999806340784,12.595599997439422,18.20239999506157
5.0312999956076965,0.4665000014938414,0.07680000271648169,12.605199997778982,18.179799997597
5.476899998029694,0.5620000010821968,0.08199999865610152,22.751299999072216,28.87219999684021
5.142199996043928,0.48830000741872936,0.07989999721758068,12.528199993539602,18.23859999421984
5.537499993806705,0.6241000082809478,0.10299999848939478,12.585799995576963,18.85039999615401
5.040799995185807,0.5825999978696927,0.10459999612066895,11.974499997450039,17.702499986626208
5.043900004238822,0.4778000002261251,0.07920000643935055,12.281700008315966,17.882600019220263
4.530699996394105,0.4609000025084242,0.07619999814778566,11.461600006441586,16.5294000034919
4.698700009612367,0.46940000902395695,0.076299998909235,11.047899999539368,16.292300017084926
5.15750001068227,0.5479999963426962,0.0813000078778714,21.82619999803137,27.613000012934208
5.208599992329255,0.5620000010821968,0.08119999256450683,11.84829999692738,17.70009998290334
5.308400010108016,0.49709998711477965,0.07819999882485718,12.306200005696155,18.18990000174381
5.807900000945665,0.6245999975362793,0.10240000847261399,12.589300007675774,19.124200014630333
5.522400009795092,0.7445999945048243,0.10720000136643648,12.766700005158782,19.140900010825135
5.105300006107427,0.5136000108905137,0.07809999806340784,12.438099991413765,18.135100006475113
5.02039999992121,0.510000012582168,0.07909999112598598,11.471999998320825,17.08150000195019
4.873400001088157,0.5016999930376187,0.0788000033935532,20.786799999768846,26.240699997288175
6.02200000139419,0.5710999976145104,0.08349999552592635,12.08329999644775,18.759899990982376
4.7993000043788925,0.5036999937146902,0.0847999908728525,11.724399999366142,17.112199988332577
4.737600000225939,0.48359998618252575,0.07599999662488699,11.913800000911579,17.21099998394493
4.914599994663149,0.6121999904280528,0.10209999163635075,12.591099992278032,18.219999969005585
5.991699988953769,0.6409999914467335,0.10200000542681664,12.927900010254234,19.662599996081553
5.325200007064268,0.5472999910125509,0.08190001244656742,12.152199997217394,18.10660000774078
5.4684000060660765,0.6197000038810074,0.10109999857377261,12.60780000302475,18.797000011545606
5.6035000015981495,0.7723999879090115,0.10919998749159276,12.712700001429766,19.19779997842852
5.156799990800209,0.46860000293236226,0.07560000813100487,12.204400001792237,17.905400003655814
5.397000000812113,0.5897999944863841,0.11389999417588115,12.030099998810329,18.130799988284707
5.13229999342002,0.4763000033563003,0.07660000119358301,12.774599992553703,18.459799990523607
5.063800010248087,0.49589999252930284,0.07829999958630651,11.097099995822646,16.735099998186342
5.481300002429634,0.6018999993102625,0.09310001041740179,12.569400001666509,18.745700013823807
4.379499994684011,0.49839999701362103,0.0788000033935532,10.497700000996701,15.454399996087886
6.0877000069012865,0.7084000098984689,0.10660001134965569,13.905300002079457,20.808000030228868
5.150199998752214,0.7069999992381781,0.10609999299049377,12.55210000090301,18.515399991883896
5.27229999715928,0.6524999917019159,0.10320000001229346,12.689399998635054,18.717399987508543
4.997399999410845,0.5289999971864745,0.08370001160074025,10.944599998765625,16.554700006963685
5.150199998752214,0.5010000022593886,0.07879998884163797,12.55450000462588,18.28449999447912
4.953600000590086,0.7072000007610768,0.10189999011345208,12.80540000880137,18.568100000265986
3.585800004657358,0.43840000580530614,0.07529999129474163,7.397099994705059,11.496599996462464
8.752900001127273,0.6917999999132007,0.10320000001229346,13.412600004812703,22.96050000586547
5.497599995578639,0.6165999948279932,0.10149998706765473,12.711599993053824,18.92729997052811
4.641899999114685,0.4594999918481335,0.07650000043213367,11.739199995645322,16.917099987040274
5.165100010344759,0.5724000075133517,0.08269998943433166,11.292499999399297,17.11270000669174
4.927500005578622,0.4700999998021871,0.07619999814778566,12.635499995667487,18.109299999196082
5.574299997533672,0.5729999975301325,0.08689999231137335,12.72330000938382,18.957499996758997
5.2288000006228685,0.5466000002343208,0.08149999484885484,12.601599999470636,18.45849999517668
5.667200006428175,0.5667999939760193,0.08189999789465219,12.516000002506189,18.831900000805035
5.18999999621883,0.5468000017572194,0.09620000491850078,12.700499995844439,18.53349999873899
4.646799992769957,0.47990000166464597,0.07680000271648169,11.636900002486072,16.840399999637157
4.754999987198971,0.49409999337513,0.07900000491645187,12.567499987198971,17.895599972689524
10.400499988463707,0.6074999982956797,0.10400000610388815,12.91740000306163,24.029399995924905
5.593199995928444,0.7299999997485429,0.12029999925289303,12.572300009196624,19.015800004126504
5.118200002470985,0.6493000109912828,0.10399999155197293,17.368899993016385,23.240399998030625
5.207600013818592,0.6369000038830563,0.07979999645613134,12.04090000828728,17.96520002244506
5.449599993880838,0.5864999984623864,0.08399999933317304,12.74330000160262,18.863399993279018
5.024899990530685,0.5077000096207485,0.07910000567790121,12.328600001637824,17.940300007467158
5.377199995564297,0.716800001100637,0.09339999814983457,10.480600001756102,16.66799999657087
5.1417000067885965,0.49930000386666507,0.07920000643935055,12.584900003275834,18.305100020370446
5.215700002736412,0.4803999909199774,0.07850000110920519,12.298700006795116,18.07330000156071
5.353300002752803,0.5258999881334603,0.10259999544359744,17.02490000752732,23.006699993857183
5.223300002398901,0.564200003282167,0.08089999028015882,12.549699997180142,18.418099993141368
5.386400007409975,0.7152000034693629,0.08260000322479755,12.597699998877943,18.781900012982078
5.868000007467344,0.6992999988142401,0.10259999544359744,12.80259998748079,19.47249998920597
5.83829999959562,0.71929999103304,0.10229999315924942,12.205599996377714,18.865499980165623
5.5151999986264855,0.7309000066015869,0.09899999713525176,12.583900010213256,18.92900001257658
6.110599992098287,0.7247999892570078,0.10010000551119447,12.966599999344908,19.902099986211397
5.526000008103438,0.49310000031255186,0.07979999645613134,12.642299989238381,18.741199994110502
5.704800001694821,0.7250000053318217,0.10269999620504677,12.462899991078302,18.99539999430999
5.033299996284768,0.4898000042885542,0.0805000017862767,12.61960000556428,18.22320000792388
5.495700010214932,0.6090000097174197,0.08399999933317304,12.59810000192374,18.786800021189265
5.209399998420849,0.6994999857852235,0.09560000034980476,12.78860001184512,18.793099996400997
5.263400002149865,0.6399999983841553,0.10230000771116465,12.671000004047528,18.676700012292713
5.271399990306236,0.6278000073507428,0.10259999544359744,12.67659998848103,18.678399981581606
5.128499993588775,0.5311999993864447,0.08110000635497272,12.706099994829856,18.44689999416005
8.49469999957364,0.8137999975588173,0.1188000023830682,13.558000006014481,22.985300005530007
5.258999997749925,0.5729999975301325,0.08110000635497272,12.644400005228817,18.557500006863847
5.402499999036081,0.6025000038789585,0.08270000398624688,12.583600007928908,18.671300014830194
5.063000004156493,0.48080000851769,0.0779999973019585,12.522999997599982,18.144800007576123
5.323299992596731,0.7058999908622354,0.07840000034775585,12.619999994058162,18.727599977864884
5.406699987361208,0.484500007587485,0.07789999654050916,13.468000004650094,19.437099996139295
4.568999996990897,0.5310999986249954,0.08990000060293823,13.273500007926486,18.463500004145317
6.0114000079920515,0.5729000113205984,0.08349999552592635,12.674700003117323,19.3425000179559
4.992599991965108,0.5049000028520823,0.07910000567790121,12.632700003450736,18.209300003945827
5.168000003322959,0.6174000009195879,0.10199999087490141,12.499099990236573,18.38649998535402
5.474099991261028,0.7017999887466431,0.1548000000184402,12.562400006572716,18.893099986598827
4.805999997188337,0.602399988565594,0.10089999705087394,12.436700009857304,17.94599999266211
5.492099997354671,0.5805000109830871,0.083099992480129,14.184100000420585,20.339800001238473
5.128999997396022,0.567600000067614,0.08129999332595617,14.832000000751577,20.60989999154117
5.375100008677691,0.6551999977091327,0.07900000491645187,12.415200006216764,18.52450001752004
5.159499996807426,0.6441000004997477,0.10229999315924942,11.927200001082383,17.833099991548806
5.1143999880878255,0.5763999943155795,0.08320000779349357,11.647799998172559,17.421799988369457
5.198099999688566,0.5267999949865043,0.08730000990908593,11.016799995559268,16.829000000143424
5.460600004880689,0.6105999927967787,0.09729999874252826,12.683399996603839,18.851899993023835
4.826500007766299,0.49089999811258167,0.07999999797903001,14.543900004355237,19.941300008213148
5.204000000958331,0.6346000009216368,0.10299999848939478,12.734200005070306,18.67580000543967
7.41760000528302,0.673400005325675,0.10299999848939478,12.737999990349635,20.931999999447726
5.49749999481719,0.5587999912677333,0.10289999772794545,12.185500003397465,18.344699987210333
4.8436000070068985,0.69860000803601,0.09980000322684646,12.047900003381073,17.68990002165083
5.269699991913512,0.5658000009134412,0.08159999561030418,12.54999999946449,18.467099987901747
5.079000009573065,0.4825000069104135,0.07950000872369856,12.627999996766448,18.269000021973625
4.960599995683879,0.47199999971780926,0.07749999349471182,13.514699996449053,19.024799985345453
5.709399993065745,0.6898999999975786,0.09109999518841505,13.48179999331478,19.97219998156652
5.291899986332282,0.4695000097854063,0.07660000119358301,12.719199992716312,18.557199990027584
4.939799997373484,0.6418999982997775,0.10659999679774046,12.131900002714247,17.82019999518525
5.005699989851564,0.49780000699684024,0.07840000034775585,12.5483999872813,18.13029998447746
5.171999990125187,0.6307000003289431,0.10179998935200274,12.772000001859851,18.676499981665984
5.014900001697242,0.47629998880438507,0.0779999973019585,11.950400003115647,17.519599990919232
4.897899998468347,0.4697999975178391,0.07680000271648169,12.593199993716553,18.03769999241922
5.888900006539188,0.5644999910145998,0.08240000170189887,12.91510000010021,19.450899999355897
6.12859999819193,0.6668999994872138,0.3584000078262761,12.623500006156974,19.777400011662394
5.21899999876041,0.6337999948300421,0.10230000771116465,12.567700003273785,18.5228000045754
4.908399991109036,0.6920000014360994,0.10269999620504677,11.475399995106272,17.178499983856454
5.027199993492104,0.5087000026833266,0.08009999874047935,12.522300006821752,18.13830000173766
5.164500005776063,0.6979000027058646,0.10689999908208847,11.500599997816607,17.469900005380623
5.294100003084168,0.5603000026894733,0.08320000779349357,12.61279999744147,18.550400011008605
5.190000010770746,0.7159999950090423,0.10869999823626131,13.38549998763483,19.40019999165088
6.103099993197247,0.7448999967891723,0.119399992399849,13.265200002933852,20.23259998532012
4.643799999030307,0.4778000002261251,0.07760000880807638,12.340400004177354,17.539600012241863
5.27670000155922,0.5613999965135008,0.08240000170189887,12.651199998799711,18.57169999857433
4.941200008033775,0.5466000002343208,0.08830000297166407,11.285599990515038,16.861700001754798
5.060399998910725,0.4752000095322728,0.08650000381749123,12.596700005815364,18.218800018075854
5.055400004494004,0.5453000048873946,0.08060000254772604,12.341399997239932,18.022700009169057
4.962500010151416,0.5623000033665448,0.08100000559352338,12.775200011674315,18.3810000307858
4.986100000678562,0.5004999984521419,0.10050000855699182,15.728300000773743,21.315400008461438
5.23599999723956,0.5524000007426366,0.08199999865610152,12.745900006848387,18.616300003486685
5.165800001122989,0.6219000060809776,0.10269999620504677,12.799100004485808,18.68950000789482
4.972499998984858,0.6749000021954998,0.10400000610388815,12.495100003434345,18.24650001071859
5.278700002236292,0.5694999999832362,0.08159999561030418,12.494099995819852,18.423899993649684
4.83219999296125,0.46970001130830497,0.07819999882485718,12.418500002240762,17.798600005335175
5.007600004319102,0.5747000104747713,0.08179999713320285,14.647400006651878,20.311500018578954
4.8823999968590215,0.4712999943876639,0.0788000033935532,14.899399990099482,20.33189998473972
4.9854000099003315,0.5438999942271039,0.08510000770911574,12.466500003938563,18.080900015775114
5.187400005524978,0.6972000119276345,0.1120000088121742,11.063600002671592,17.06020002893638
4.903799999738112,0.48770000285003334,0.0788000033935532,12.391800002660602,17.8621000086423
5.356199995731004,0.603299995418638,0.09429999045096338,12.442000006558374,18.49579998815898
6.020899993018247,0.6200999923748896,0.09240000508725643,12.228599996888079,18.961999987368472
4.750099993543699,0.7031999994069338,0.2998999989358708,12.669400006416254,18.422599998302758
5.23379999503959,0.6345000001601875,0.10199999087490141,12.598399989656173,18.56869997573085
5.030199987231754,0.5303000070853159,0.08189999789465219,12.401999993016943,18.044399985228665
3.5653999948408455,0.4434000002220273,0.07530000584665686,8.183199999621138,12.267300000530668
5.264000006718561,0.6249999860301614,0.08910000906325877,11.653699999442324,17.631800001254305
5.3693999943789095,0.552800003788434,0.0822000001790002,12.672700002440251,18.677100000786595
5.238099998678081,0.6280999950831756,0.10350000229664147,12.689399998635054,18.65909999469295
5.065499994088896,0.46749999455641955,0.08439998782705516,11.416699999244884,17.034099975717254
7.531199997174554,0.7485999958589673,0.10879999899771065,13.235500009614043,21.624100001645274
6.834899992099963,0.6618999905185774,0.1053000014508143,12.929199991049245,20.5312999751186
5.5444000026909634,0.5546000029426068,0.08250000246334821,12.512100001913495,18.693600010010414
5.47149998601526,0.6289000011747703,0.10320000001229346,12.579600006574765,18.78319999377709
4.822999995667487,0.4614000063156709,0.07720000576227903,12.505999999120831,17.86760000686627
5.60570000379812,0.5812000017613173,0.08289999095723033,12.493499991251156,18.763299987767823
5.203199994866736,0.5715000006603077,0.08179999713320285,12.586500000907108,18.442999993567355
6.830699989222921,0.6397999968612567,0.10240000847261399,10.576000000583008,18.1488999951398
6.216800000402145,0.635899996268563,0.09660000796429813,13.594700008979999,20.544000013615005
5.0832999986596406,0.46529999235644937,0.076299998909235,12.65370000328403,18.278599993209355
5.2509000088321045,0.560500004212372,0.08260000322479755,12.619000000995584,18.513000017264858
5.275000003166497,0.5536999960895628,0.08369999704882503,12.637699997867458,18.550099994172342
4.757600006996654,0.5134999955771491,0.142400007462129,11.988899990683421,17.402400000719354
5.199999999604188,0.5301000055624172,0.08080000407062471,12.014899999485351,17.82580000872258
7.279299999936484,0.7287999906111509,0.08579999848734587,13.316099997609854,21.409999986644834
6.816199995228089,0.676199997542426,0.09980000322684646,13.32100000581704,20.913200001814403
5.453200006741099,0.5297000025166199,0.07569999434053898,11.401800002204254,17.460400005802512
4.533799990895204,0.46490000386256725,0.07680000271648169,11.562699990463443,16.638199987937696
4.869099997449666,0.5013000045437366,0.07959999493323267,12.345499999355525,17.79549999628216
4.928800000925548,0.6850999925518408,0.1016000023810193,12.74330000160262,18.45879999746103
4.862400004640222,0.4850999976042658,0.07939999341033399,12.585699994815513,18.012599990470335
5.5411999928765,0.8863999973982573,0.11730000551324338,13.260599997011013,19.805499992799014
8.320900000398979,0.8490000036545098,0.10279999696649611,13.618400000268593,22.891100001288578
5.191799995373003,0.5600000004051253,0.08109999180305749,12.851199993747286,18.684099981328472
5.2943000046070665,0.4974000039510429,0.07729999197181314,12.5454999943031,18.414499994833022
4.980699988664128,0.48750000132713467,0.07840000034775585,12.325300005613826,17.871899995952845
5.278700002236292,0.4945999971823767,0.07890000415500253,12.326899988693185,18.179099992266856
5.014199996367097,0.4589000018313527,0.07639999967068434,12.104399997042492,17.653899994911626
5.019100004574284,1.2052000092808157,0.22980000358074903,12.994200005778112,19.44830002321396
5.97610000113491,0.7257000106619671,0.13520001084543765,13.513899990357459,20.350900012999773
5.590799992205575,0.570699994568713,0.08230000094044954,12.584700001752935,18.828499989467673
5.195000005187467,0.5120999994687736,0.07979999645613134,12.509599997429177,18.29649999854155
5.8019999996759,0.5791000003227964,0.08310000703204423,12.558100002934225,19.022300009964965
4.917700003716163,0.59710000641644,0.10180000390391797,12.080000000423752,17.696600014460273
5.06780001160223,0.4626000009011477,0.0771000050008297,12.921200002892874,18.528700020397082
4.795599990757182,0.47470000572502613,0.07660000119358301,13.322099999641068,18.66899999731686
4.9919000011868775,0.4642999992938712,0.07529999129474163,13.739799993345514,19.271299985121004
5.675099993823096,0.5922999989707023,0.08779999916441739,12.664299996686168,19.019499988644384
5.154200000106357,0.6223999953363091,0.10309999925084412,12.562799995066598,18.44249998976011
5.326899990905076,0.4896000027656555,0.07650000043213367,12.509000007412396,18.402000001515262
5.519300000742078,0.6441000004997477,0.08189999789465219,12.802600002032705,19.047900001169182
5.789200004073791,0.710300009814091,0.10119999933522195,12.495400005718693,19.096100018941797
5.282800004351884,0.5606999911833555,0.08310000703204423,11.109600003692321,17.036200006259605
5.698099994333461,0.49810000928118825,0.0788000033935532,14.31830000365153,20.593300010659732
5.055700006778352,0.47220000124070793,0.07890000415500253,12.628500000573695,18.235300012747757
5.007100000511855,0.4859999899053946,0.07849998655728996,12.599800000316463,18.171399977291003
5.077800000435673,0.49229999422095716,0.09139999747276306,12.59129999380093,18.252799985930324
5.238099998678081,0.5502999993041158,0.08180001168511808,12.687399997957982,18.557600007625297
4.7294999967562035,0.47060000360943377,0.07589999586343765,12.486299994634464,17.76229999086354
5.504500004462898,0.6984999927226454,0.08480000542476773,14.143699998385273,20.431500000995584
5.467300012242049,0.6094999989727512,0.09960000170394778,12.708399997791275,18.884800010710023
5.34190000325907,0.5976999964332208,0.08349999552592635,12.789800006430596,18.812900001648813
4.882799999904819,0.494699997943826,0.07899999036453664,12.581300004967488,18.03779999318067
4.9011000082828104,0.7322000019485131,0.09240000508725643,11.336199997458607,17.061900012777187
5.210299990721978,0.4898000042885542,0.07789999654050916,12.64469999296125,18.422699984512292
6.4144000061787665,0.9908999927574769,0.149500003317371,15.355299998191185,22.9101000004448
6.567699994775467,0.5206000059843063,0.07809999806340784,15.615700001944788,22.78210000076797
7.210700001451187,0.9789999894564971,0.15140000323299319,15.730899991467595,24.071999985608272
5.288499989546835,0.6573999999091029,0.08789999992586672,11.338899988913909,17.372699978295714
4.714199996669777,0.45599999430123717,0.07650000043213367,11.071499990066513,16.31819998146966
5.080600007204339,0.46779999684076756,0.076299998909235,12.543599994387478,18.16829999734182
5.588899992289953,0.7027999963611364,0.09380000119563192,12.868900012108497,19.25440000195522
6.553700004587881,0.9877000120468438,0.11490000179037452,14.53830000536982,22.19460002379492
5.917899994528852,0.48149999929592013,0.07559999357908964,15.821900000446476,22.296899987850338
5.886099999770522,0.5910000036237761,0.1218999968841672,15.166999990469776,21.76599999074824
5.004599996027537,0.4870999982813373,0.07879998884163797,11.980600000242703,17.551099983393215
5.149699994944967,0.5854999908478931,0.08030000026337802,12.737500001094304,18.552999987150542
5.8243999956175685,0.7273999945027754,0.09649999265093356,12.605199997778982,19.25349998055026
4.90699999500066,0.4881000058958307,0.07909999112598598,12.571600003866479,18.045799995888956
5.922299998928793,0.5876000068383291,0.08369999704882503,12.654600010137074,19.24820001295302
5.117799999425188,0.571900003706105,0.08319999324157834,12.2618000023067,18.03469999867957
5.457299994304776,0.574699995922856,0.08450000314041972,12.66409999516327,18.78059998853132
5.788499998743646,0.63340000633616,0.08549999620299786,12.790100008714944,19.297500009997748
5.415799998445436,0.607599999057129,0.10279999696649611,12.517600000137463,18.643799994606525
4.778300004545599,0.49920000310521573,0.07819999882485718,11.720900001819246,17.076600008294918
5.414999992353842,0.5894999922020361,0.08280000474769622,12.880100010079332,18.967399999382906
5.371100007323548,0.5536000098800287,0.08489999163430184,13.483399990946054,19.492999999783933
5.121800000779331,0.4780000017490238,0.0785999873187393,12.7751999971224,18.453599986969493
4.996399991796352,0.5166000046301633,0.07840000034775585,11.320199992042035,16.911599988816306
4.806800003279932,0.44940000225324184,0.0805000017862767,12.733499999740161,18.07020000705961
5.58640000235755,0.5911000043852255,0.08230000094044954,12.602100003277883,18.861900010961108
5.016199997044168,0.4566999996313825,0.07599999662488699,12.322800001129508,17.871699994429946
5.166200004168786,0.5909000028623268,0.08280000474769622,12.560600007418543,18.400500019197352
5.150500001036562,0.5012999899918213,0.07909999112598598,12.51659999252297,18.24749997467734
7.042500001261942,0.793700004578568,0.10639999527484179,12.402099993778393,20.344699994893745
4.806000011740252,0.46010001096874475,0.07579999510198832,12.485999992350116,17.827900010161102
5.1099999982398,0.4748999926960096,0.07770000956952572,11.069300002418458,16.731900002923794
5.67899999441579,0.5464999994728714,0.07760000880807638,12.59820000268519,18.901300005381927
5.168199990293942,0.5722000059904531,0.08259998867288232,12.64689999516122,18.469899980118498
5.131700003403239,0.45339998905546963,0.0754999928176403,12.342000001808628,18.002599987084977
5.062699987320229,0.49950000538956374,0.07740000728517771,11.394600005587563,17.034200005582534
6.601599990972318,0.6539000023622066,0.10349998774472624,12.976799989701249,20.3357999707805
4.922799998894334,0.5147000047145411,0.07890000415500253,12.443699990399182,17.96009999816306
5.255800002487376,0.5563000013353303,0.08299999171867967,12.627399992197752,18.52249998773914
5.494400000316091,0.635599993984215,0.10220000694971532,12.778100004652515,19.010300005902536
5.504000000655651,0.6273999897530302,0.10150000161956996,12.72179999796208,18.95469998999033
5.463000008603558,0.5829000001540408,0.08270000398624688,13.148400001227856,19.2770000139717
8.289399993373081,0.6733999907737598,0.10810000821948051,11.806399998022243,20.877299990388565
7.482999993953854,0.726999991456978,0.10460001067258418,12.105899993912317,20.420499989995733
5.915100002312101,0.6257999921217561,0.10049999400507659,12.243600009242073,18.884999997681007
5.761099993833341,0.7385000062640756,0.10629999451339245,12.638500003959052,19.24439999856986
5.138199994689785,0.7120999944163486,0.10639999527484179,11.381700009224005,17.33839999360498
5.746099996031262,0.5680000031134114,0.08820000221021473,12.333999999100342,18.73630000045523
5.114200001116842,0.5692999984603375,0.08339999476447701,12.574899999890476,18.341799994232133
5.287799998768605,0.57409999135416,0.08260000322479755,12.410700001055375,18.355199994402938
5.845300009241328,0.5975000094622374,0.08359999628737569,14.225300008547492,20.751700023538433
5.010900000343099,0.5069000035291538,0.07850000110920519,12.616599997272715,18.212900002254173
5.617000002530403,0.6437999982153997,0.08910000906325877,12.623500006156974,18.973400015966035
4.9919000011868775,0.5543000006582588,0.09750000026542693,12.670299998717383,18.314000000827946
5.167399998754263,0.5946000019321218,0.09229998977389187,11.083599994890392,16.93789998535067
5.354299995815381,0.5664999916916713,0.10150000161956996,12.59869999194052,18.620999981067143
7.384800002910197,0.8547999896109104,0.1109000004362315,14.21229999687057,22.56279998982791
7.264400002895854,4.040999992867,0.40809999336488545,13.15210000029765,24.86559998942539
5.5696999916108325,0.6558000022778288,0.09770000178832561,11.273500000243075,17.596699995920062
4.868999996688217,0.44550000166054815,0.07699998968746513,7.3705999966477975,12.762099984684028
4.723999998532236,0.47709999489597976,0.07819999882485718,12.36849999986589,17.647799992118962
5.088199992314912,0.5798000056529418,0.09449999197386205,12.658199993893504,18.42069998383522
5.444500013254583,0.5800000071758404,0.0822000001790002,12.421499995980412,18.528200016589835
7.595699993544258,0.6561000045621768,0.11850000009872019,12.967000002390705,21.33730000059586
5.893999987165444,1.022600001306273,0.11499998799990863,12.627199990674853,19.65879996714648
5.1081999990856275,0.6346000009216368,0.10400000610388815,12.71670000278391,18.563500008895062
4.910799994831905,0.5050000036135316,0.07819999882485718,12.551200008601882,18.045200005872175
5.026099999668077,0.46290000318549573,0.07559999357908964,12.710599999991246,18.275199996423908
5.456300001242198,0.6362999993143603,0.08969999908003956,12.653500001761131,18.83580000139773
5.5010999931255355,0.5784999957541004,0.08259998867288232,12.75280000118073,18.91499997873325
6.212799999048002,0.4952999879606068,0.07919999188743532,13.479799992637709,20.267099971533753
5.160200002137572,0.5641000025207177,0.08129999332595617,12.47950000106357,18.285099999047816
5.015500006265938,0.49619999481365085,0.0855999969644472,12.55519999540411,18.152499993448146
5.526000008103438,0.633100004051812,0.10320000001229346,12.620300010894425,18.88260002306197
5.4025999997975305,0.5500999977812171,0.0850000069476664,12.563700001919642,18.601400006446056
5.403000002843328,0.5689999961759895,0.08570001227781177,12.381000007735565,18.438700019032694
4.909600000246428,0.46519999159500003,0.07620001269970089,11.330199995427392,16.78119999996852
7.809300004737452,0.5030999891459942,0.08009999874047935,13.291299997945316,21.68379999056924
5.259400000795722,0.5744999943999574,0.08239998714998364,12.575300002936274,18.491599985281937
5.077200010418892,0.49140000191982836,0.07819999882485718,12.558700007502921,18.2055000186665
5.12929999968037,0.4883999936282635,0.07809999806340784,12.682899992796592,18.378699984168634
5.013500005588867,0.4879999905824661,0.07869998808018863,12.674599987803958,18.25479997205548
4.805700009455904,0.4754999972647056,0.076299998909235,11.899999997694977,17.25750000332482
5.310399996233173,0.698000003467314,0.11569999333005399,11.002600003848784,17.126699996879324
5.866099992999807,0.843899993924424,0.11999999696854502,14.660700006061234,21.49069998995401
4.93599999754224,0.44720000005327165,0.07570000889245421,12.546300000394695,18.00520000688266
5.146800001966767,0.6279999943217263,0.10109999857377261,12.572999999974854,18.44889999483712
5.426000003353693,0.5002000107197091,0.07860000187065452,12.759800010826439,18.764600026770495
5.239999998593703,0.5480999971041456,0.08119999256450683,12.729000009130687,18.598299997393042
5.306099992594682,0.6289000011747703,0.10210000618826598,12.83079999848269,18.867899998440407
5.096300010336563,0.6967000081203878,0.08499999239575118,12.586600001668558,18.46460001252126
6.840100002591498,0.7993000035639852,0.11660000018309802,12.71380000980571,20.46980001614429
6.356700003379956,0.5594000103883445,0.08119999256450683,12.433399999281392,19.4307000056142
4.764900004374795,0.458399998024106,0.07789999654050916,12.292400002479553,17.593600001418963
4.577699990477413,0.4932000010740012,0.08499999239575118,11.63579999411013,16.791699978057295
5.1777000044239685,0.618399993982166,0.10509999992791563,12.463399994885549,18.3645999932196
4.825900003197603,0.48859999515116215,0.08659999002702534,12.543099990580231,17.94419997895602
5.266300009679981,0.6346000009216368,0.08689999231137335,12.727599998470396,18.715400001383387
8.585700008552521,0.7900999917183071,0.11419999646022916,12.486599996918812,21.97659999364987
6.575399995199405,0.7082000083755702,0.08600000001024455,12.856100001954474,20.225700005539693
4.917400001431815,0.4786000063177198,0.07700000423938036,11.97590000811033,17.448900020099245
5.028600004152395,0.46470000233966857,0.07520000508520752,11.218999992706813,16.787500004284084
5.1088000036543235,0.5527000030269846,0.10850001126527786,10.704899992560968,16.474900010507554
5.117099994095042,0.5744999943999574,0.08290000550914556,11.410100007196888,17.184600001201034
5.384500007494353,0.6370000046445057,0.0914999982342124,12.504199999966659,18.61720001033973
5.246199987595901,0.5398000066634268,0.08689999231137335,13.286899993545376,19.159799980116077
6.01819998701103,0.724500001524575,0.1036000030580908,13.733500003581867,20.579799995175563
6.09229999827221,0.640199999907054,0.10390000534243882,12.717999998130836,19.55440000165254
4.613299999618903,0.44770000386051834,0.07480000203941017,10.911599994869903,16.047400000388734
5.198700004257262,0.6273000035434961,0.10409999231342226,11.646200000541285,17.576300000655465
5.520300008356571,0.5631000094581395,0.10259999544359744,12.876500011770986,19.062500025029294
4.564799994113855,0.4651000053854659,0.07639999967068434,12.239099989528768,17.345399988698773
5.15149999409914,0.5118999979458749,0.07940000796224922,12.531500004115514,18.27430000412278
6.592899997485802,0.822000001790002,0.10579999070614576,13.34260001021903,20.86330000020098
5.154600003152154,0.5793000018456951,0.11330000415910035,12.481400000979193,18.328600010136142
5.578500000410713,0.6452999950852245,0.10639999527484179,12.033499995595776,18.363699986366555
5.803299995022826,0.588800001423806,0.08230000094044954,12.713699994492345,19.188099991879426
4.754699999466538,0.45819999650120735,0.07729999197181314,10.87790000019595,16.16809998813551
4.719399992609397,0.45730000420007855,0.0779999973019585,9.400900002219714,14.655599996331148
4.905499998130836,0.4378000012366101,0.07449999975506216,7.452699996065348,12.870499995187856
6.437300005927682,1.1924999998882413,0.09639999188948423,16.124200003105216,23.850400000810623
5.179600004339591,0.5013000045437366,0.07619999814778566,12.496899988036603,18.253999995067716
5.175800004508346,0.5650000093737617,0.08240000170189887,12.438400008250028,18.261600023834035
5.007100000511855,0.6767000013496727,0.10229999315924942,12.47960000182502,18.265699996845797
5.150900004082359,0.5463999987114221,0.08329999400302768,12.438600009772927,18.219200006569736
5.274799987091683,0.6285999988904223,0.10250000923406333,12.597399996593595,18.603299991809763
4.948000001604669,0.523900002008304,0.08399999933317304,12.536899987026118,18.092799989972264
6.333199999062344,0.4817000008188188,0.07890000415500253,13.592800009064376,20.486600013100542
6.448999993153848,0.6206999969435856,0.09810000483412296,12.42919999640435,19.596999991335906
5.141800007550046,0.48359998618252575,0.07870000263210386,12.616799998795614,18.32089999516029
5.058700000518002,0.4828000091947615,0.07819999882485718,12.420499988365918,18.04019999690354
5.1451000035740435,0.6232000014279038,0.10219999239780009,12.63739999558311,18.507899992982857
5.462500004796311,0.5940999981248751,0.09099999442696571,12.538499999209307,18.68609999655746
5.168300005607307,0.5473999917740002,0.08100000559352338,12.507999999797903,18.304700002772734
5.711899997550063,0.6480000010924414,0.09109999518841505,12.738300007185899,19.189300001016818
5.324099998688325,0.5434999911813065,0.08189999789465219,12.4573000066448,18.406799994409084
5.491899995831773,0.6786000012652948,0.10399999155197293,12.48769999074284,18.76219997939188
5.3041999926790595,0.7053000008454546,0.10119999933522195,12.502000012318604,18.61270000517834
5.202000000281259,0.6659999926341698,0.10420000762678683,12.881900009233505,18.85410000977572
5.634999994072132,0.5701999907614663,0.08170001092366874,12.779199998476543,19.06609999423381
4.953700001351535,0.6142000056570396,0.10389999079052359,12.640000000828877,18.311799998627976
5.631899999571033,0.7038999901851639,0.10470001143403351,13.272099997266196,19.712599998456426
4.914600009215064,0.5219000013312325,0.07860000187065452,12.522000004537404,18.037100016954355
4.957000011927448,0.7005000079516321,0.0923000043258071,12.543700009700842,18.29350003390573
5.586700004641898,0.592800002777949,0.08299999171867967,12.829899991629645,19.092399990768172
5.140000008395873,0.5607999919448048,0.07890000415500253,12.279099988518283,18.058799993013963
4.743700003018603,0.4707000043708831,0.07860000187065452,12.261500000022352,17.554500009282492
5.256699994788505,0.6486999918706715,0.0990999978967011,12.897399996290915,18.901899980846792
6.99239999812562,0.7592000038130209,0.08490000618621707,13.351000001421198,21.187500009546056
5.009100001188926,0.6514000124298036,0.10070001007989049,11.013700001058169,16.77490002475679
5.042100005084649,0.4685000021709129,0.08349999552592635,12.54470000276342,18.13880000554491
4.651800001738593,0.45759999193251133,0.07639999967068434,11.194499995326623,16.380299988668412
4.433699999935925,0.4687000036938116,0.07619999814778566,10.58089999423828,15.559499996015802
4.779800001415424,0.49560000479687005,0.07900000491645187,12.606600008439273,17.96100001956802
5.066700003226288,0.49109999963548034,0.07959999493323267,12.562299991259351,18.199699989054352
7.1195000055013224,0.7176000071922317,0.11040001118090004,13.544999994337559,21.492500018212013
5.4025999997975305,0.7215000077849254,0.09459999273531139,12.575000000651926,18.793700000969693
5.3259999986039475,0.6370000046445057,0.10649999603629112,12.671699994825758,18.741199994110502
5.433499987702817,0.5742999928770587,0.08280000474769622,12.63150000886526,18.72209999419283
5.2620000060414895,0.5692999984603375,0.09119999594986439,12.734700008877553,18.657200009329244
5.093100000522099,0.4954000032739714,0.07890000415500253,12.533700006315485,18.201100014266558
5.561600002693012,0.5718000029446557,0.11069999891333282,12.884999989182688,19.12909999373369
5.249599998933263,0.47389999963343143,0.07619999814778566,25.734300012118183,31.534000008832663
4.833600003621541,0.4813999985344708,0.07609999738633633,12.034100000164472,17.42519999970682
4.879500003880821,0.49569999100640416,0.07879998884163797,12.651600001845509,18.105599985574372
4.998600008548237,0.48180000158026814,0.07959999493323267,12.567500001750886,18.127500006812625
5.032100001699291,0.49849999777507037,0.09899999713525176,12.074800004484132,17.704400001093745
5.606999999145046,0.6487000064225867,0.11680000170599669,12.342400004854426,18.714900012128055
5.364299999200739,0.7129000005079433,0.10540000221226364,11.353800000506453,17.5364000024274
5.060399998910725,0.49160000344272703,0.07860000187065452,19.08230000117328,24.712900005397387
5.65380000625737,0.5717000021832064,0.08169999637175351,12.75080000050366,19.05800000531599
4.975799995008856,0.4937000048812479,0.07959999493323267,12.664299996686168,18.213399991509505
5.203399996389635,0.6218999915290624,0.1016000023810193,12.42239998828154,18.349299978581257
5.194199999095872,0.5654999986290932,0.09770000178832561,12.640899993130006,18.498299992643297
5.570799999986775,0.6322000117506832,0.10239999392069876,12.66629999736324,18.971700003021397
5.109800011268817,0.5727000097976997,0.08349999552592635,12.849699996877462,18.615700013469905
5.274399998597801,0.6548999954247847,0.0906000059330836,26.615900002070703,32.63580000202637
5.757599996286444,0.7056000031298026,0.10600000678095967,12.616799998795614,19.18600000499282
4.933899996103719,0.7226000016089529,0.09600000339560211,11.442000002716668,17.194500003824942
5.455499995150603,0.5938999966019765,0.08329999400302768,12.77509999636095,18.907799982116558
4.561000008834526,0.47649999032728374,0.07569999434053898,11.174999992363155,16.288199985865504
4.7159000096144155,0.4727000050479546,0.07560000813100487,10.619000007864088,15.883200030657463
5.188100010855123,0.6133999995654449,0.11699998867698014,11.751899990485981,17.67039998958353
3.5931999882450327,0.4358999867690727,0.0751999905332923,10.93570000375621,15.039999969303608
6.016400002408773,0.6233000021893531,0.10910000128205866,12.736899996525608,19.485700002405792
5.5893999960972,0.6108999950811267,0.10089999705087394,12.49959999404382,18.80079998227302
4.8897999949986115,0.47959999938029796,0.07999999797903001,12.550200000987388,17.999599993345328
4.841599991777912,0.4597000079229474,0.07680000271648169,11.002900006133132,16.381000008550473
4.972099995939061,0.5062000127509236,0.07899999036453664,12.66849999956321,18.22579999861773
5.1623999897856265,0.7133999897632748,0.09480000881012529,12.106800000765361,18.077399989124388
4.947199995513074,0.7410999969579279,0.10390000534243882,12.666499998886138,18.45869999669958
5.624799989163876,0.5696000007446855,0.08240000170189887,12.467199994716793,18.743999986327253
4.992000001948327,0.5622000026050955,0.08140000863932073,12.372400000458583,18.008000013651326
5.783000000519678,0.5732999998144805,0.08420000085607171,12.67149999330286,19.11199999449309
4.938300000503659,0.4954000032739714,0.07840000034775585,12.644400005228817,18.156500009354204
5.167099996469915,0.6332999910227954,0.09310001041740179,12.554699991596863,18.448199989506975
4.732600005809218,0.4450999986147508,0.07850000110920519,11.056199989980087,16.31239999551326
5.697100001270883,0.6914999976288527,0.10069999552797526,19.06599999347236,25.55529998790007
5.338800008757971,0.5640999879688025,0.1033000007737428,12.68329999584239,18.689499993342906
4.706500010797754,0.4771999956574291,0.07680000271648169,11.502199995447882,16.762700004619546
5.105200005345978,0.4702000005636364,0.08340000931639224,12.577000001328997,18.235800016555004
4.81890000810381,0.48949998745229095,0.07829999958630651,12.307900004088879,17.694599999231286
4.855400009546429,0.5335000023478642,0.07819999882485718,12.547199992695823,18.014300003414974
5.167700001038611,0.568500006920658,0.08280000474769622,12.608200006070547,18.427200018777512
4.6279999951366335,0.4655999946407974,0.07630001346115023,15.33460000064224,20.50450000388082
6.023699999786913,0.6850999925518408,0.10260000999551266,13.42560000193771,20.237000004271977
5.531100003281608,0.5780000064987689,0.0822000001790002,12.686000001849607,18.877300011808984
5.265200001304038,0.5399000074248761,0.09329999738838524,12.708599999314174,18.607000005431473
5.180299995117821,0.5768999981228262,0.08289999095723033,10.74099999095779,16.581099975155666
4.893299992545508,0.6958000012673438,0.08660000457894057,12.538900002255104,18.214600000646897
5.160100001376122,0.5201999883865938,0.07929999264888465,12.531799991847947,18.291399974259548
4.933500007609837,0.48750000132713467,0.07840000034775585,17.467300000134856,22.966700009419583
5.031699998653494,0.4731999943032861,0.08450000314041972,10.863699993933551,16.45309999003075
5.131599988089874,0.527600001078099,0.07809999806340784,12.436600009095855,18.173899996327236
5.184000008739531,0.4785999917658046,0.07510000432375818,11.570000002393499,17.307700007222593
5.102099996292964,0.6062000029487535,0.08339999476447701,12.57209999312181,18.363799987128004
5.087199999252334,0.5960999988019466,0.08199999865610152,12.50020001316443,18.265500009874813
5.705199990188703,0.524200004292652,0.08610000077169389,13.183899995055981,19.49939999030903
5.137200001627207,0.5548000044655055,0.08100000559352338,15.248199997586198,21.021200009272434
6.414200004655868,0.5683000053977594,0.07920000643935055,12.759499993990175,19.821200010483153
4.9657999916234985,0.6872000085422769,0.13049998960923404,14.9983000010252,20.78179999080021
4.98120000702329,0.5512000061571598,0.08149999484885484,12.504999991506338,18.118899999535643
5.471199998282827,0.549400007002987,0.0973999995039776,12.436600009095855,18.554600013885647
5.252199989627115,0.5774000019300729,0.08209999941755086,12.697800004389137,18.609499995363876
5.200700004934333,0.5654999986290932,0.1033000007737428,12.619499990250915,18.488999994588085
5.011200002627447,0.47059998905751854,0.07510000432375818,22.258099997998215,27.81499999400694
5.154900005436502,0.6295000057434663,0.10130000009667128,12.253200009581633,18.138900020858273
5.355600005714223,0.6863000016892329,0.08739999611862004,12.624900002265349,18.754200005787425
6.015400009346195,0.811200006864965,0.12490000517573208,12.621699992450885,19.573200013837777
4.736300004879013,0.48689999675843865,0.07680000271648169,12.45059999928344,17.750600003637373
3.515399992465973,0.4422000056365505,0.07500000356230885,7.391900013317354,11.424500014982186
5.488900002092123,0.555599996005185,0.08250000246334821,12.697700003627688,18.824700004188344
5.309699990903027,0.6335000070976093,0.10259999544359744,19.69950000056997,25.745299994014204
5.239399994025007,0.5607999919448048,0.08110000635497272,12.727300010737963,18.608600003062747
4.868999996688217,0.49780000699684024,0.07840000034775585,12.297000008402392,17.742200012435205
5.2318999951239675,0.633100004051812,0.1033000007737428,12.65659999626223,18.624899996211752
5.094199994346127,0.4645000008167699,0.0847999908728525,12.518199990154244,18.161699976189993
6.1553999985335395,0.6366999878082424,0.10200000542681664,12.320800000452437,19.214899992221035
5.794299999251962,0.7523999956902117,0.12269998842384666,11.950200001592748,18.619599984958768
5.30409999191761,0.5563000013353303,0.0830000062705949,12.6105999952415,18.553999994765036
4.869700002018362,0.5806999979540706,0.0822000001790002,12.2986999922432,17.831299992394634
5.323099991073832,0.6316999933915213,0.08940001134760678,12.661400003707968,18.705599999520928
5.036900009145029,0.5138999986229464,0.07959999493323267,12.137500001699664,17.76790000440087
5.099799993331544,0.6843000010121614,0.10059999476652592,11.784300004364923,17.668999993475154
4.957199998898432,0.4774999979417771,0.07669998740311712,12.596600005053915,18.10799998929724
4.95599998976104,0.48010000318754464,0.07860000187065452,12.345600000116974,17.860299994936213
5.6831999972928315,0.5855999916093424,0.08260000322479755,13.169799989555031,19.521199981682003
7.595100003527477,0.7865000079618767,0.10999999358318746,11.987999998382293,20.479600003454834
5.416300002252683,0.668499997118488,0.10400000610388815,12.678700004471466,18.867500009946525
5.209199996897951,0.5673999985447153,0.08199999865610152,12.692399992374703,18.55099998647347
5.603999990853481,0.575300000491552,0.08299999171867967,12.550899991765618,18.81319997482933
4.978199998731725,0.7067999977152795,0.10000000474974513,12.621799993212335,18.406799994409084
4.83890000032261,0.4883999936282635,0.07819999882485718,12.60560000082478,18.01109999360051
5.03970000136178,0.48299999616574496,0.07840000034775585,14.020600006915629,19.62170000479091
6.785699995816685,0.6470999942393973,0.08880000677891076,12.657600003876723,20.179200000711717
4.914100005407818,0.5092999927001074,0.07890000415500253,12.674999990849756,18.177299993112683
5.043400000431575,0.4749000072479248,0.07789999654050916,11.385299992980435,16.981499997200444
5.382999996072613,0.6258999928832054,0.08910000906325877,12.33650000358466,18.434500001603737
5.421800000476651,0.5638000002363697,0.08520000847056508,12.533500004792586,18.60430001397617
4.7620999976061285,0.5177999992156401,0.08610000077169389,11.39060000423342,16.756600001826882
5.751600008807145,0.6542000046465546,0.08569999772589654,12.795799993909895,19.28730000508949
7.390800004941411,0.7794999983161688,0.10699999984353781,13.592599992989562,21.86989999609068
5.396499997004867,0.7190000033006072,0.10259999544359744,12.697900005150586,18.916000000899658
5.500800005393103,0.5697000015061349,0.09820000559557229,11.659700001473539,17.82840001396835
5.498700003954582,0.6266999989748001,0.08019999950192869,12.570200007758103,18.775800010189414
5.249500012723729,0.5458999949041754,0.08179999713320285,12.56029999058228,18.437499995343387
5.835100004333071,0.6093999982113019,0.09630000567995012,12.690300005488098,19.23110001371242
5.5924000043887645,0.5838999932166189,0.08189999789465219,12.424200001987629,18.682399997487664
7.642099997610785,0.7541999948443845,0.10279999696649611,12.594599989824928,21.093699979246594
4.962199993315153,0.5237000004854053,0.08080000407062471,12.038000000757165,17.604699998628348
4.764900004374795,0.4697999975178391,0.07619999814778566,12.169699999503791,17.48059999954421
6.045300004188903,0.794000006862916,0.1171000039903447,12.696899997536093,19.653300012578256
5.124300005263649,0.6213000015122816,0.10289999772794545,12.333100006799214,18.18160001130309
4.889399991952814,0.4813999985344708,0.07779999577905983,12.548799990327097,17.997399976593442
4.779800001415424,0.5485000001499429,0.07860000187065452,12.624300012248568,18.03120001568459
13.962299999548122,0.6548999954247847,0.1066999975591898,14.691299991682172,29.41519998421427
5.023499994422309,0.48230000538751483,0.08670000534038991,12.516200004029088,18.1087000091793
5.203699998673983,0.7468000112567097,0.09480000881012529,12.678400002187118,18.723700020927936
5.5212000006577,0.5740000051446259,0.08240000170189887,12.674900004640222,18.852500012144446
4.95000000228174,0.5023999983677641,0.07959999493323267,12.356700011878274,17.88870000746101
5.188700000871904,0.5571999936364591,0.08179999713320285,12.145700005930848,17.973399997572415
4.990200002794154,0.49619999481365085,0.19710000196937472,12.627300005988218,18.310800005565397
7.460399996489286,1.6465000080643222,0.13760000001639128,16.135800004121847,25.380300008691847
5.238600002485327,0.5696000007446855,0.0816000101622194,12.557100009871647,18.44690002326388
4.92120000126306,0.5098999972688034,0.09410000347997993,12.96560000628233,18.490800008294173
5.579900011071004,0.629400004982017,0.09879999561235309,12.568699996336363,18.876800008001737
5.2715000056196,0.5695999861927703,0.08260000322479755,12.783800004399382,18.70749999943655
5.548399989493191,0.6151999987196177,0.10119999933522195,12.938699990627356,19.203499978175387
5.441599991172552,0.5055000074207783,0.08589999924879521,12.68839999102056,18.721399988862686
13.906000007409602,0.6290000019362196,0.08369999704882503,12.96550000552088,27.584200011915527
4.847499993047677,0.4940000071655959,0.07940000796224922,12.577400004374795,17.998300012550317
5.593900001258589,0.5691999976988882,0.08299999171867967,12.667000002693385,18.913099993369542
5.427600000984967,0.47479999193456024,0.076299998909235,12.613500002771616,18.592199994600378
4.995700001018122,0.48090000927913934,0.076299998909235,11.717799992766231,17.270700001972727
4.974099996616133,0.5574999959208071,0.08430000161752105,12.598300003446639,18.2141999976011
5.171099997824058,0.6215000030351803,0.10389999079052359,12.520399992354214,18.416899984003976
7.005499996012077,0.5214999982854351,0.09519999730400741,12.78190000448376,20.40409999608528
5.553499999223277,0.680800003465265,0.15400000847876072,12.478699994971976,18.86700000613928
5.879099990124814,0.7271999929798767,0.1033000007737428,12.703300002613105,19.41289998649154
5.020700002205558,0.5338000046322122,0.07909999112598598,12.490499997511506,18.124099995475262
5.0635999941732734,0.4676999960793182,0.08270000398624688,12.55739999760408,18.171399991842918
5.511299998033792,0.49229999422095716,0.0782000133767724,12.299299996811897,18.381100002443418
4.994400005671196,0.46549999387934804,0.08070000330917537,12.635699997190386,18.176300000050105
7.865300009143539,0.598000013269484,0.0822000001790002,16.241499994066544,24.787000016658567
5.5376999953296036,0.5940999981248751,0.08679999154992402,11.704999997164123,17.923599982168525
4.929300004732795,0.680199998896569,0.1044000091496855,12.646599992876872,18.360500005655922
5.130199991981499,0.48430000606458634,0.07739999273326248,11.636099996394478,17.327999987173826
5.161299995961599,0.5021000106353313,0.07739999273326248,11.983799995505251,17.724599994835444
5.1743000076385215,0.5131999932928011,0.0805000017862767,11.843499989481643,17.611499992199242
5.890799991902895,0.6123999919509515,0.08519999391864985,13.18030001129955,19.768699989072047
6.102700004703365,0.5604000034509227,0.08240000170189887,12.561099996673875,19.30660000653006
5.467300012242049,0.5284000071696937,0.08129999332595617,12.587199991685338,18.664200004423037
5.884300000616349,0.7152000034693629,0.10400000610388815,12.719099991954863,19.422600002144463
5.235000004176982,0.6245000113267452,0.10279999696649611,12.789800006430596,18.75210001890082
4.887900009634905,0.5531999922823161,0.08700000762473792,12.575700005982071,18.10380001552403
5.389899990404956,0.4616000078385696,0.07809999806340784,12.621200003195554,18.550799999502487
5.597299998044036,0.48940000124275684,0.08549999620299786,11.059600001317449,17.23179999680724
6.510299994261004,0.5615999980363995,0.08189999789465219,12.596400003531016,19.750199993723072
4.965800006175414,0.49140000191982836,0.07850000110920519,12.517299997853115,18.053000007057562
6.060200001229532,0.4904000088572502,0.07749999349471182,12.746599997626618,19.37470000120811
5.958299996564165,0.4748999926960096,0.07499998901039362,16.807299994979985,23.315499973250553
4.888099996605888,0.46370000927709043,0.07720000576227903,12.662900000577793,18.09190001222305
5.223200001637451,0.633100004051812,0.10289999772794545,12.64110000920482,18.60030001262203
5.462799992528744,0.5710999976145104,0.08280000474769622,12.686100002611056,18.802799997502007
4.629099988960661,0.6809999904362485,0.09129999671131372,12.232600012794137,17.63399998890236
6.208899998455308,0.6518000009236857,0.08109999180305749,12.70769999246113,19.64949998364318
5.575999995926395,0.5781999934697524,0.08399999933317304,12.870000005932525,19.108199994661845
5.482799999299459,0.7279999990714714,0.13639999087899923,12.048200005665421,18.39539999491535
6.494900007965043,0.5951000057393685,0.08969999908003956,13.402699987636879,20.58240000042133
5.261000012978911,0.5741000059060752,0.08529999468009919,13.140899987774901,19.061300001339987
5.4853999899933115,0.6404000014299527,0.1024999946821481,22.921399999177083,29.149699985282496
5.162900008144788,0.6322000117506832,0.10269999620504677,12.645700000575744,18.543500016676262
5.520599996089004,0.625700005912222,0.10170000314246863,12.61069999600295,18.858700001146644
5.216099991230294,0.6188999977894127,0.10210000618826598,12.567700003273785,18.504799998481758
5.186299997149035,0.556800005142577,0.08169999637175351,11.643100006040186,17.46790000470355
5.057600006693974,0.47929999709594995,0.07589999586343765,12.257099995622411,17.869899995275773
5.529500005650334,0.6419999990612268,0.10199999087490141,12.675099991611205,18.948599987197667
11.97350000438746,0.7170000026235357,0.10459999612066895,14.09599999897182,26.891100002103485
4.881399989244528,0.46210001164581627,0.07870000263210386,12.76480000524316,18.187000008765608
4.5036999945295975,0.46710000606253743,0.07690000347793102,12.239100004080683,17.28680000815075
5.076600005850196,0.4917999904137105,0.0771999912103638,12.442699997336604,18.088299984810874
5.140399996889755,0.46969999675638974,0.08329999400302768,12.207299994770437,17.90069998241961
5.046600010246038,0.45449999743141234,0.07530000584665686,12.533800007076934,18.11020002060104
5.206000001635402,0.7039000047370791,0.10259999544359744,11.593899995204993,17.60639999702107
5.307600004016422,0.5474999925354496,0.08150000940077007,22.209400005522184,28.146000011474825
4.93530000676401,0.5918000097153708,0.10059999476652592,12.491499990574084,18.11920000181999
5.33450000511948,0.5616999987978488,0.08270000398624688,12.458400000468828,18.437300008372404
5.456500002765097,0.5278000026009977,0.09640000644139946,12.432700008503161,18.513400020310655
4.916100006084889,0.5146000039530918,0.09619999036658555,11.534000004758127,17.060900005162694
5.391300001065247,0.6827000033808872,0.10399999155197293,11.12470000225585,17.302699998253956
5.408099998021498,0.6017999985488132,0.10140000085812062,12.428000001818873,18.539299999247305
6.506200006697327,1.0980999941239133,0.7615000067744404,20.16550001280848,28.53130002040416
4.741099997772835,0.4562999965855852,0.0754999928176403,10.961299994960427,16.234199982136488
5.101500006276183,0.5732999998144805,0.08179999713320285,12.490299995988607,18.246899999212474
5.009100001188926,0.4724000027636066,0.07790001109242439,12.641499997698702,18.20090001274366
5.846300002303906,0.7330000080401078,0.0940000027185306,12.13439999264665,18.807700005709194
5.505799999809824,0.6575000006705523,0.12399999832268804,12.934200000017881,19.221499998820946
6.254199994145893,0.6303999980445951,0.1019000046653673,12.381900000036694,19.36839999689255
11.010700007318519,0.7798000006005168,0.10449999535921961,13.11590000113938,25.010900004417636
5.15379999706056,0.6126999942352995,0.10210000618826598,12.615900006494485,18.48450000397861
5.4976999963400885,0.5722999921999872,0.09030000364873558,12.524299992946908,18.68459998513572
5.355900007998571,0.6103000050643459,0.08199999865610152,12.64929999888409,18.697500010603108
5.168899995624088,0.5863999977009371,0.09130001126322895,12.71890000498388,18.565500009572133
5.1448000012896955,0.5844000115757808,0.08299999171867967,12.665599992033094,18.47779999661725
4.800300011993386,0.5210999952396378,0.09359999967273325,11.928699997952208,17.343700004857965
6.533299994771369,0.724500001524575,0.09479999425821006,12.667600007262081,20.020199997816235
4.972599999746308,0.49619999481365085,0.07890000415500253,12.588800003868528,18.13650000258349
5.958299996564165,0.6279999943217263,0.10210000618826598,12.761100006173365,19.449500003247522
5.6205000000773,0.5690999969374388,0.08929999603424221,12.609899989911355,18.888799982960336
4.8934999940684065,0.4915000026812777,0.07840000034775585,12.641299996175803,18.104699993273243
5.21380000282079,0.58970000827685,0.09129999671131372,12.746600012178533,18.641400019987486
5.77010000415612,0.5305000086082146,0.09139999747276306,28.974600005312823,35.36660001554992
5.314800000633113,0.6093999982113019,0.0926000066101551,11.962500007939525,17.979300013394095
5.507900001248345,0.563900000997819,0.08240000170189887,12.725100008537993,18.879300012486055
5.171299999346957,0.5758999905083328,0.08380001236218959,12.377499995636754,18.208499997854233
5.074800006696023,0.4614000063156709,0.07660000119358301,11.046999992686324,16.6598000068916
5.165499998838641,0.63189999491442,0.10240000847261399,12.589799996931106,18.48959999915678
4.9593000003369525,0.49959999159909785,0.09870000940281898,11.75209999200888,17.30969999334775
5.5155000009108335,0.5748999974457547,0.08230000094044954,21.77500000107102,27.94770000036806
4.974399998900481,0.4611000040313229,0.07670000195503235,12.319799992837943,17.83199999772478
4.779800001415424,0.5338999908417463,0.10009999095927924,12.40249999682419,17.81629998004064
5.11299999197945,0.5730999982915819,0.08650000381749123,12.459400008083321,18.232000002171844
4.755200003273785,0.5305000086082146,0.09750000026542693,11.479399996460415,16.862600008607842
4.974199997377582,0.7065999961923808,0.10439999459777027,11.249200004385784,17.034399992553517
4.897599996183999,0.5482999986270443,0.08169999637175351,12.631499994313344,18.15909998549614
4.9629999994067475,0.47980000090319663,0.07870000263210386,12.54989999870304,18.071400001645088
5.473800003528595,0.5794999888166785,0.08209999941755086,12.60780000302475,18.743199994787574
5.524000007426366,0.5781000072602183,0.08240000170189887,12.500099997851066,18.68460001423955
5.28340000892058,0.497499990160577,0.07909999112598598,11.796999999205582,17.656999989412725
4.914099990855902,0.5263000057311729,0.08290000550914556,10.964999994030222,16.488299996126443
5.222899999353103,0.6202999938977882,0.10170000314246863,12.623499991605058,18.56839998799842
4.757299990160391,0.5342000076780096,0.07950000872369856,12.202700003399514,17.573700009961613
5.23080000129994,0.5751999997301027,0.08150000940077007,11.378399998648092,17.265900009078905
4.908400005660951,0.49959999159909785,0.08380001236218959,12.22990000678692,17.72170001640916
5.346199992345646,0.4898000042885542,0.0779999973019585,12.559299997519702,18.47329999145586
4.563700000289828,0.46800001291558146,0.07599999662488699,10.928599993349053,16.03630000317935
4.563499998766929,0.47559999802615494,0.07550000736955553,10.896899999352172,16.01150000351481
5.164899994269945,0.4664000007323921,0.07560000813100487,12.299599999096245,18.006500002229586
4.771199994138442,0.491300001158379,0.07930000720079988,12.758900003973395,18.100700006471016
3.526799991959706,0.44720000005327165,0.07619999814778566,12.09950000338722,16.149699993547983
5.358000009437092,0.8065000001806766,0.10320000001229346,10.478500000317581,16.746200009947643
4.948700006934814,0.7144999981392175,0.09270000737160444,12.485300001571886,18.241200014017522
4.6245999983511865,0.48689999675843865,0.07690000347793102,11.216800005058758,16.405200003646314
4.601699998602271,0.46529999235644937,0.07580000965390354,12.101500004064292,17.244300004676916
5.170699994778261,0.5038999952375889,0.0779999973019585,12.487600004533306,18.240199991851114
5.5296999926213175,0.6338999955914915,0.1016000023810193,12.639600012334995,18.904800002928823
5.157700012205169,0.48260000767186284,0.07910000567790121,12.595800013514236,18.31520003906917
4.865000009885989,0.48719999904278666,0.07829999958630651,14.669700001832098,20.10020001034718
5.313800007570535,0.6307000003289431,0.10210000618826598,12.664699999731965,18.71130001381971
5.172900011530146,0.6267999997362494,0.10889999975915998,12.57959999202285,18.488200003048405
5.172599994693883,0.6690000009257346,0.11320000339765102,12.625100003788248,18.579900002805516
5.260999998426996,0.5703000060748309,0.083099992480129,12.666200011153705,18.58060000813566
5.030600004829466,0.4600999964168295,0.07680000271648169,12.407100002747029,17.974600006709807
4.897400009213015,0.4658999969251454,0.08170001092366874,12.595000007422641,18.04000002448447
5.011299988836981,0.6357999955071136,0.08990000060293823,10.999400008586235,16.73639999353327
8.325900009367615,0.6979000027058646,0.10800000745803118,15.914500007056631,25.046300026588142
5.194899989874102,0.5107000033603981,0.08040000102482736,12.744199993903749,18.530199988163076
5.878500000108033,0.6747000006726012,0.10390000534243882,11.667900005704723,18.325000011827797
5.258700010017492,0.5692999984603375,0.08170001092366874,12.5936999975238,18.503400016925298
5.167399998754263,0.5545000021811575,0.08190001244656742,13.020400001551025,18.824200014933012
5.660600014380179,0.5543000006582588,0.09899999713525176,10.633900004904717,16.947800017078407
4.419800010509789,0.53039999329485,0.09240000508725643,11.131099992780946,16.17370000167284
6.515100001706742,0.6347000016830862,0.10130000009667128,13.7618000007933,21.0129000042798
5.689899990102276,0.5350999999791384,0.09870000940281898,11.87220000429079,18.195900003775023
5.156300001544878,0.6286999996518716,0.10250000923406333,11.28390000667423,17.171400017105043
5.2324999996926636,0.5441000103019178,0.08440000237897038,12.60539999930188,18.466400011675432
5.036400005337782,0.47790000098757446,0.07819999882485718,12.752799986628816,18.34529999177903
4.86040000396315,0.4898000042885542,0.07930000720079988,12.761999998474494,18.191500013926998
5.557600001338869,0.6242999952519313,0.10269999620504677,12.713599993730895,18.998199986526743
6.935900004464202,0.8219000010285527,0.12340000830590725,14.686099995742552,22.567300009541214
5.412200000137091,0.5990000063320622,0.0940000027185306,12.506399987614714,18.611599996802397
5.183400004170835,0.5979999987175688,0.0813999940874055,12.613899991265498,18.476699988241307
5.511900002602488,0.642999992123805,0.10260000999551266,11.897500007762574,18.15500001248438
4.910600007860921,0.46210001164581627,0.07670000195503235,12.404399996739812,17.853800018201582
5.34860001062043,0.559599997359328,0.083099992480129,12.618400010978803,18.60970001143869
4.71599999582395,0.4457000031834468,0.0754000066081062,12.222900011693127,17.46000001730863
6.91240000014659,0.7593999907840043,0.3209999995306134,13.117100010276772,21.10990000073798
7.347799997660331,0.7904000085545704,0.13840000610798597,12.655300000915304,20.93190001323819
4.945499997120351,0.6923000037204474,0.10859999747481197,12.049199998728,17.79559999704361
5.004999999073334,0.48160000005736947,0.07609999738633633,12.715499993646517,18.278199990163557
5.445200004032813,0.5376000044634566,0.07979999645613134,12.600600006408058,18.66320001136046
5.582999991020188,0.5798000056529418,0.08209999941755086,12.72630000312347,18.97119999921415
4.778700007591397,0.4462999932002276,0.07570000889245421,12.493100002757274,17.793800012441352
7.2169000050053,0.6382999999914318,0.10449999535921961,13.846099987858906,21.805799988214858
6.235199994989671,0.7173999911174178,0.102700010756962,12.613999992026947,19.669299988890998
4.6584000083385035,0.6743999983882532,0.10229999315924942,12.669000003370456,18.104100003256463
5.024400001275353,0.47590000031050295,0.07909999112598598,12.633999998797663,18.213399991509505
4.9938000011025,0.6119000026956201,0.08369999704882503,11.291700007859617,16.981100008706562
5.574299997533672,0.6413999944925308,0.10220000694971532,12.754100011079572,19.07200001005549
4.975899995770305,0.5044999998062849,0.07860000187065452,12.630100012756884,18.18910001020413
5.00109999848064,0.49220000801142305,0.0771000050008297,15.02190000610426,20.592300017597154
5.562999998801388,0.6024000031175092,0.08430000161752105,12.73879999644123,18.98849999997765
4.961699989507906,0.487600002088584,0.07819999882485718,12.657700004638173,18.18519999505952
5.1844999979948625,0.5052000051364303,0.07999999797903001,12.617899992619641,18.387599993729964
5.42410000343807,0.6055000121705234,0.0847999908728525,12.616799998795614,18.73120000527706
5.556299991440028,0.5708999960916117,0.08850000449456275,12.641499997698702,18.857199989724904
4.962199993315153,0.4700999998021871,0.07750000804662704,12.463599996408448,17.973399997572415
4.95890001184307,0.48099999548867345,0.07949999417178333,15.950899993185885,21.470299994689412
7.082500000251457,1.4842000091448426,0.2170000079786405,12.076600003638305,20.860300021013245
5.1414000045042485,0.563900000997819,0.08259998867288232,12.681399995926768,18.469299990101717
5.044000005000271,0.49669999862089753,0.07850000110920519,12.63069998822175,18.249899992952123
5.026600003475323,0.5325999954948202,0.08040000102482736,11.685499994200654,17.325099994195625
4.721000004792586,0.464599987026304,0.09519999730400741,10.514399997191504,15.795199986314401
5.421300011221319,0.5696000007446855,0.08360001083929092,12.589499994646758,18.664000017452054
4.568699994706549,0.5288999964250252,0.11440001253504306,12.64390000142157,17.855900005088188
6.126100008259527,0.7506999972974882,0.10520000068936497,12.774200004059821,19.756200010306202
4.603999987011775,0.5077999958302826,0.07660000119358301,11.744299990823492,16.932699974859133
5.394000007072464,0.7697000110056251,0.10550000297371298,12.432699993951246,18.701900015003048
5.200400002649985,0.5240000027697533,0.09940000018104911,12.525199999799952,18.34900000540074
5.328799990820698,0.5654999986290932,0.08179999713320285,12.674699988565408,18.650799975148402
5.516600009286776,0.5724000075133517,0.08240000170189887,12.55430000310298,18.725700021605007
4.96779999230057,0.49420000868849456,0.07949999417178333,12.660799999139272,18.20229999430012
8.525099998223595,0.9517999860690907,0.10720000136643648,13.729800004512072,23.313899990171194
5.399799993028864,0.607900001341477,0.12510000669863075,10.959999999613501,17.092800000682473
5.307600004016422,0.46490000386256725,0.07650000043213367,12.548699989565648,18.39769999787677
4.992100002709776,0.5024999991292134,0.07890000415500253,12.62999999744352,18.20350000343751
5.85970000247471,0.64820000261534,0.07939999341033399,12.722400002530776,19.30970000103116
5.813700001453981,0.5354000022634864,0.08659999002702534,12.675699996179901,19.111399989924394
5.368500002077781,0.5453999910969287,0.0805000017862767,13.593399999081157,19.587799994042143
5.099100002553314,0.4794999986188486,0.08650000381749123,14.549699990311638,20.21479999530129
5.100599999423139,0.477400011732243,0.07680000271648169,12.615900006494485,18.27070002036635
5.134899998665787,0.6824000010965392,0.10269999620504677,10.965499997837469,16.885499993804842
5.132699996465817,0.6274000043049455,0.10220000694971532,8.931000003940426,14.793300011660904
3.468900002189912,0.4428999964147806,0.07580000965390354,7.366499994532205,11.354100002790801
3.69729999511037,0.4394999996293336,0.07650000043213367,7.45249999454245,11.665799989714287
5.684400006430224,0.5904999998165295,0.08129999332595617,12.655399987124838,19.011599986697547
6.915200006915256,0.7760000007692724,0.1142999972216785,11.57059999241028,19.376099997316487
4.994299990357831,0.48820000665728003,0.08009999874047935,15.134100001887418,20.69669999764301
5.047200000262819,0.5537999968510121,0.08120000711642206,12.49209999514278,18.174299999373034
4.887800008873455,0.501199989230372,0.07879998884163797,12.090100004570559,17.557899991516024
4.799400005140342,0.5375000037020072,0.09050000517163426,11.927200001082383,17.354600015096366
4.742200006148778,0.45110000064596534,0.07609999738633633,12.448099994799122,17.717499998980202
5.010599998058751,0.5519000114873052,0.08869999146554619,11.312000002362765,16.963200003374368
6.456200004322454,0.6272000027820468,0.1311999949393794,12.964399997144938,20.178999999188818
5.554399991524406,0.5956999957561493,0.08280000474769622,14.967900002375245,21.200799994403496
6.703899998683482,0.5791000003227964,0.08230000094044954,12.61799999338109,19.98329999332782
5.365000004530884,0.5470000032801181,0.0813000078778714,12.57869999972172,18.572000015410595
4.823800001759082,0.45900000259280205,0.07530000584665686,12.849599996116012,18.207700006314553
5.090499995276332,0.48719999904278666,0.0779999973019585,12.529200001154095,18.184899992775172
5.4909000027691945,0.5614999972749501,0.0822000001790002,12.786699997377582,18.921299997600727
5.516900011571124,0.6439999997382984,0.0999000039882958,14.157600002363324,20.418400017661043
5.374699991079979,0.6501000025309622,0.083099992480129,11.370699998224154,17.478599984315224
6.479199990280904,0.7259000121848658,0.1142999972216785,12.642699992284179,19.962099991971627
4.827600001590326,0.46609999844804406,0.07620001269970089,12.299000009079464,17.668900021817535
5.158499989192933,0.632499999483116,0.10180000390391797,12.261399999260902,18.15419999184087
4.768099999637343,0.45429999590851367,0.07590001041535288,12.410299998009577,17.708600003970787
5.348399994545616,0.622000006842427,0.10099999781232327,12.5794999912614,18.650899990461767
5.579100004979409,0.5164999893167987,0.08289999095723033,13.33070000691805,19.50919999217149
5.064700002549216,0.47400000039488077,0.07870000263210386,12.364599999273196,17.982000004849397
6.838599991169758,0.6735999922966585,0.12090000382158905,13.402099997620098,21.035199984908104
5.697700005839579,0.6498000002466142,0.1016000023810193,12.662499997531995,19.111600005999207
5.587399995420128,0.5920999974478036,0.07939999341033399,12.220499993418343,18.47939997969661
5.304800011799671,0.628499998128973,0.10379999002907425,12.751699992804788,18.788799992762506
4.709100001491606,0.48349999997299165,0.07999999797903001,11.702900010277517,16.975500009721145
5.048899998655543,0.5150999932084233,0.07659998664166778,10.88970000273548,16.530299981241114
5.3309000068111345,0.629100002697669,0.10259999544359744,12.646199989831075,18.708799994783476
5.720800007111393,0.6447000050684437,0.10289999772794545,13.678700008313172,20.147100018220954
5.58640000235755,0.5674000130966306,0.08199999865610152,12.597100008861162,18.832900022971444
5.517100013094023,0.5410999874584377,0.09109999518841505,12.57429999532178,18.723599991062656
5.106800002977252,0.4921999934595078,0.07840000034775585,12.695700002950616,18.373099999735132
5.166100003407337,0.633100004051812,0.10199999087490141,12.595299995155074,18.496499993489124
4.725199993117712,0.46189999557100236,0.07609999738633633,12.092499993741512,17.355699979816563
5.42200000199955,0.5786999972769991,0.08230000094044954,13.218699998105876,19.301699998322874
5.416500003775582,0.47959999938029796,0.07569999434053898,12.0972000004258,18.06899999792222
5.367899997509085,0.5881999968551099,0.09730001329444349,11.088100000051782,17.14150000771042
5.468800009111874,0.5871000030310825,0.08379999781027436,12.445899992599152,18.585600002552383
5.208799993852153,0.6286999996518716,0.10200000542681664,12.763500009896234,18.703000008827075
4.868400006671436,0.4672999930335209,0.07750000804662704,12.209200009237975,17.62240001698956
4.9303999985568225,0.530699995579198,0.08129999332595617,11.288100009551272,16.83049999701325
5.352199994376861,0.5880999960936606,0.0822000001790002,13.59729999967385,19.619799990323372
6.086399997002445,0.7307000050786883,0.11269999959040433,13.262799999210984,20.19260000088252
4.806600001757033,0.4661000129999593,0.07809999806340784,12.539599993033335,17.890400005853735
4.745800004457124,0.5418999935500324,0.09539999882690609,12.599499998032115,17.982599994866177
4.670499998610467,0.4879999905824661,0.0796000094851479,8.643100009066984,13.881200007745065
3.6236000014469028,0.44770000386051834,0.07580000965390354,11.867299996083602,16.014400011044927
4.780999996000901,0.4464000085135922,0.07589999586343765,12.533899993286468,17.8371999936644
5.997200001729652,0.8088000031420961,0.11750000703614205,13.467199998558499,20.39070001046639
6.971700000576675,0.7221000123536214,0.10549998842179775,14.506799998343922,22.306099999696016
5.953500003670342,0.6818000110797584,0.10370000381954014,12.38549999834504,19.12450001691468
5.373299994971603,0.5118000117363408,0.08650000381749123,12.076700004399754,18.04830001492519
4.820799993467517,0.4709000058937818,0.07720000576227903,12.402200009091757,17.771100014215335
5.157299994607456,0.47480000648647547,0.07829999958630651,12.533899993286468,18.244299993966706
4.696799995144829,0.4692000075010583,0.0771000050008297,11.298500001430511,16.54160000907723
4.865800001425669,0.4437000025063753,0.07700000423938036,14.164799998980016,19.55130000715144
6.837399996584281,0.5080999981146306,0.07850000110920519,12.561399998958223,19.98539999476634
5.219400001806207,0.484200005303137,0.07619999814778566,15.457399989827536,21.237199995084666
5.560299992794171,0.5853000038769096,0.08230000094044954,12.735399999655783,18.963299997267313
4.974700001184829,0.5449999880511314,0.08169999637175351,12.581300004967488,18.182699990575202
5.137900006957352,0.494699997943826,0.07660000119358301,11.336800002027303,17.046000008122064
5.2263999969,0.48750000132713467,0.07699998968746513,10.873799998080358,16.664699985994957
5.532399998628534,0.5569000059040263,0.08179999713320285,13.890599992009811,20.061699993675575
7.484700006898493,0.6446000043069944,0.1024999946821481,12.638999993214384,20.87079999910202
4.799100002855994,0.504899988300167,0.07599999662488699,11.321400001179427,16.701399988960475
5.160599990631454,0.6189999985508621,0.10220000694971532,11.456799998995848,17.33859999512788
5.060700001195073,0.46629999997094274,0.07590001041535288,12.420099999872036,18.023000011453405
5.199899998842739,0.6240999937290326,0.10380000458098948,12.687399997957982,18.615199995110743
5.1777000044239685,0.62519998755306,0.10509999992791563,12.537000002339482,18.444999994244426
5.174799996893853,0.5180000007385388,0.0850000069476664,14.423900007386692,20.20170001196675
5.136499996297061,0.4734999965876341,0.08940001134760678,15.306500004953705,21.005900009186007
5.1525000017136335,0.5734000005759299,0.08379999781027436,12.620699999388307,18.430399999488145
5.174399993848056,0.6221000076038763,0.08249998791143298,12.602200004039332,18.481199993402697
4.942100000334904,0.5075999943073839,0.08129999332595617,12.632600002689287,18.16359999065753
5.186299997149035,0.5756999889854342,0.08339999476447701,12.611400001333095,18.45679998223204
5.0722000014502555,0.5734000005759299,0.08310000703204423,12.620900000911206,18.349600009969436
5.168999996385537,0.5594999965978786,0.08150000940077007,14.02560000133235,19.835600003716536
5.108799989102408,0.4778000002261251,0.0788000033935532,13.918800003011711,19.584199995733798
5.054100009147078,0.49259999650530517,0.07920000643935055,12.552499989396892,18.178400001488626
5.583199992543086,0.5283999926177785,0.08079998951870948,12.52540000132285,18.717799976002425
4.968599998392165,0.6856999971205369,0.10320000001229346,11.836899997433648,17.594399992958643
5.189699993934482,0.6148999964352697,0.10170000314246863,12.327800010098144,18.234100003610365
4.818500005058013,0.6594000005861744,0.07789999654050916,11.302500002784654,16.85830000496935
5.654000007780269,0.5342999938875437,0.09249999129679054,12.711999996099621,18.992799989064224
7.125200005248189,0.6264000112423673,0.10619999375194311,13.271800009533763,21.129600019776262
6.406000000424683,0.6001000001560897,0.08489999163430184,12.508799991337582,19.599799983552657
5.000399993150495,0.4932000010740012,0.07989999721758068,12.575000000651926,18.148499992094003
5.103700008476153,0.589400005992502,0.08269998943433166,12.563500000396743,18.33930000429973
5.212000003666617,0.5633999971905723,0.08169999637175351,12.653899990255013,18.510999987483956
5.109200006700121,0.5781999934697524,0.08340000931639224,12.279200003831647,18.050000013317913
5.361299990909174,0.7141999958548695,0.0990999978967011,12.541400006739423,18.715999991400167
7.159900007536635,0.7370999956037849,0.11779999476857483,13.474300008965656,21.48910000687465
5.648400008794852,0.7378000009339303,0.10380000458098948,12.371799995889887,18.86180001019966
4.960400008712895,0.5130000063218176,0.07870000263210386,12.569299986353144,18.12140000401996
5.142900001374073,0.48550000065006316,0.07949999417178333,12.569600003189407,18.277499999385327
4.870999997365288,0.4881000058958307,0.07819999882485718,12.733799987472594,18.17109998955857
5.491899995831773,0.48160000005736947,0.07720000576227903,12.669599993387237,18.72029999503866
5.35900000249967,0.5567999905906618,0.08250000246334821,12.621599991689436,18.619899987243116
5.221299987169914,0.5541999998968095,0.08100000559352338,13.104999990900978,18.961499983561225
6.07529999979306,1.389299999573268,0.16379999578930438,16.073600010713562,23.702000005869195
5.155799997737631,0.5728999967686832,0.08270000398624688,11.67870000062976,17.49009999912232
5.063199991127476,0.5055000074207783,0.07890000415500253,12.516400005551986,18.164000008255243
5.1475999935064465,0.47990000166464597,0.07819999882485718,12.654599995585158,18.360299989581108
5.354599998099729,0.5462999979499727,0.08399999933317304,15.522100002272055,21.50699999765493
6.754300004104152,0.8973000076366588,0.13809998927172273,14.106400005402975,21.89610000641551
6.781399992178194,0.9063999896170571,0.13580000086221844,15.313900003093295,23.137499985750765
5.543499995837919,0.6046000053174794,0.10119999933522195,16.491800008225255,22.741100008715875
5.268699998850934,0.6294999911915511,0.10200000542681664,12.642300003790297,18.6424999992596
5.147000003489666,0.6282999966060743,0.1036000030580908,12.682300002779812,18.561200005933642
5.263600003672764,0.4870999982813373,0.0785999873187393,12.301800001296215,18.131099990569055
5.261500002234243,0.6215999892447144,0.10240000847261399,12.509500011219643,18.495000011171214
5.475099998875521,0.5789999995613471,0.08709999383427203,12.167900000349618,18.30909999262076
5.605499987723306,0.6289000011747703,0.09459999273531139,12.773499998729676,19.102499980363064
6.138000011560507,0.7759999862173572,0.10620000830385834,12.896300002466887,19.91650000854861
5.018800002289936,0.4994000046281144,0.07759999425616115,12.367000002996065,17.962800004170276
5.571800007601269,0.6742000114172697,0.10189999011345208,12.610999998287298,18.958900007419288
4.920999999740161,0.5577999982051551,0.11660000018309802,12.664499998209067,18.25989999633748
5.133900005603209,0.5142999871168286,0.07929999264888465,12.552400003187358,18.27989998855628
5.152300000190735,0.5100999987917021,0.07940000796224922,12.624399998458102,18.36620000540279
5.792800002382137,0.7824999920558184,0.12950001109857112,12.75750000786502,19.462300013401546
5.883699996047653,0.5623000033665448,0.08189999789465219,12.831500003812835,19.359400001121685
5.945100012468174,0.5705000075977296,0.08269998943433166,12.767899999744259,19.366200009244494
5.087899990030564,0.487600002088584,0.07660000119358301,12.530199994216673,18.182299987529404
5.552799993893132,0.6391000060830265,0.10520000068936497,12.727399996947497,19.02449999761302
4.958000004990026,0.6338999955914915,0.102700010756962,10.82749999477528,16.52210000611376
4.913400000077672,0.5068000027677044,0.07999999797903001,12.579700007336214,18.07990000816062
5.142699999851175,0.6295000057434663,0.10289999772794545,12.430400005541742,18.30550000886433
5.701200003386475,0.6215999892447144,0.08600000001024455,13.564399996539578,19.973199989181012
6.340099993394688,0.7283999875653535,0.10209999163635075,13.277599995490164,20.448199968086556
5.58409999939613,0.5795000033685938,0.08310000703204423,12.78249999450054,19.02920000429731
4.97749999340158,0.5124000017531216,0.07860000187065452,10.74460000381805,16.313100000843406
5.209499999182299,0.5415000050561503,0.08129999332595617,12.411000003339723,18.243300000904128
5.079399998066947,0.6148999964352697,0.1016000023810193,12.384900008328259,18.180800005211495
3.983000002335757,0.5356000037863851,0.08099999104160815,12.31589999224525,16.915499989409
5.1811000012094155,0.6144999933894724,0.10289999772794545,12.846199999330565,18.7446999916574
6.89839999540709,0.724500001524575,0.1145999995060265,13.652100009494461,21.389600005932152
5.418100001406856,0.5721000052290037,0.08270000398624688,12.59800000116229,18.670900011784397
5.619799994747154,0.6247999990591779,0.10200000542681664,12.661900007515214,19.008500006748363
4.819099995074794,0.46660000225529075,0.07660000119358301,12.04469999356661,17.406999992090277
5.294299990055151,0.6868999917060137,0.08850000449456275,9.62450000224635,15.694199988502078
4.781299998285249,0.45089999912306666,0.07739999273326248,12.145300002885051,17.45489999302663
4.980099998647347,0.5243999912636355,0.0805999879958108,12.541999996756203,18.127099974662997
5.011800007196143,0.4690999921876937,0.07829999958630651,14.16849999804981,19.727699997019954
8.138799996231683,0.8196999988285825,0.11929999163839966,12.705699991784059,21.783499978482723
5.424300004960969,0.48919999971985817,0.07809999806340784,12.510000000474975,18.50160000321921
5.044400008046068,0.5575999966822565,0.12339999375399202,11.912599991774186,17.637999990256503
5.023100005928427,0.5005999992135912,0.08009999874047935,12.465799998608418,18.069600002490915
5.159399996045977,0.6629999988945201,0.07920000643935055,12.061999994330108,17.963599995709956
5.225799992331304,0.5432000034488738,0.08299999171867967,12.647600000491366,18.499599987990223
5.391000013332814,0.6385000015143305,0.08489999163430184,12.800399999832734,18.91480000631418
5.226599998422898,0.5631999956676736,0.08199999865610152,14.255299989599735,20.127099982346408
5.048500010161661,0.4833999992115423,0.07819999882485718,12.560099989059381,18.17019999725744
5.052000007708557,0.6465000042226166,0.10420000762678683,12.613400002010167,18.416100021568127
5.490700001246296,0.5638000002363697,0.0822000001790002,12.58780001080595,18.724500012467615
4.9851000076159835,0.5514999938895926,0.07860000187065452,10.296099993865937,15.911299997242168
5.640200004563667,0.614699994912371,0.10209999163635075,12.951799988513812,19.3087999796262
5.124699993757531,0.6314999918686226,0.10210000618826598,12.949600000865757,18.807899992680177
8.277700006146915,0.7216999947559088,0.10869999823626131,11.759000000893138,20.867100000032224
6.730100009008311,0.7474000012734905,0.11340000492054969,14.043899995158426,21.634800010360777
5.580199998803437,0.6262999959290028,0.10299999848939478,12.507699997513555,18.81719999073539
5.225500004598871,0.6167000101413578,0.10259999544359744,12.195599992992356,18.140400003176183
4.990900008124299,0.5132999940542504,0.08080000407062471,12.614700011909008,18.199700018158183
4.979800010914914,0.48340001376345754,0.07919999188743532,12.180599995190278,17.723000011756085
5.110900005092844,0.4773999971803278,0.07590001041535288,12.718700003460981,18.382900016149506
6.17979999515228,0.6193000008352101,0.09420000424142927,13.29519999853801,20.18849999876693
5.320800002664328,0.5459999956656247,0.08080000407062471,12.605799987795763,18.55339999019634
5.652899999404326,0.7584999984828755,0.10379999002907425,13.146999990567565,19.66219997848384
4.907399998046458,0.643899998976849,0.10109999857377261,11.479900000267662,17.13229999586474
4.764499986777082,0.48040000547189265,0.07770000956952572,10.961500011035241,16.28410001285374
6.646800000453368,0.7610000029671937,0.11000000813510269,12.909199998830445,20.42700001038611
5.1586999907158315,0.7117000059224665,0.09820000559557229,12.13370000186842,18.10230000410229
5.185900008655153,0.5674999993061647,0.08739999611862004,12.659100000746548,18.499900004826486
5.989400000544265,0.6355000077746809,0.1024999946821481,12.677399994572625,19.40479999757372
6.946800000150688,0.6002999871270731,0.09790000331122428,13.400499999988824,21.04549999057781
5.4170999937923625,0.5452000041259453,0.08510000770911574,12.770500004990026,18.81790001061745
5.910199994104914,0.7162000110838562,0.106100007542409,12.913900005514733,19.646400018245913
5.601299999398179,0.633700008620508,0.10229999315924942,12.640699991607107,18.977999992785044
5.707599993911572,0.6270000012591481,0.08789999992586672,11.592399998335168,18.014899993431754
5.069500009994954,0.6907999922987074,0.08739999611862004,12.482000005547889,18.32970000396017
7.767900009639561,0.6576000014320016,0.10349998774472624,12.75510000414215,21.28410000295844
6.12869999895338,0.6950999959371984,0.10930000280495733,14.873100008117035,21.80620000581257
5.462999994051643,0.632800001767464,0.10350000229664147,12.691500000073574,18.890799998189323
5.596899994998239,0.5785999965155497,0.08180001168511808,12.678400002187118,18.935700005386025
5.223300002398901,0.5949000042164698,0.08169999637175351,12.546300000394695,18.44620000338182
5.071999999927357,0.48600000445730984,0.07660000119358301,12.461100006476045,18.095700012054294
4.925000001094304,0.4923000087728724,0.08450000314041972,12.274499997147359,17.776300010154955
5.301299999700859,0.6893000099807978,0.10289999772794545,11.399700000765733,17.493200008175336
6.550699996296316,0.6122000049799681,0.07989999721758068,12.69069999398198,19.933499992475845
5.2109000098425895,0.5856000061612576,0.0822000001790002,12.628299999050796,18.507000015233643
5.483000000822358,0.5815000040456653,0.08270000398624688,10.675200013793074,16.822400022647344
4.99300000956282,0.562699991860427,0.08140000863932073,12.430300004780293,18.06740001484286
4.95519999822136,0.4734000103781,0.076299998909235,12.807000006432645,18.31190001394134
5.486699999892153,0.6465000042226166,0.08410000009462237,11.441900001955219,17.65920000616461
5.033999987062998,0.4864000075031072,0.07860000187065452,13.70399999723304,19.3029999936698
5.2211000001989305,0.5533000075956807,0.08299999171867967,13.187999997171573,19.045399996684864
5.0903000083053485,0.4771999956574291,0.07720000576227903,12.349800002994016,17.994500012719072
5.068099999334663,0.5683000053977594,0.08129999332595617,10.464699997100979,16.182399995159358
4.999500000849366,0.6320999964373186,0.08199999865610152,12.553299995488487,18.266899991431274
5.2940000023227185,0.6572999991476536,0.10269999620504677,12.647200011997484,18.701200009672903
5.857199997990392,0.5398999928729609,0.07919999188743532,12.586400000145659,19.062699982896447
5.822600011015311,0.6091999966884032,0.0940999889280647,12.674500001594424,19.200399998226203
6.3193999958457425,0.6351999909384176,0.10340000153519213,12.558999995235354,19.616999983554706
6.252499995753169,0.7735999970464036,0.10830000974237919,13.437799992971122,20.572199995513074
5.324800004018471,0.571299999137409,0.08290000550914556,12.656500010052696,18.63550001871772
5.428500007838011,0.593700009630993,0.08360001083929092,12.68549999804236,18.791300026350655
4.717499992693774,0.48069999320432544,0.08839998918119818,11.755999992601573,17.04259996768087
5.136600011610426,0.6182000070111826,0.10200000542681664,12.514899994130246,18.37170001817867
5.208599992329255,0.5802999949082732,0.08209999941755086,12.634699989575893,18.50569997623097
4.955500000505708,0.6372000061674044,0.10089999705087394,13.693100001546554,19.38670000527054
16.002199990907684,1.0487999970791861,0.17769999976735562,42.039100007968955,59.26779999572318
5.488700000569224,0.5804999964311719,0.08260000322479755,12.518199990154244,18.669999990379438
4.95069999305997,0.48400000378023833,0.07819999882485718,12.337099993601441,17.849999989266507
5.060900002717972,0.5479999963426962,0.0948999950196594,10.98380000621546,16.687600000295788
5.086999997729436,0.5475999932968989,0.09500001033302397,12.546600002679043,18.2762000040384
5.280199999106117,0.5805999971926212,0.08230000094044954,12.620599998626858,18.563699995866045
4.713100002845749,0.4489999992074445,0.07700000423938036,11.334199996781535,16.57330000307411
4.59670000418555,0.5350999999791384,0.09010000212583691,11.595299991313368,16.817199997603893
5.221500003244728,0.5680999893229455,0.08210001396946609,12.600499991094694,18.472199997631833
5.0205000006826594,0.47300000733230263,0.07560000813100487,11.72239999868907,17.291500014835037
5.2223000093363225,0.6340999971143901,0.08439998782705516,12.46539999556262,18.40619998984039
5.004799997550435,0.6315000064205378,0.08060000254772604,12.998499994864687,18.715400001383387
5.480200008605607,0.5802999949082732,0.08260000322479755,12.569600003189407,18.712700009928085
5.288700005621649,0.5515999946510419,0.07920000643935055,13.744500000029802,19.664000006741844
5.4755000019213185,0.6656999903498217,0.10130000009667128,14.864899989333935,21.107399981701747
4.670899987104349,0.5858000076841563,0.07690000347793102,11.826199988718145,17.15979998698458
4.606899994541891,0.45029999455437064,0.07559999357908964,12.890699988929555,18.023499971604906
5.014999987906776,0.5459000094560906,0.09580000187270343,12.382200002321042,18.038900001556613
5.329199993866496,0.6099000020185485,0.08620000153314322,12.592200000653975,18.617499998072162
5.196300000534393,0.5069000035291538,0.07660000119358301,12.802700002794154,18.582500008051284
5.661499992129393,0.5930999905103818,0.08420000085607171,12.250799991306849,18.589599974802695
6.414200004655868,0.5379999929573387,0.0768999889260158,10.699799997382797,17.72889998392202
4.985999999917112,0.48580000293441117,0.07730000652372837,14.815800008364022,20.364900017739274
5.207900001551025,0.5903999990550801,0.083099992480129,12.693399999989197,18.57479999307543
5.034600006183609,0.6384000007528812,0.1024999946821481,12.422900006640702,18.19840000825934
5.474999998114072,0.5751999997301027,0.08169999637175351,12.477099997340702,18.60899999155663
5.321899996488355,0.5715000006603077,0.08280000474769622,12.633999998797663,18.61020000069402
4.982700003893115,0.4988000000594184,0.07870000263210386,12.184999999590218,17.745200006174855
5.713399994419888,0.6078999867895618,0.08749999688006938,18.240399993374012,24.64919997146353
5.555900002946146,0.5529000045498833,0.08900000830180943,13.83460000215564,20.032400017953478
5.507300011231564,0.7274999952642247,0.10689999908208847,11.98840000142809,18.330100007005967
5.245799999102019,0.6903000030433759,0.11570000788196921,10.382599997683428,16.434400007710792
5.346299993107095,0.570699994568713,0.08290000550914556,12.689500013948418,18.689400007133372
5.18269999884069,0.6436999974539503,0.10259999544359744,12.57580000674352,18.504799998481758
5.24790000054054,0.5670999962603673,0.07570000889245421,12.292100000195205,18.182800005888566
5.013200003304519,0.48379998770542443,0.076299998909235,13.193499995395541,18.76679998531472
4.372399998828769,0.46609999844804406,0.0771999912103638,11.327400003210641,16.243099991697818
6.265499992878176,0.5067000020062551,0.08420000085607171,14.162599996780045,21.01899999252055
4.932199997710995,0.7025000086287037,0.10240000847261399,12.561600000481121,18.298700015293434
4.9934000126086175,0.553100006072782,0.08170001092366874,12.477500000386499,18.105700029991567
5.355300003429875,0.575300000491552,0.08179999713320285,12.685800000326708,18.698200001381338
5.2140000043436885,0.5654999986290932,0.0830000062705949,12.409400005708449,18.271900014951825
4.94339999568183,0.46919999294914305,0.07539999205619097,12.172499991720542,17.660499972407706
4.892099997960031,0.7074000022839755,0.10170000314246863,13.434899999992922,19.136100003379397
5.000799996196292,0.5022999976063147,0.07950000872369856,13.269700008095242,18.852300010621548
5.455699996673502,0.5776999896625057,0.08360001083929092,12.238299997989088,18.355299995164387
4.954199990606867,0.48740000056568533,0.07670000195503235,12.08539999788627,17.603699991013855
3.653499996289611,0.4664000007323921,0.07599999662488699,7.327400002395734,11.523299996042624
5.428999997093342,0.6338999955914915,0.10699999984353781,12.668600000324659,18.83849999285303
5.24779999977909,0.6297999934758991,0.10869999823626131,12.573100000736304,18.559399992227554
4.970599999069236,0.4507999983616173,0.07520000508520752,10.489000007510185,15.985600010026246
9.036799994646572,0.7633000059286132,0.11130000348202884,13.018500001635402,22.929900005692616
6.306399998720735,0.7941999938338995,0.12709999282378703,12.78259999526199,20.01029998064041
5.194400000618771,0.5600000004051253,0.08179999713320285,12.459299992769957,18.295499990927055
4.935299992212094,0.7050000131130219,0.10370000381954014,12.552500003948808,18.296500013093464
5.14340000518132,0.6274999905144796,0.10210000618826598,12.674099998548627,18.547100000432692
4.785400000400841,0.520500005222857,0.08499999239575118,12.472499991417862,17.863399989437312
5.254599993349984,0.6411999929696321,0.10150000161956996,12.68930001242552,18.686600000364706
5.067199992481619,0.4710000066552311,0.07660000119358301,13.866099994629622,19.480899994960055
6.0754000005545095,0.7003999926382676,0.10290001227986068,13.270799987367354,20.149499992839992
5.701099988073111,0.7244000007631257,0.09790000331122428,12.083900001016445,18.607299993163906
5.3115999908186495,0.6245999975362793,0.11079999967478216,12.254800007212907,18.301799995242618
5.1525000017136335,0.4928999987896532,0.07909999112598598,12.898999993922189,18.62349998555146
4.719599994132295,0.5082999996375293,0.07679998816456646,9.077599999727681,14.382299981662072
3.513500007102266,0.4417000018293038,0.07520000508520752,7.35470000654459,11.385100020561367
5.055900008301251,0.5730000120820478,0.07989999721758068,12.3128999985056,18.02170001610648
4.336900005000643,0.6990999972913414,0.1007999962894246,12.693600001512095,17.830400000093505
5.797100006020628,0.5355999892344698,0.07690000347793102,12.4091000034241,18.81870000215713
5.317399991326965,0.6810000049881637,0.10109999857377261,12.919300002977252,19.018799997866154
5.015400005504489,0.4783000040333718,0.07819999882485718,12.348799995379522,17.92070000374224
5.287299994961359,0.6271999882301316,0.10289999772794545,12.871300001279451,18.888699982198887
4.770600004121661,0.46779999684076756,0.076299998909235,11.42529999196995,16.739999991841614
5.296300005284138,0.606699992204085,0.10189999011345208,12.392499993438832,18.397399981040508
5.084899996290915,0.4687000036938116,0.07700000423938036,13.71520000975579,19.345800013979897
6.4860999991651624,0.5912999913562089,0.08350001007784158,12.913200000184588,20.0741000007838
6.206999998539686,0.4717999981949106,0.07709999044891447,12.58409999718424,19.33999998436775
4.863800000748597,0.5953000072622672,0.0926000066101551,12.574200009112246,18.125900023733266
5.008899999666028,0.46189999557100236,0.0771999912103638,13.19589999911841,18.743899985565804
5.458100000396371,0.5578999989666045,0.08240000170189887,12.431899987859651,18.530299988924526
4.834899998968467,0.5284999933792278,0.08930001058615744,11.27719999931287,16.729900002246723
5.32270000257995,0.6322000117506832,0.10239999392069876,12.96330000332091,19.020600011572242
6.0174999962328,0.7470000127796084,0.09980000322684646,14.142200001515448,21.006500013754703
5.061199990450405,0.5233999982010573,0.07779999577905983,12.730999995255843,18.393399979686365
5.598799994913861,0.55929999507498,0.08040000102482736,11.802699998952448,18.041199989966117
4.895700010820292,0.5193999968469143,0.07909999112598598,12.428399990312755,17.922599989105947
4.9956000002566725,0.5953000072622672,0.10309999925084412,12.549699997180142,18.243700003949925
5.56200000573881,0.5659999878844246,0.08250000246334821,12.669699994148687,18.88019999023527
5.183300003409386,0.5704999930458143,0.08270000398624688,12.546400001156144,18.38290000159759
6.182500001159497,0.674300012178719,0.10110001312568784,12.483800004702061,19.441700031165965
5.042300006607547,0.6556000007549301,0.09760000102687627,11.982199997873977,17.77770000626333
4.888099996605888,0.49310000031255186,0.07930000720079988,12.107300004572608,17.567800008691847
5.609400002867915,0.6001999863656238,0.08260000322479755,12.695999990683049,18.988199983141385
5.774400007794611,0.749099999666214,0.10730000212788582,12.33729999512434,18.96810000471305
5.292600006214343,0.5222000036155805,0.07979999645613134,12.808900006348267,18.703500012634322
4.914100005407818,0.6014999962644652,0.1007999962894246,12.008600009721704,17.62500000768341
5.2214000024832785,0.7855000003473833,0.08919999527279288,13.359000004129484,19.45510000223294
5.267600005026907,0.5589000065810978,0.08230000094044954,11.239700004807673,17.148500017356128
5.434299993794411,0.6364000000758097,0.10229999315924942,12.585900010890327,18.758899997919798
5.483600005391054,0.6294999911915511,0.10300001304131001,12.70170000498183,18.917800014605746
5.316099995980039,0.5099999980302528,0.0782000133767724,12.522999997599982,18.427300004987046
5.856599993421696,0.5875000060768798,0.08399999933317304,12.66320000286214,19.19130000169389
4.593100005877204,0.46549999387934804,0.07810001261532307,11.143099996843375,16.27980000921525
4.909900002530776,0.48979998973663896,0.07789999654050916,14.272599990363233,19.750199979171157
5.193000004510395,0.5821000086143613,0.0822000001790002,14.678799998364411,20.536100011668168
5.358800000976771,0.6243999960133806,0.09629999112803489,12.557699999888428,18.637199988006614
5.38040000537876,0.6049000076018274,0.10040000779554248,12.601199996424839,18.68690001720097
5.1485000003594905,0.6009000062476844,0.08410000009462237,12.66040001064539,18.493900017347187
4.8796000046422705,0.5127000040374696,0.07830001413822174,12.58550000784453,18.056100030662492
4.975799995008856,0.46969999675638974,0.07599999662488699,13.133299988112412,18.654799976502545
5.298499992932193,0.6422000005841255,0.0999000039882958,12.443800005712546,18.48440000321716
5.983600000035949,0.5099000118207186,0.07670000195503235,13.715699999011122,20.28590001282282
5.431900004623458,0.6266999989748001,0.109500004327856,12.582199997268617,18.75030000519473
5.137500003911555,0.5783000087831169,0.08349999552592635,12.659199986956082,18.45849999517668
5.3081999940332025,0.5590999935520813,0.08189999789465219,12.563700001919642,18.512899987399578
5.290299988701008,0.599899998633191,0.0931999966269359,12.510399988968857,18.493799972929992
5.131099998834543,0.5378000059863552,0.07900000491645187,12.239100004080683,17.987000013818033
5.479300001752563,0.592199998209253,0.08280000474769622,12.643599999137223,18.797900003846735
5.0285000033909455,0.548800002434291,0.09030000364873558,10.94159999047406,16.609199999948032
6.109900001320057,0.8049000025494024,0.10209999163635075,13.039800003753044,20.056699999258853
5.336999995051883,0.6408999906852841,0.10410000686533749,12.630600002012216,18.71259999461472
5.172600009245798,0.5736000020988286,0.08280000474769622,12.409800008754246,18.23880002484657
4.939999998896383,0.47300000733230263,0.07700000423938036,12.646099989069626,18.13609999953769
5.182900000363588,0.5037999944761395,0.07870000263210386,12.50110000546556,18.26650000293739
5.129700002726167,0.6496999994851649,0.10239999392069876,12.614899998879991,18.496699995012023
6.642400010605343,0.5544000014197081,0.0847999908728525,12.345499999355525,19.627100002253428
6.344499997794628,0.7714000093983486,0.09880001016426831,13.469099998474121,20.683800015831366
4.416000010678545,0.46889999066479504,0.07569999434053898,11.64319999224972,16.6037999879336
5.526499997358769,0.6385999877238646,0.10230000771116465,12.603399998624809,18.870799991418608
4.694900009781122,0.4589999880408868,0.076299998909235,11.809300005552359,17.039500002283603
4.881300003034994,0.7041000062599778,0.1016000023810193,12.254000001121312,17.941000012797303
5.769399998825975,0.6219999922905117,0.08290000550914556,12.79590000922326,19.270200005848892
7.574600007501431,0.7269000052474439,0.10260000999551266,12.930299999425188,21.334400022169575
7.325600003241561,0.6604000082006678,0.09699999645818025,12.872500010416843,20.955500018317252
4.735399998025969,0.5041999975219369,0.07750000804662704,11.12180000927765,16.438900012872182
4.965500003891066,0.47679999261163175,0.07699998968746513,12.628600001335144,18.147899987525307
4.765300007420592,0.47389999963343143,0.07899999036453664,11.118800000986084,16.436999998404644
4.827600001590326,0.5560999998124316,0.08080000407062471,12.439700003596954,17.904200009070337
5.270700014079921,0.6159000040497631,0.1016000023810193,12.386200003675185,18.37440002418589
4.680400001234375,0.4898000042885542,0.07690000347793102,12.661599990678951,17.90869999967981
5.21160000062082,0.6024000031175092,0.09960000170394778,19.614199991337955,25.52779999678023
7.249900008901022,0.8416000055149198,0.10710000060498714,12.78180000372231,20.98040001874324
3.485499997623265,0.45960000716149807,0.07609999738633633,8.41470000159461,12.43590000376571
4.9525000067660585,0.5613000103039667,0.08070000330917537,12.553900000057183,18.148400020436384
4.6608999982709065,0.4763000033563003,0.0771999912103638,12.364700000034645,17.579099992872216
4.684699990320951,0.4732000088552013,0.0771999912103638,12.74619999458082,17.981299984967336
4.826500007766299,0.49259999650530517,0.07819999882485718,11.776799990911968,17.17409999400843
5.289199994876981,0.4786000063177198,0.07569999434053898,13.053899994702078,18.897399990237318
8.7088999862317,0.5112000071676448,0.08159999561030418,12.121099993237294,21.422799982246943
4.725699996924959,0.5161000008229166,0.09380000119563192,7.467600007657893,12.8032000066014
4.910999996354803,0.53779999143444,0.08150000940077007,12.644600006751716,18.17490000394173
3.8653000083286315,0.4498999915085733,0.07470000127796084,11.991899998974986,16.381800000090152
4.894700003205799,0.559899999643676,0.08549999620299786,11.949500010814518,17.48960000986699
3.4687000006670132,0.45419999514706433,0.07559999357908964,11.557399993762374,15.555899983155541
4.801700008101761,0.4693999944720417,0.07570000889245421,12.551799998618662,17.89860001008492
4.677500008256175,1.9144999969284981,0.1323000033153221,13.412200001766905,20.1365000102669
5.876700000953861,0.7849999965401366,0.12090000382158905,12.8773999895202,19.659999990835786
5.415899999206886,0.6332000048132613,0.09790000331122428,12.653199999476783,18.800200006808154
5.265799991320819,0.4791999963345006,0.0771000050008297,12.48549998854287,18.30759998119902
4.852199999731965,0.49470001249574125,0.07700000423938036,11.367700004484504,16.79160002095159
5.074200002127327,0.5275000003166497,0.10259999544359744,10.519099989323877,16.22339998721145
5.54490000649821,0.586300011491403,0.08319999324157834,12.733199997455813,18.947600008687004
5.149499993422069,0.6384000007528812,0.10289999772794545,13.457699998980388,19.348499990883283
5.439300002763048,0.5843999970238656,0.08189999789465219,12.55499999388121,18.660599991562776
4.955500000505708,0.4715999966720119,0.07579999510198832,12.569400001666509,18.072299993946217
5.14409999595955,0.5741999921156093,0.08179999713320285,11.999900001683272,17.799999986891635
5.15449998783879,0.6699000077787787,0.08689999231137335,12.64330001140479,18.554599999333732
5.054999986896291,0.5769999988842756,0.0830000062705949,12.635600010980852,18.350600003032014
4.6313999919220805,0.5384999967645854,0.07619999814778566,11.253899996518157,16.49999998335261
5.001500001526438,0.5076999950688332,0.07920000643935055,12.686300004133955,18.274700007168576
8.754800001042895,0.5222000036155805,0.07900000491645187,12.688800008618273,22.0448000181932
5.477599988807924,0.6431000074371696,0.10849999671336263,12.55729999684263,18.786499989801086
5.136300009326078,0.6299000087892637,0.10429999383632094,12.129299997468479,17.99980000942014
4.623000000719912,0.5261000042082742,0.07690000347793102,12.089399999240413,17.31540000764653
4.303000008803792,0.4673999937949702,0.07610001193825155,12.444499996490777,17.29100001102779
5.251900001894683,0.5983000010019168,0.08100000559352338,12.664800000493415,18.596000008983538
5.248800007393584,0.644200001261197,0.10209999163635075,12.759899997035973,18.754999997327104
12.799800009815954,0.6905999907758087,0.10630000906530768,12.376600003335625,25.973300012992695
5.160499989870004,0.5876999930478632,0.08240000170189887,12.649900003452785,18.480499988072552
5.212100004428066,0.5889000021852553,0.08199999865610152,12.634099999559112,18.517100004828535
5.41519999387674,0.6536000000778586,0.08019999950192869,11.028100008843467,17.177100002299994
5.060099996626377,0.5442999972729012,0.07609999738633633,12.628700002096593,18.309199993382208
5.654900000081398,0.683299993397668,0.10389999079052359,12.702899999567308,19.144999983836897
4.991600013454445,0.49050000961869955,0.08860000525601208,12.628500000573695,18.19920002890285
9.729600002174266,1.7174999957205728,0.12489999062381685,15.251200005877763,26.82319999439642
5.516999997780658,0.5875999922864139,0.08270000398624688,12.62259999930393,18.80989999335725
4.924199995002709,0.4979999939678237,0.07940000796224922,12.630600002012216,18.132199998944998
4.922799998894334,0.5182000022614375,0.07979999645613134,12.377899998682551,17.898699996294454
5.127500000526197,0.637700009974651,0.10170000314246863,12.61730000260286,18.484200016246177
5.215600001974963,0.6320999964373186,0.10250000923406333,12.65439999406226,18.604600001708604
5.040699994424358,0.6833999941591173,0.09820000559557229,12.236599999596365,18.058899993775412
5.418999993707985,0.8222000033129007,0.09839999256655574,16.23380000819452,22.573399997781962
4.970499998307787,0.5168999923625961,0.07829999958630651,12.667200004216284,18.232899994472973
5.288000000291504,0.5674999993061647,0.08179999713320285,12.458299999707378,18.39559999643825
5.100299997138791,0.6326000002445653,0.09560000034980476,12.616399995749816,18.444899993482977
5.3512999875238165,0.5681000038748607,0.08280000474769622,12.696399993728846,18.69859998987522
5.371199993533082,0.5860999954165891,0.0816000101622194,11.955399997532368,17.99429999664426
5.096900000353344,0.5715000006603077,0.08179999713320285,12.597100008861162,18.347300007008016
5.178399995202199,0.5677000008290634,0.08189999789465219,14.52870000503026,20.356699998956174
5.8569999964674935,0.7409999961964786,0.11339999036863446,12.898800006951205,19.610199989983812
4.686699990998022,0.4585999995470047,0.07879998884163797,7.455200000549667,12.679299979936332
3.501200000755489,0.45849999878555536,0.0754000066081062,10.410700007923879,14.44580001407303
4.546600001049228,0.4700999998021871,0.07639999967068434,12.041299996781163,17.134399997303262
4.956899996614084,0.4952999879606068,0.07829999958630651,12.65370000328403,18.184199987445027
4.930299997795373,0.5113999941386282,0.07979999645613134,12.59510000818409,18.116599996574223
4.81739999668207,0.5435000057332218,0.07989999721758068,10.840599992661737,16.28139999229461
7.07690000126604,0.7985999982338399,0.179000009666197,14.183199993567541,22.237700002733618
5.6936999899335206,0.6675000040559098,0.11069999891333282,12.612000005901791,19.083899998804554
5.010599998058751,0.562999994144775,0.1002000062726438,12.56689999718219,18.24069999565836
5.62270000227727,0.6672999879810959,0.10030000703409314,12.732000002870336,19.122300000162795
5.276900003082119,0.629400004982017,0.10140000085812062,12.85150001058355,18.859200019505806
5.796699988422915,0.7266000029630959,0.10090001160278916,11.537400001543574,18.161600004532374
4.990900008124299,0.6266999989748001,0.07700000423938036,11.191800003871322,16.8864000152098
5.670700003975071,0.7883000071160495,0.109200002043508,13.716700006625615,20.284900019760244
6.7128000082448125,0.666000007186085,0.09000000136438757,14.30120000441093,21.770000021206215
4.819199995836243,0.4704000020865351,0.0754000066081062,12.561499999719672,17.926500004250556
4.754300010972656,0.4813999985344708,0.07690000347793102,11.717500005033799,17.030100018018857
5.135600003995933,0.6262000097194687,0.10209999163635075,10.353799996664748,16.2177000020165
4.943500010995194,0.47559999802615494,0.07720000576227903,11.426600001868792,16.92290001665242
5.478500010212883,0.7403000054182485,0.10710000060498714,12.43350000004284,18.75940001627896
5.388799996580929,0.5361999938031659,0.08199999865610152,14.10119999491144,20.108199983951636
5.306699997163378,0.5723999929614365,0.0816000101622194,11.835600002086721,17.796300002373755
6.456399991293438,0.7885999948484823,0.08939999679569155,13.024299987591803,20.358699970529415
4.662499995902181,0.6834000087110326,0.08149999484885484,12.673399993218482,18.10079999268055
5.000599994673394,0.6362999993143603,0.10209999163635075,12.633299993467517,18.372299979091622
5.553800001507625,0.6054999976186082,0.08209999941755086,12.293299994780682,18.534699993324466
5.046999998739921,0.509400008013472,0.08240000170189887,12.574199994560331,18.213000003015622
5.008100008126348,0.5249000096227974,0.07840000034775585,12.5623999920208,18.173800010117702
5.815800002892502,0.5767000111518428,0.08159999561030418,12.546199999633245,19.020300009287894
5.950199993094429,0.6794000073568895,0.10760000441223383,12.867400000686757,19.60460000555031
5.392899998696521,0.5945000011706725,0.08119999256450683,12.64039998932276,18.70899998175446
4.942900006426498,0.4786000063177198,0.07700000423938036,11.650100001133978,17.148600018117577
4.822699993383139,0.7009999972069636,0.09469999349676073,12.214900008984841,17.833299993071705
5.391699989559129,0.5942999996477738,0.08250000246334821,10.911399993347004,16.979899985017255
5.099799993331544,0.5909000028623268,0.08260000322479755,12.666800001170486,18.440100000589155
4.363999993074685,0.5590000073425472,0.08420000085607171,14.582400006474927,19.58960000774823
5.536700002267025,0.5728999967686832,0.09840000711847097,13.08920000155922,19.2972000077134
5.050799998571165,0.5161000008229166,0.09539999882690609,12.732100003631786,18.394400001852773
4.463099990971386,0.4898000042885542,0.0771000050008297,11.557299993000925,16.587299993261695
5.11749999714084,0.6402999861165881,0.10309999925084412,12.36550000612624,18.226399988634512
4.5768999989377335,0.4791999963345006,0.07589999586343765,12.173499999335036,17.305499990470707
5.093100000522099,0.480500006233342,0.07580000965390354,12.20840000314638,17.857800019555725
5.613899993477389,0.735200010240078,0.10659999679774046,12.13590000406839,18.591600004583597
5.7930000039050356,0.6136000010883436,0.09210000280290842,13.585799999418668,20.084500007214956
5.583699996350333,0.5747999966843054,0.08189999789465219,12.553399996249937,18.793799987179227
5.16790000256151,0.6542999908560887,0.10380000458098948,12.636800005566329,18.562800003564917
4.704600010882132,0.4782999894814566,0.07569999434053898,10.622400004649535,15.880999999353662
5.2681999950436875,0.5938999966019765,0.08310000703204423,12.704900000244379,18.650099998922087
5.350599996745586,0.5808999994769692,0.08230000094044954,12.56620000640396,18.580000003566965
5.070500003057532,0.5015000060666353,0.07910000567790121,12.633000005735084,18.284100020537153
6.531699997140095,0.7215000077849254,0.11220001033507288,12.562799995066598,19.92820001032669
6.3042999972822145,0.5455999926198274,0.08689999231137335,12.5112999958219,19.448099978035316
4.681199992774054,0.48099999548867345,0.07720000576227903,12.695700002950616,17.935099996975623
5.3780000016558915,0.6200000061653554,0.08610000077169389,12.584000010974705,18.668100019567646
5.304400008753873,0.4859999899053946,0.08689999231137335,10.827300007804297,16.70459999877494
5.296599993016571,0.49669999862089753,0.0788999896030873,12.602299990248866,18.474499971489422
4.960499994922429,0.47650000487919897,0.07700000423938036,12.652400007937104,18.166400011978112
4.963100000168197,0.5372000014176592,0.07860000187065452,14.133300006506033,19.712200009962544
5.206699992413633,0.5823999963467941,0.08100000559352338,16.46189999883063,22.33199999318458
5.296999996062368,0.5824999971082434,0.08310000703204423,12.66409999516327,18.626699995365925
5.034600006183609,0.5176000122446567,0.07989999721758068,12.551799998618662,18.18390001426451
5.583099991781637,0.609799986705184,0.083099992480129,12.701600004220381,18.97759997518733
5.306899998686276,0.5748000112362206,0.10639999527484179,12.64929999888409,18.637400004081428
4.832799997529946,0.7160999957704917,0.10170000314246863,11.94480000413023,17.595400000573136
5.084200005512685,0.5160000000614673,0.07860000187065452,11.53139999951236,17.210200006957166
5.048399994848296,0.5671999970218167,0.09690001024864614,10.946599999442697,16.659100001561455
7.590599998366088,0.7584999984828755,0.10800000745803118,13.658399999258108,22.115500003565103
5.013999994844198,0.4996000061510131,0.07930000720079988,12.163899998995475,17.756800007191487
5.280299999867566,0.5766999965999275,0.0830000062705949,12.662200009799562,18.60220001253765
5.051399988587946,0.5805999971926212,0.08270000398624688,12.668299998040311,18.382999987807125
5.17230000696145,0.601400010054931,0.08240000170189887,12.645900002098642,18.502000020816922
5.684699994162656,0.6001000001560897,0.08199999865610152,12.692699994659051,19.0594999876339
5.686999997124076,0.6928999937372282,0.08510000770911574,14.164499996695668,20.629499995266087
5.038899995270185,0.7298000127775595,0.09280000813305378,11.968799997703172,17.83030001388397
6.820900001912378,0.5371000006562099,0.07919999188743532,12.523500001407228,19.96069999586325
5.3656999953091145,0.5972000071778893,0.0822000001790002,12.691700001596473,18.736800004262477
4.917400001431815,0.6267999997362494,0.09079999290406704,10.781799996038899,16.41679999011103
5.184300011023879,0.7169000018620864,0.08350001007784158,12.559099995996803,18.54380001896061
5.1515999948605895,0.6490999949164689,0.10370000381954014,12.71880000422243,18.62319999781903
4.764800003613345,0.7355999987339601,0.10799999290611595,12.736799995764159,18.34519999101758
5.283699996653013,0.5699999892385677,0.0833000085549429,12.573300002259202,18.510299996705726
8.141300000716,0.6167999963508919,0.0833000085549429,14.270800005760975,23.11220001138281
5.480799998622388,0.6978000019444153,0.11079999967478216,12.628399999812245,18.91780000005383
5.56559998949524,0.6290000019362196,0.08410000009462237,13.12319999851752,19.401899990043603
5.390600010287017,0.4997000069124624,0.07670000195503235,12.306899996474385,18.273900015628897
5.116400003316812,0.4988000000594184,0.07680000271648169,12.668199997278862,18.360200003371574
5.351700005121529,0.6033999961800873,0.08240000170189887,12.30389998818282,18.341399991186336
6.607099989196286,0.5835000047227368,0.08339999476447701,12.716999990516342,19.99099997919984
6.428400010918267,0.7194999925559387,0.08089999028015882,13.34859999769833,20.577399991452694
4.742999997688457,0.4972000024281442,0.07809999806340784,12.46480000554584,17.78310000372585
4.748199993628077,0.4903000080958009,0.07840000034775585,12.475399998947978,17.792300001019612
5.120699992403388,0.5234999989625067,0.0847000046633184,12.737799988826737,18.46669998485595
5.175400001462549,0.5697000015061349,0.09250000584870577,12.812500004656613,18.650100013474002
5.607800005236641,0.6824999873060733,0.09580000187270343,13.449599995510653,19.83569998992607
6.066899994038977,0.7664000004297122,0.10580000525806099,12.799999996786937,19.739099996513687
5.285399995045736,0.596500001847744,0.08259998867288232,13.943600002676249,19.90809998824261
4.597500010277145,0.481100010802038,0.07670000195503235,12.475300012738444,17.63060003577266
5.007199986721389,0.6068000075174496,0.08199999865610152,12.579100002767518,18.27509999566246
5.275000003166497,0.4955999902449548,0.07669998740311712,12.664399997447617,18.511699978262186
5.38409998989664,0.6095999997342005,0.08320000779349357,12.729800000670366,18.8066999980947
4.641700012143701,0.6532999977935106,0.08510000770911574,11.792500008596107,17.172600026242435
5.863500002305955,0.599899998633191,0.08269998943433166,12.948499992489815,19.494599982863292
5.725700000766665,0.5966000026091933,0.08209999941755086,12.692399992374703,19.096799995168112
5.172199991648085,0.6045999907655641,0.0957000011112541,12.89359999645967,18.766099979984574
4.995399998733774,0.5020000098738819,0.07999999797903001,12.679999999818392,18.257400006405078
4.970800000592135,0.5201000021770597,0.07919999188743532,12.470100002246909,18.04019999690354
4.504700002144091,0.6001000001560897,0.08080000407062471,10.346200011554174,15.53180001792498
5.567700005485676,0.6712999893352389,0.10120001388713717,12.833400003728457,19.17360001243651
4.308499992475845,0.5237000004854053,0.07690000347793102,10.078699997393414,14.987799993832596
5.004500009818003,0.4963999963365495,0.07730000652372837,14.194200004567392,19.772400017245673
4.998700009309687,0.5301999917719513,0.08040000102482736,13.631299996632151,19.240599998738617
5.536800003028475,0.6258999928832054,0.08399999933317304,12.820399992051534,19.067099987296388
3.696599989780225,0.47670000640209764,0.07690000347793102,7.345999998506159,11.596199998166412
5.423299997346476,0.5696000007446855,0.08120000711642206,12.487200001487508,18.56130000669509
5.314299996825866,0.6649999995715916,0.10590000601951033,12.689399998635054,18.774600001052022
5.522400009795092,0.599899998633191,0.0968000094871968,13.220599998021498,19.439700015936978
5.096499997307546,0.5692000122508034,0.08099999104160815,12.393700002576225,18.140400003176183
6.1956999998074025,0.7197999948402867,0.08589999924879521,12.596600005053915,19.5979999989504
5.304200007230975,0.6972999981371686,0.10810000821948051,13.280700004543178,19.3903000181308
4.983599996194243,0.6613000005017966,0.09650000720284879,13.2995000021765,19.04090000607539
5.283499995130114,0.6031999946571887,0.08319999324157834,12.909600001876242,18.879499984905124
5.282400001306087,0.6310000026132911,0.08850000449456275,9.874900002614595,15.876800011028536
4.981799997040071,0.525100011145696,0.07979999645613134,12.470499990740791,18.05719999538269
4.973500006599352,0.48669999523554,0.07680000271648169,12.830499996198341,18.367500000749715
5.186800000956282,0.7005000079516321,0.08089999028015882,14.081600005738437,20.04980000492651
4.1003999940585345,0.49760000547394156,0.09359999967273325,13.264300010632724,17.955900009837933
5.288300002575852,0.6012000085320324,0.08289999095723033,12.45149999158457,18.423899993649684
5.173899990040809,0.6099000020185485,0.08399999933317304,12.69730000058189,18.56509999197442
5.534600000828505,0.6278999935602769,0.0838999985717237,12.728800007607788,18.975200000568293
4.2972999945050105,0.5281000048853457,0.07700000423938036,9.630000000470318,14.532400004100055
5.034100002376363,0.4928000125801191,0.07650000043213367,13.058299999102019,18.661700014490634
5.804399988846853,0.6883000023663044,0.09940000018104911,12.7098999946611,19.301999986055307
4.946399989421479,0.55340000835713,0.19789999350905418,14.654300000984222,20.351999992271885
5.453899997519329,0.7418999884976074,0.11219999578315765,13.139599992427975,19.44759997422807
4.901799999061041,0.5068000027677044,0.07589999586343765,12.575699991430156,18.06019998912234
5.152999990968965,0.4999000084353611,0.07920000643935055,12.705200002528727,18.437300008372404
4.296800005249679,0.5227000074228272,0.07780001033097506,9.749799995915964,14.647100018919446
5.517600002349354,0.5875000060768798,0.08270000398624688,12.667500006500632,18.855300018913113
5.401399990660138,0.6194000015966594,0.08199999865610152,12.40989999496378,18.51269998587668
5.060700001195073,0.48990000505000353,0.07619999814778566,12.684999994235113,18.311799998627976
5.293900001561269,0.6408999906852841,0.10180000390391797,12.404299995978363,18.440899992128834
7.17389999772422,0.8849000005284324,0.15490000077988952,13.141499992343597,21.35519999137614
4.661999992094934,0.5971999926259741,0.08430000161752105,12.635899998713285,17.979399985051714
5.0900999922305346,0.49249999574385583,0.07809999806340784,12.608100005309097,18.268799991346896
4.583200003253296,0.6231000006664544,0.10400000610388815,10.31189999775961,15.622200007783249
5.44709998939652,0.6020000000717118,0.0822000001790002,12.683000008109957,18.81429999775719
5.368899990571663,0.6139000033726916,0.08280000474769622,12.842199997976422,18.907799996668473
5.741400003898889,1.635099994018674,0.1213000068673864,16.813599999295548,24.311400004080497
5.654799999319948,0.7519000064348802,0.08620000153314322,12.41150000714697,18.90440001443494
7.282399994437583,0.6384000007528812,0.08209999941755086,12.720200000330806,20.72309999493882
4.547000004095025,0.5041999975219369,0.08320000779349357,9.787200004211627,14.921600013622083
5.723099995520897,0.7269000052474439,0.11189999349880964,12.947199997142889,19.50909999141004
5.455499995150603,0.7216999947559088,0.10399999155197293,12.77450000634417,19.055699987802655
5.035499998484738,0.5350999999791384,0.08000001253094524,12.627500007511117,18.27810001850594
4.258400003891438,0.5023999983677641,0.07939999341033399,12.945900001795962,17.7860999974655
5.276900003082119,0.6627000111620873,0.10439999459777027,10.616600004141219,16.660600012983195
4.238399997120723,0.49170000420417637,0.07739999273326248,12.148099995101802,16.955599989159964
5.203499997151084,0.5310999986249954,0.07750000804662704,8.815299996058457,14.627399999881163
3.5173000069335103,0.45870000030845404,0.07520000508520752,7.3638000030769035,11.415000015404075
4.774900007760152,0.5084000003989786,0.07739999273326248,12.25210000120569,17.612800002098083
5.577700008871034,0.6599000043934211,0.1019000046653673,12.692900010733865,19.032400028663687
6.108000001404434,0.6609999982174486,0.09959998715203255,12.784599995939061,19.653199982712977
5.048699997132644,0.5644999910145998,0.08889999298844486,14.298699999926612,20.0007999810623
5.2872000087518245,0.6826000026194379,0.09030000364873558,9.626599989132956,15.686700004152954
5.1346000109333545,0.5144000024301931,0.09539999882690609,13.062199999694712,18.806600011885166
5.571299989242107,0.5407999997260049,0.10259999544359744,12.728099987725727,18.942799972137436
5.239300007815473,0.6090999959269539,0.08280000474769622,12.647900002775714,18.579100011265837
5.034899993916042,0.5011000030208379,0.07720000576227903,13.001500003156252,18.61470000585541
5.572599999140948,0.7102999952621758,0.10350000229664147,12.40479999978561,18.791199996485375
5.263099999865517,0.5865999992238358,0.08189999789465219,11.280699996859767,17.21229999384377
6.25900000159163,0.674000009894371,0.10189999011345208,12.780899996869266,19.81579999846872
5.977400011033751,0.6367000023601577,0.08329999400302768,12.609999990672804,19.30739999806974
6.422000005841255,0.6649999995715916,0.09800000407267362,12.023500006762333,19.208500016247854
5.3669000044465065,0.5183000030228868,0.07870000263210386,12.653300000238232,18.61720001033973
5.282999991322868,0.6089999951655045,0.08240000170189887,12.696599995251745,18.670999983442016
5.288999993354082,0.6017999985488132,0.08070000330917537,12.70999999542255,18.68149999063462
5.368700003600679,0.5945000011706725,0.08250000246334821,12.786600011168048,18.832300018402748
7.05990000278689,0.7981000089785084,0.17749999824445695,12.735600001178682,20.771100011188537
3.524999992805533,0.46209999709390104,0.0844999885885045,7.405600001220591,11.47719997970853
6.1203000077512115,0.6856999971205369,0.1078000059351325,13.092599998344667,20.006400009151548
5.034000001614913,0.7121000089682639,0.08909999451134354,12.473500013584271,18.308700018678792
5.306199993356131,0.5861999961780384,0.08099999104160815,12.604499992448837,18.577899973024614
5.386799995903857,0.6131999980425462,0.09410000347997993,12.648200005060062,18.742300002486445
4.464400000870228,0.5113999941386282,0.08930001058615744,11.422800002037548,16.48790000763256
5.4681000037817284,0.687299994751811,0.10239999392069876,12.72400000016205,18.98179999261629
5.268099994282238,0.6566999945789576,0.10230000771116465,12.73149999906309,18.75859999563545
5.270499998005107,0.6634000019403175,0.10209999163635075,13.121500000124797,19.157499991706572
5.908899998757988,0.7734999962849542,0.08589999924879521,11.795800004620105,18.564099998911843
5.431400000816211,0.5902999982936308,0.08260000322479755,12.725399996270426,18.829699998605065
4.260500005329959,0.5441999965114519,0.07749999349471182,11.731899998267181,16.614099993603304
5.262899998342618,0.6252000021049753,0.09309999586548656,12.77970000228379,18.76089999859687
5.945099997916259,0.5559999990509823,0.07959999493323267,12.734300005831756,19.31499999773223
6.608099996810779,0.6701999955112115,0.1379000023007393,11.361299999407493,18.777499994030222
4.316099992138334,0.5087999888928607,0.07589999586343765,9.650699998019263,14.551499974913895
5.926599988015369,0.6127999949967489,0.08280000474769622,12.58629999938421,19.208499987144023
4.172700006165542,0.5003999976906925,0.08430000161752105,10.570699989330024,15.328099994803779
5.073299995274283,0.6425999890780076,0.10069999552797526,12.532399996416643,18.34899997629691
5.122000002302229,0.5087000026833266,0.07810001261532307,12.340900007984601,18.04970002558548
5.31520000367891,0.5926000012550503,0.08430000161752105,12.718099998892285,18.710200005443767
5.607099999906495,0.7107999990694225,0.1010000123642385,13.218499996582977,19.637400007923134
5.434999999124557,0.6322999979602173,0.09779998799785972,12.993999989703298,19.15909997478593
5.387600001995452,0.6683999963570386,0.10210000618826598,13.179700006730855,19.33780001127161
6.6759000037563965,0.5763000081060454,0.10150000161956996,12.684100001933984,20.037800015415996
5.073899999842979,0.47790000098757446,0.07609999738633633,12.202700003399514,17.830600001616403
3.7346999888541177,0.666000007186085,0.10379999002907425,12.379799998598173,16.88429998466745
5.3420000040205196,0.5361000075936317,0.08299999171867967,12.60250000632368,18.56360000965651
5.000000004656613,0.5180000007385388,0.07780001033097506,12.745300002279691,18.341100018005818
6.409499997971579,0.6634000019403175,0.10320000001229346,13.036100004683249,20.21220000460744
5.160700005944818,0.5142000009072945,0.09210000280290842,13.143500007572584,18.910500017227605
5.165199996554293,0.7713999948464334,0.11369999265298247,13.137800007825717,19.188099991879426
5.314299996825866,0.6060000014258549,0.08199999865610152,12.774200004059821,18.776500000967644
5.5511999962618575,0.603899999987334,0.08460000390186906,13.883799998438917,20.123499998589978
5.6831999972928315,0.6332999910227954,0.08290000550914556,12.984100001631305,19.383499995456077
5.67830000363756,0.6804000004194677,0.08929999603424221,12.556000001495704,19.004000001586974
5.130599995027296,0.6737999938195571,0.08260000322479755,12.626899988390505,18.513899980462156
5.241100006969646,0.6646000110777095,0.10309999925084412,12.765000006766059,18.773800024064258
5.377599998610094,0.6025000038789585,0.08239998714998364,12.802500001271255,18.86499999091029
4.602100001648068,0.6400999991456047,0.09300000965595245,10.130299997399561,15.465500007849187
5.294599992339499,0.5965999880572781,0.08349999552592635,12.703500004136004,18.678199980058707
5.266899999696761,0.6443000020226464,0.08630000229459256,11.306999993394129,17.30449999740813
4.695499999797903,0.5089000042062253,0.07829999958630651,12.371999997412786,17.65470000100322
4.9455999978818,0.6269000004976988,0.10170000314246863,8.975300006568432,14.6495000080904
5.0608000019565225,0.6135000003268942,0.11569999333005399,14.559100003680214,20.349099999293685
5.265200001304038,0.7575999916298315,0.10819999442901462,9.573199989972636,15.70419997733552
5.174399993848056,0.7277999975485727,0.10390000534243882,9.379399998579174,15.385499995318241
6.721199999446981,0.5271999980323017,0.07850000110920519,12.790599997970276,20.117499996558763
5.418600005214103,0.661700003547594,0.10649999603629112,12.521199998445809,18.708000003243797
3.52030000067316,0.4856000014115125,0.07559999357908964,7.443099995725788,11.52459999138955
4.891200005658902,0.4938999918522313,0.07909999112598598,12.252300002728589,17.71649999136571
5.158100000699051,0.5097999965073541,0.07920000643935055,12.830200008465908,18.577300012111664
5.2586000092560425,0.6097000004956499,0.08260000322479755,14.001600007759407,19.952500020735897
5.554100003791973,0.6293000042205676,0.09200000204145908,10.878999994019978,17.154400004073977
4.212500003632158,0.4895000020042062,0.07619999814778566,11.542599997483194,16.320800001267344
8.406699998886324,0.6457999988924712,0.08410000009462237,13.313799994648434,22.450399992521852
5.082799994852394,0.564800007850863,0.08209999941755086,12.656999999308027,18.386700001428835
5.0752999959513545,0.5187999922782183,0.0796000094851479,12.46769999852404,18.14139999623876
5.251900001894683,0.6020000000717118,0.0830000062705949,12.657800005399622,18.59470001363661
5.348999999114312,0.5287999956635758,0.07890000415500253,12.526200007414445,18.482900006347336
5.854100003489293,0.7171999895945191,0.10049999400507659,13.126100006047636,19.797899993136525
5.256699994788505,0.5320000054780394,0.07870000263210386,13.128999999025837,18.996400001924485
6.950700000743382,0.7869999972172081,0.11750000703614205,13.370400003623217,21.22560000861995
5.352599997422658,0.7699999987380579,0.089899986051023,12.393500001053326,18.605999983265065
5.473800003528595,0.5709000106435269,0.0771999912103638,12.323699993430637,18.445599998813123
4.75969999388326,0.5982000002404675,0.08250000246334821,12.640500004636124,18.0809000012232
4.411999994772486,0.5077000096207485,0.07720000576227903,12.625799994566478,17.62270000472199
6.491399995866232,0.7692999934079126,0.21349999587982893,12.90770000196062,20.381899987114593
4.546399999526329,0.6258999928832054,0.10299999848939478,10.594599996693432,15.869899987592362
5.305300001055002,0.6484000041382387,0.10300001304131001,14.028899997356348,20.0856000155909
6.774299996322952,0.5405000119935721,0.07670000195503235,12.913300000946037,20.304800011217594
3.678100008983165,0.48579998838249594,0.07599999662488699,7.443700000294484,11.683599994285032
4.695599986007437,0.4923999949824065,0.07750000804662704,12.422800005879253,17.688299994915724
5.17519999993965,0.7657000096514821,0.1235999952768907,13.310599999385886,19.37510000425391
4.641899999114685,0.640500002191402,0.07840000034775585,11.719000001903623,17.079800003557466
6.634100005612709,0.7679000118514523,0.11860000086016953,12.77739999932237,20.2980000176467
5.462899993290193,0.6243999960133806,0.08280000474769622,12.922000008984469,19.09210000303574
5.047300001024269,0.608200003625825,0.7525999972131103,12.915700004668906,19.32380000653211
5.444299997179769,0.5196999991312623,0.08549999620299786,12.550999992527068,18.600499985041097
4.621300002327189,0.6890999939059839,0.11160000576637685,10.363900000811554,15.785900002811104
5.311000000801869,0.5887000006623566,0.08209999941755086,12.747600005241111,18.729400006122887
4.383200008305721,0.5233999982010573,0.08690000686328858,11.511699995025992,16.50520000839606
5.410800004028715,0.5881000106455758,0.08319999324157834,12.727299996186048,18.809400004101917
5.753200006438419,0.6091000104788691,0.08600000001024455,13.044699997408316,19.49300001433585
5.306699997163378,0.6088999944040552,0.08350001007784158,12.928600001032464,18.92770000267774
6.889600001159124,0.7807999936630949,0.106100007542409,13.1833000050392,20.959800007403828
5.349900005967356,0.6557000015163794,0.10269999620504677,12.749599991366267,18.85789999505505
5.384999996749684,0.596199999563396,0.08320000779349357,12.740599995595403,18.804999999701977
5.283199992845766,0.5940999981248751,0.08339999476447701,11.673899993184023,17.63459997891914
5.04420000652317,0.5161000008229166,0.0805000017862767,12.410600000293925,18.05140000942629
6.007300005876459,0.5006999999750406,0.08589999924879521,12.67820000066422,19.272100005764514
5.354599998099729,0.7053000008454546,0.08019999950192869,10.071000011521392,16.211100009968504
5.739100000937469,0.7360999879892915,0.10460001067258418,12.617200001841411,19.197000001440756
5.146499999682419,0.5594000103883445,0.08159999561030418,12.61510000040289,18.402600006083958
5.467199996928684,0.6036999984644353,0.08149999484885484,12.733399998978712,18.885799989220686
4.9165000091306865,0.5626000056508929,0.08129999332595617,12.554799992358312,18.115200000465848
5.28640000266023,0.593700009630993,0.08230000094044954,12.826000005588867,18.78840001882054
3.5272000095574185,0.4496999899856746,0.09789998875930905,16.976700004306622,21.051499992609024
6.238100002519786,0.7784000044921413,0.1145999995060265,13.085799990221858,20.216899996739812
5.806699991808273,0.6556000007549301,0.09459999273531139,13.749199992162175,20.30609997746069
5.465499998535961,0.6137000018497929,0.08209999941755086,12.678800005232915,18.84010000503622
5.123800001456402,0.49739998939912766,0.07600001117680222,12.687900001765229,18.38510000379756
5.306999999447726,0.6436999974539503,0.10350000229664147,12.717999998130836,18.772199997329153
5.891300010262057,0.6462000019382685,0.08260000322479755,11.402700009057298,18.02280002448242
5.337599999620579,0.6763999990653247,0.1033000007737428,13.781599991489202,19.89889999094885
5.175900005269796,0.6201999931363389,0.0805000017862767,12.636399987968616,18.512999988161027
5.561899990425445,0.5991999933030456,0.08320000779349357,12.538000009953976,18.78230000147596
5.573300004471093,0.6682000093860552,0.10479999764356762,13.767199998255819,20.113500009756535
4.342500003986061,0.5751000135205686,0.11670000094454736,11.690900006215088,16.725200024666265
5.3198000096017495,0.6221000076038763,0.08520000847056508,12.666800001170486,18.693900026846677
5.142499998328276,0.5426999996416271,0.07929999264888465,12.718300000415184,18.48279999103397
5.169600000954233,0.5012000037822872,0.07809999806340784,12.732499992125668,18.481399994925596
6.717500000377186,1.0591000027488917,0.09619999036658555,11.43499999307096,19.307799986563623
5.19739999435842,0.5336000031093135,0.07639999967068434,12.002599993138574,17.809999990276992
5.823899991810322,0.6489000079454854,0.09580000187270343,13.446199998725206,20.014800000353716
6.352199998218566,0.8009000011952594,0.11150000500492752,13.34550000319723,20.610100007615983
3.513899995596148,0.47400000039488077,0.07609999738633633,10.629700002027676,14.69369999540504
5.073899999842979,0.5607000057352707,0.08140000863932073,12.473299997509457,18.189300011727028
3.995599996414967,0.4955000040354207,0.09370000043418258,10.216100010438822,14.800900011323392
5.344700010027736,0.694900008966215,0.10349998774472624,14.220400000340305,20.363500007078983
5.166999995708466,0.5581000004895031,0.08170001092366874,13.478299995767884,19.28510000288952
5.015299990191124,0.5442999972729012,0.08089999028015882,12.172399990959093,17.812899968703277
5.384000003687106,0.7407000084640458,0.1016000023810193,13.033499999437481,19.259800013969652
5.404800001997501,0.5142000009072945,0.07660000119358301,12.374500001897104,18.370100005995482
5.175700003746897,0.5532999930437654,0.07979999645613134,12.762400001520291,18.571199994767085
5.32270000257995,0.6872000085422769,0.08060000254772604,12.753400005749427,18.84390001941938
5.1146999903721735,0.5281000048853457,0.08100000559352338,13.048699998762459,18.7724999996135
5.672600003890693,0.6351999909384176,0.09640000644139946,11.967500002356246,18.371700003626756
5.6317999988095835,0.7285000028787181,0.08940001134760678,13.436199995339848,19.885900008375756
5.533800009288825,0.6439999997382984,0.09669999417383224,15.654700007871725,21.92920001107268
5.791900010081008,0.6419999990612268,0.0847000046633184,12.851000006776303,19.369600020581856
4.411400004755706,0.5546999891521409,0.07769999501761049,9.854199990513735,14.897999979439192
5.13969999155961,0.5197999998927116,0.08040000102482736,12.648099989746697,18.387999982223846
5.064999990281649,0.5142000009072945,0.08329999400302768,12.450900001567788,18.11339998675976
6.1267999990377575,0.865399997564964,0.09940000018104911,12.785700004315004,19.877300001098774
5.455699996673502,0.6090999959269539,0.08230000094044954,12.778100004652515,18.92519999819342
5.007200001273304,0.515899999300018,0.10209999163635075,11.916799994651228,17.5419999868609
7.680899987462908,0.8520999981556088,0.11649999942164868,12.960899999598041,21.610399984638207
4.75439999718219,0.4695999959949404,0.07650000043213367,12.394600009429269,17.695100003038533
4.92699998721946,0.6280000088736415,0.10109999857377261,9.818300008191727,15.474400002858602
5.209200011449866,0.6238000059965998,0.08690000686328858,12.429700000211596,18.34960002452135
5.851599999004975,0.8783000084804371,0.1041999930748716,13.627500011352822,20.461600011913106
5.298699994455092,0.5184000037843361,0.07759999425616115,12.500199998612516,18.394899991108105
