p2g_ms,grid_update_ms,bc_ms,g2p_ms,total_ms
5.372999999963213,0.9700000009615906,0.13749999925494194,9.995799999160226,16.47629999933997
5.76569999975618,0.7416000007651746,0.12570000035339035,9.096599998883903,15.729599999758648
5.31810000029509,0.5839000004925765,0.08510000043315813,8.86009999885573,14.847200000076555
5.182999997487059,0.7268000008480158,0.13330000001587905,9.159799999906681,15.202899998257635
5.522799998288974,0.9720000016386621,0.14350000128615648,9.199600001011277,15.83790000222507
4.813899999135174,0.7595999995828606,0.13699999908567406,9.401299997989554,15.111799995793262
5.232900002738461,1.0661000014806632,0.1357000001007691,9.050399999978254,15.485100004298147
5.463599998620339,0.9424999989278149,0.12939999942318536,10.588500001176726,17.123999998148065
5.365299999539275,0.939599998673657,0.13070000204606913,9.26209999670391,15.69769999696291
5.306999999447726,0.9587999993527774,0.1328999969700817,8.814799999527168,15.213499995297752
5.4612000021734275,0.9408000005350914,0.13250000120024197,8.926700000301935,15.461200004210696
5.150000000867294,0.7272000002558343,0.12769999739248306,9.124500000325497,15.129399998841109
4.997899999580113,0.6257999993977137,0.07990000085555948,8.899399999791058,14.602999999624444
5.479700001160381,0.9911000015563332,0.134599999000784,9.347400002297945,15.952800004015444
5.1118999981554225,0.6056999991415069,0.07969999933266081,8.737399999517947,14.534699996147538
5.326900001819013,0.7476000027963892,0.12510000306065194,9.388099999341648,15.587700007017702
4.963699997460935,0.6052999997336883,0.07879999975557439,9.135200001765043,14.78299999871524
4.8994999997376,0.7292999980563764,0.12400000196066685,9.790800002519973,15.543600002274616
5.364799999370007,0.8975000018835999,0.12760000026901253,9.336300001450581,15.7262000029732
5.964600000879727,0.936699998419499,0.1295000001846347,8.987199998955475,16.017999998439336
5.643899999995483,1.0361999993619975,0.13959999705548398,9.1480999981286,15.967799994541565
5.417600001237588,0.930599999264814,0.14539999756379984,9.047499999724096,15.541099997790297
5.435099999886006,0.9764000024006236,0.1407999989169184,9.56650000080117,16.11880000200472
5.318200001056539,0.9347000013804063,0.12880000213044696,9.178100001008715,15.559800005576108
5.207300000620307,0.9767000010469928,0.14490000103251077,9.124899999733316,15.453800002433127
5.2434000026551075,0.9533999982522801,0.131200002215337,8.798200000455836,15.12620000357856
6.0908000014023855,0.9718999972392339,0.14739999824087135,9.399499998835381,16.609599995717872
5.059999999502907,0.7076000001688953,0.12280000009923242,9.770100001333049,15.660500001104083
5.279600001813378,0.9344999998575076,0.1497999983257614,9.164399998553563,15.52829999855021
4.762000000482658,0.9511999996902887,0.17800000205170363,8.871099998941645,14.762300001166295
6.529899997985922,0.9530999996059109,0.131200002215337,9.196299997711321,16.81049999751849
5.299700002069585,0.9323999984189868,0.1291999979002867,8.95920000039041,15.320499998779269
5.268400000204565,0.9190999990096316,0.13100000069243833,8.851000002323417,15.169500002230052
5.036999998992542,0.6506000027002301,0.08380000144825317,8.90119999894523,14.672600002086256
4.921899999317247,0.6036000013409648,0.07949999780976214,9.113599997363053,14.718599995831028
5.059700000856537,0.6251999984669965,0.1306000012846198,8.950999999797205,14.766500000405358
5.272499998682179,0.9596999989298638,0.13480000052368268,8.952399999543559,15.319399997679284
5.849299999681534,1.0403999986010604,0.13279999984661117,9.718199999042554,16.74069999717176
5.366900000808528,0.9275999982492067,0.1298000024689827,9.02440000209026,15.448700003616977
4.990900000848342,0.7264000014401972,0.12200000128359534,8.93749999886495,14.776800002437085
5.377199999202276,1.0047999967355281,0.14029999874765053,9.038600001076702,15.560899995762156
5.599700001766905,0.9142000017163809,0.1315000008617062,9.004899999126792,15.650300003471784
4.971799997292692,0.7370999992417637,0.12510000306065194,9.119999998802086,14.953999998397194
5.277500000374857,1.01379999978235,0.13050000052317046,8.912700002838392,15.33450000351877
5.629700001009041,0.7316000010177959,0.14860000010230578,9.80130000243662,16.311200004565762
5.215900000621332,0.6565000003320165,0.08370000068680383,9.19409999914933,15.150200000789482
5.336899997928413,0.9129999998549465,0.15100000018719584,9.024099999805912,15.424999997776467
4.935100001603132,0.6729000015184283,0.08069999967119657,8.840599999530241,14.529300002322998
5.0388000017846934,1.1984000011580065,0.13920000128564425,9.163099999568658,15.539500003797002
5.147300002136035,0.715199999831384,0.13049999688519165,8.820600000035483,14.813599998888094
5.756599999585887,0.7632999986526556,0.1260999997612089,8.977299999969546,15.623299997969298
5.343099997844547,0.9205000023939647,0.13050000052317046,9.666300000390038,16.06040000115172
5.384300002333475,0.9497000028204639,0.13519999993150122,9.158500000921777,15.627700006007217
5.2453999996942,0.7192000011855271,0.12540000170702115,8.924099998694146,15.014100001280895
5.461100001411978,0.8996999968076125,0.14139999984763563,9.25690000076429,15.759099998831516
5.199799998081289,0.9142000017163809,0.12790000255336054,10.79089999984717,17.0328000021982
5.634000001009554,0.7394000022031832,0.12449999849195592,8.878199998434866,15.376100000139559
5.433999998786021,0.635200001852354,0.08149999848683365,8.741199999349192,14.8918999984744
5.403600000136066,0.9825000015553087,0.1343000003544148,9.37329999942449,15.893700001470279
5.8417000000190455,0.9439999994356185,0.1362999973935075,10.247500002151355,17.169499998999527
5.3972999994584825,0.9223000015481375,0.13079999916953966,9.511499996733619,15.961899996909779
5.338300001312746,0.716800001100637,0.12419999984558672,9.075199999642791,15.25450000190176
4.963799998222385,0.7319000033021439,0.1235999989148695,9.471900000789901,15.2912000012293
5.318700001225807,0.9210000025632326,0.12770000103046186,9.115600001678104,15.483000006497605
4.9723000010999385,0.7026999992376659,0.13169999874662608,9.024200000567362,14.830899999651592
5.319899999449262,0.967699998000171,0.13240000043879263,9.166799998638453,15.586799996526679
5.056200003309641,0.7193000019469764,0.12310000238358043,8.934400000725873,14.83300000836607
5.3014000004623085,0.9597999996913131,0.12900000001536682,9.444000002986286,15.834200003155274
4.842599999392405,0.6169999978737906,0.07890000051702373,9.028800002852222,14.567300000635441
5.653200001688674,0.9508000002824701,0.13100000069243833,8.974300002591917,15.7093000052555
6.893900001159636,0.9939000010490417,0.13450000187731348,9.963900000002468,17.98620000408846
4.881900000327732,0.8095999983197544,0.14940000255592167,9.099200000491692,14.9401000016951
5.423800001153722,0.7767999995849095,0.15189999976428226,8.927200000471203,15.279700000974117
5.0979000006918795,0.7330999978876207,0.12309999874560162,9.041499997692881,14.995599995017983
5.510999999387423,0.9890000001178123,0.1329000006080605,9.590499998012092,16.223399998125387
5.362700001569465,0.9107999976549763,0.1277999981539324,9.1260000008333,15.527299998211674
5.2575000008801,1.008499999443302,0.13039999976172112,8.992199997010175,15.388599997095298
5.8559999997669365,0.9841000028245617,0.13389999730861746,9.392799998749979,16.366799998650094
4.872100002103252,0.580299998546252,0.07890000051702373,8.944500001234701,14.475800002401229
5.259300000034273,0.9251000010408461,0.1281000004382804,9.088899998459965,15.401399999973364
4.92129999838653,0.8244999989983626,0.2997999981744215,9.552400002576178,15.597999998135492
5.6737000013526995,0.9681000010459684,0.1320000010309741,9.440000001632143,16.213800005061785
5.157200001121964,0.7172000005084556,0.13279999984661117,9.413100000529084,15.420300002006115
5.5334999997285195,0.9255999975721352,0.13129999933880754,9.072599998035002,15.662999994674465
5.180899999686517,0.9998999994422775,0.14980000196374021,9.428900000784779,15.759500001877313
5.594099999143509,0.7288999986485578,0.12429999696905725,8.807999998680316,15.25529999344144
5.419700002676109,0.9009999994304962,0.12790000255336054,9.633000001485925,16.08160000614589
5.327300001226831,0.983599999017315,0.1340000017080456,9.346800001367228,15.79170000331942
10.63849999991362,0.9922999997797888,0.13179999950807542,9.374099998240126,21.13669999744161
5.282699999952456,0.956299998506438,0.13310000213095918,9.008299999550218,15.380400000140071
5.234000000200467,1.0707999972510152,0.1602000011189375,9.71660000141128,16.1815999999817
5.6696999999985565,0.9706999990157783,0.13250000120024197,9.873299997707363,16.64619999792194
4.822500002774177,0.7236999990709592,0.12310000238358043,9.124200001679128,14.793500005907845
5.188099999941187,0.9145000003627501,0.1281000004382804,9.017700002004858,15.248400002747076
4.823099996428937,0.8385000000998843,0.13269999908516183,8.882699999958277,14.67699999557226
5.433999998786021,1.0598000008030795,0.13940000280854292,9.058100000402192,15.691300002799835
5.317099999956554,0.9519999985059258,0.13279999984661117,9.067099999811035,15.468999998120125
5.293599999276921,0.9202000001096167,0.13000000035390258,8.96909999937634,15.31289999911678
4.791700001078425,0.5960999988019466,0.07869999899412505,8.80929999766522,14.275799996539718
5.393899999035057,0.7941000003484078,0.1588000013725832,9.21100000050501,15.557800001261057
5.535200001759222,0.9467000018048566,0.131200002215337,9.026200001244433,15.639300007023849
5.616899998130975,0.9184999980789144,0.1326000019616913,9.690700000646757,16.358699998818338
5.21889999799896,0.9236000005330425,0.12789999891538173,10.820999999850756,17.09139999729814
5.65189999906579,1.0884000002988614,0.16070000128820539,9.020400000736117,15.921400001388974
5.259599998680642,0.7498000013583805,0.12509999942267314,9.080899999389658,15.215399998851353
5.247699999017641,0.9457000014663208,0.1292000015382655,9.437900000193622,15.76050000221585
5.710200002795318,0.9462000016355887,0.13159999798517674,8.969700000307057,15.75770000272314
5.3360999991127755,0.9270000009564683,0.1306000012846198,8.998299999802839,15.392000001156703
5.4000000018277206,0.9160000008705538,0.12730000162264332,9.084599998459453,15.52790000278037
5.029300002206583,0.7130999983928632,0.12250000145286322,9.341000000858912,15.205900002911221
5.994900002406212,1.0204000027442817,0.13389999730861746,9.88359999973909,17.0328000021982
5.223100000876002,1.023900000291178,0.19839999731630087,9.163800001260825,15.609199999744305
5.763599998317659,0.9248999995179474,0.12940000306116417,8.92300000123214,15.74090000212891
5.582699999649776,0.9750999997777399,0.13240000043879263,9.323600002971943,16.013800002838252
4.906800000753719,0.7407000011880882,0.12390000119921751,9.001599999464815,14.77300000260584
4.83410000015283,0.7275000025401823,0.12229999992996454,8.952700001827907,14.636600004450884
4.9405999998271,0.8850999984133523,0.14630000077886507,8.979499998531537,14.951499997550854
5.791899999167072,1.019899998937035,0.13419999959296547,9.625800001231255,16.571799998928327
5.099300000438234,0.7068999984767288,0.12340000102994964,9.38039999891771,15.309999998862622
4.8206999999820255,0.7042999968689401,0.12479999713832512,8.972299998276867,14.622099992266158
5.214299999352079,1.4711999974679202,0.18199999976786785,12.002499999653082,18.86999999624095
5.372599996917415,0.9200999993481673,0.1286999977310188,9.255199998733588,15.67659999273019
4.990699999325443,0.7554000003437977,0.12280000009923242,9.151599999313476,15.020499999081949
5.098399997223169,0.6326000002445653,0.08090000119409524,9.035099999891827,14.846999998553656
5.5375000010826625,0.9208999981638044,0.12770000103046186,9.486099999776343,16.07220000005327
5.8479999970586505,0.9764999995240942,0.13310000213095918,9.207600000081584,16.165199998795288
5.03749999916181,0.7045999991532881,0.12249999781488441,9.070100000826642,14.934699996956624
5.296300001646159,0.9142999988398515,0.130599997646641,9.234699999069562,15.575899997202214
5.2504999985103495,0.9347999985038769,0.15220000204863027,9.113399999478133,15.45089999854099
5.406700001913123,0.9232000011252239,0.12849999984609894,8.995399999548681,15.453800002433127
5.329299998265924,0.7447999996657018,0.1253000009455718,9.05369999964023,15.253099998517428
4.96470000143745,0.7415000000037253,0.12280000009923242,9.14089999787393,14.969899999414338
5.42229999700794,1.0234000001219101,0.13110000145388767,9.10180000209948,15.678600000683218
4.9809999982244335,0.7224000000860542,0.12409999908413738,8.907399998861365,14.73489999625599
5.068599999503931,0.7084999997459818,0.13530000069295056,9.946099999069702,15.858499999012565
5.283200000121724,0.8952999996836297,0.13100000069243833,9.03919999836944,15.348699998867232
5.286199997499352,0.9192999968945514,0.1291999979002867,8.872700000210898,15.207399992505088
5.306999999447726,0.7253999974636827,0.1233000002685003,8.845199998177122,15.000899995357031
5.025099999329541,0.7153000005928334,0.13469999976223335,9.38030000179424,15.255400001478847
5.767399998148903,0.8119999984046444,0.12520000018412247,10.388599999714643,17.093199996452313
5.4482000014104415,1.4527000021189451,0.17980000120587647,9.189899999910267,16.27060000464553
5.788499998743646,0.7283000013558194,0.13079999916953966,8.98600000073202,15.633600000001024
5.611500000668457,0.9642999975767452,0.13270000272314064,9.500299998762785,16.208799999731127
4.885800000920426,0.7398000016110018,0.13100000069243833,8.861700000124983,14.61830000334885
5.604699999821605,0.9059000003617257,0.13199999739299528,8.987299999716925,15.62989999729325
5.289900000207126,0.9415999993507285,0.13449999823933467,9.030100001837127,15.396099999634316
6.19379999989178,1.0050999990198761,0.15440000061062165,9.18900000033318,16.54229999985546
5.5855000027804635,1.0121000013896264,0.13800000306218863,9.123900003032759,15.859500010265037
5.3544000002148096,0.9028999993461184,0.14070000179344788,9.168900000076974,15.56690000143135
5.438100000901613,1.4044999988982454,0.1542999998491723,9.377200000017183,16.374099999666214
5.202800002734875,0.8028000011108816,0.09729999874252826,9.381699997902615,15.4846000004909
5.253900002571754,0.925600001210114,0.1291999979002867,8.99310000022524,15.301800001907395
5.328500003088266,0.9178999971481971,0.14229999942472205,8.917899998778012,15.306599998439196
5.762600001617102,0.9991000006266404,0.13550000221584924,9.680700000899378,16.57790000535897
5.343699998775264,0.8936000012909062,0.12900000001536682,9.083699998882366,15.449999998963904
4.889499999990221,0.7058000010147225,0.12350000179139897,9.240399998816429,14.959200001612771
5.003099999157712,0.7081000003381632,0.1249999986612238,9.41150000289781,15.247700001054909
5.5032999989634845,0.712799999746494,0.08159999924828298,9.067099999811035,15.364799997769296
5.459699998027645,0.9544999993522651,0.13389999730861746,9.205299997120164,15.753399991808692
5.152800000360003,0.775100001192186,0.12710000009974465,9.162099999230122,15.217100000882056
6.047500002750894,1.0258999973302707,0.1491999973950442,9.975299999496201,17.19789999697241
5.812700001115445,1.1467000003904104,0.2007000002777204,9.957599999324884,17.11770000110846
5.272999998851446,0.7843999992473982,0.10919999840552919,8.943900000303984,15.110499996808358
5.806199998914963,0.8202999997592997,0.13079999916953966,9.555900000123074,16.313199997966876
4.953600000590086,0.5856999996467493,0.08000000161700882,8.717600001546089,14.336900003399933
5.0277999980608,0.6304999988060445,0.07959999857121147,8.995100000902312,14.732999996340368
5.7006999995792285,0.6289999982982408,0.08180000077118166,8.997200002340833,15.408700000989484
4.870699998718919,0.6188000006659422,0.07989999721758068,9.033499998622574,14.602899995225016
5.427100000815699,0.9645000027376227,0.13179999950807542,9.114700002101017,15.638100005162414
3.6576999991666526,0.7303999991563614,0.07949999780976214,8.90629999776138,13.373899993894156
5.545299998630071,1.1024999985238537,0.13749999925494194,9.345999998913612,16.13129999532248
5.148899999767309,0.7431999983964488,0.12439999773050658,9.08279999930528,15.099299995199544
5.172400000446942,0.9251999981643166,0.12829999832320027,8.974899999884656,15.200799996819114
5.3536000013991725,0.9586000014678575,0.30329999935929663,9.395700002642116,16.011200004868442
5.116300002555363,0.5980999994790182,0.07980000009411015,8.948499998950865,14.742700001079356
5.623299999570008,0.9471999983361457,0.1314999972237274,9.672699998191092,16.374699993320974
4.780199997185264,0.7796999998390675,0.12200000128359534,8.979600002930965,14.661500001238892
5.342999997083098,0.9367999991809484,0.13299999773153104,8.923699999286328,15.336499993281905
6.342299999232637,1.0126000015588943,0.1368000012007542,9.639500000048429,17.131200002040714
5.323800000041956,1.0136999990209006,0.13450000187731348,9.02230000065174,15.49430000159191
5.207199999858858,0.9067999999388121,0.12870000136899762,9.116000001085922,15.35870000225259
5.222600000706734,0.6482999997388106,0.07949999780976214,8.769000000029337,14.719399998284644
5.481000000145286,1.0705999993660953,0.19830000019283034,9.819899998547044,16.569799998251256
5.025299997214461,0.6007000010868069,0.07859999823267572,8.958299997175345,14.662899993709289
5.478600000060396,0.9323999984189868,0.13140000010025688,9.386300000187475,15.928699998767115
4.920500003208872,0.763399999414105,0.12210000204504468,8.893199999874923,14.699200004542945
5.450799999380251,0.969299999269424,0.1390999968862161,9.22069999796804,15.779899993503932
5.291500001476379,0.9172999998554587,0.13689999832422473,9.225800000422169,15.571500000078231
5.420499997853767,0.963500002399087,0.1277999981539324,9.45520000095712,15.966999999363907
5.28160000249045,0.9486999988439493,0.1336999994236976,9.10229999863077,15.466299999388866
6.612199998926371,1.7083999991882592,0.1550999986648094,10.814299999765353,19.289999996544793
5.2627000004576985,0.9866000000329223,0.1289000028918963,9.11640000049374,15.494600003876258
4.904600002191728,0.6493999972008169,0.08000000161700882,9.06329999997979,14.697300000989344
4.924000000755768,0.6085999993956648,0.07879999975557439,10.183200000028592,15.794599999935599
5.180600001040148,0.7896999995864462,0.12290000086068176,8.780700001807418,14.873900003294693
5.395000000135042,0.905699998838827,0.12860000060754828,9.540499999275198,15.969799998856615
5.395799998950679,0.9481999986746814,0.1334000007773284,9.004999999888241,15.48239999829093
4.86559999990277,0.6283000002440531,0.07920000280137174,8.841599999868777,14.414700002816971
5.759199997555697,1.1502000015752856,0.1407999989169184,9.390800001710886,16.440999999758787
5.012199999328004,0.6342999986372888,0.08100000195554458,8.947999998781597,14.675499998702435
5.46550000217394,0.9295999989262782,0.12989999959245324,9.113799998885952,15.638799999578623
5.396199998358497,0.9116000001085922,0.12929999866173603,9.568200002831873,16.005299999960698
4.929500002617715,0.6573999999091029,0.08009999874047935,9.197700001095654,14.864700002362952
5.596599999989849,0.9939999981725123,0.13010000111535192,8.884399998351,15.605099997628713
5.371800001739757,0.9684000033303164,0.1109000004362315,9.650899999542162,16.102000005048467
5.525200002011843,0.9233999990101438,0.12880000213044696,9.863300001597963,16.440700004750397
5.609200001345016,0.982600002316758,0.13020000187680125,8.879600001819199,15.601600007357774
5.094799998914823,0.5893000015930738,0.08130000060191378,9.223400000337278,14.988800001447089
4.925700002786471,0.6094999989727512,0.07969999933266081,8.8093000013032,14.424200002395082
5.40049999835901,0.9176999992632773,0.13000000035390258,9.103799999138573,15.551999997114763
5.333400000381516,0.884999997651903,0.1336999994236976,9.208999999827938,15.561099997285055
5.612700002529891,0.6355000004987232,0.07990000085555948,8.91810000030091,15.246200004185084
5.621999996947125,0.8378999991691671,0.10540000221226364,9.35110000136774,15.916399999696296
5.042200002208119,0.7239000005938578,0.12489999789977446,9.249800001271069,15.14080000197282
5.328600000211736,0.9715999985928647,0.13269999908516183,9.101700001338031,15.534599999227794
5.498900001839502,0.9143000024778303,0.12829999832320027,9.54749999800697,16.089000000647502
5.20449999748962,0.7669999977224506,0.12430000060703605,9.618199997930788,15.713999993749894
5.348800001229392,0.9917999996105209,0.1329000006080605,8.922199998778524,15.395700000226498
6.739999997080304,0.9381999989273027,0.13299999773153104,9.119100002862979,16.930299996602116
7.068599999911385,1.841400000557769,0.14599999849451706,11.452800001279684,20.508800000243355
5.892199998925207,0.9441000001970679,0.13210000179242343,9.156500000244705,16.124900001159403
5.572900001425296,0.9352999986731447,0.12930000229971483,10.648899999068817,17.286400001466973
5.253200000879588,0.965600000199629,0.13450000187731348,8.982100000139326,15.335400003095856
5.589700002019526,0.6376000019372441,0.07929999992484227,8.970599999884143,15.277200003765756
5.702499998733401,0.9257000019715633,0.12889999925391749,9.095699999306817,15.852799999265699
5.161099998076679,0.6229999999050051,0.07869999899412505,9.273200001189252,15.135999998165062
6.209399998624576,1.0780000011436641,0.08720000187167898,9.072199998627184,16.446800000267103
5.25019999986398,0.7545999978901818,0.12450000212993473,9.033700000145473,15.16300000002957
5.443599999125581,0.9294000010413583,0.12889999925391749,8.827599998767255,15.329499998188112
5.7870999989972916,0.6260000009206124,0.08060000254772604,8.830599999782862,15.324300002248492
5.592400000750786,0.9768999989319127,0.13169999874662608,9.770900000148686,16.47189999857801
5.507900001248345,0.9341999975731596,0.134599999000784,8.98339999912423,15.56009999694652
4.852199999731965,0.5935000008321367,0.07929999992484227,8.955000001151348,14.480000001640292
5.410900001152186,1.1201000015717,0.1368000012007542,9.214599998813355,15.882400002737995
5.113699997309595,0.599899998633191,0.08000000161700882,8.769600000960054,14.563199998519849
4.950400001689559,0.7329999971261714,0.12340000102994964,8.90609999987646,14.71289999972214
5.558300003031036,0.891099996806588,0.12870000136899762,9.216500002366956,15.794600003573578
4.941399998642737,0.6041999986337032,0.0791000020399224,9.321300000010524,14.945999999326887
4.921600000670878,0.622200001089368,0.07729999924777076,8.93509999878006,14.556199999788078
5.264699997496791,0.923999999940861,0.1277999981539324,10.51039999947534,16.826899995066924
6.52780000018538,0.9519000013824552,0.13439999747788534,13.81569999648491,21.42979999553063
6.3539000002492685,1.0648000024957582,0.14089999967836775,10.789400002977345,18.34900000540074
5.3952000016579404,0.9754999991855584,0.1274999995075632,9.146299998974428,15.64449999932549
5.594400001427857,1.0050999990198761,0.13209999815444462,9.509899999102345,16.241499997704523
5.029899999499321,0.7313999994948972,0.12539999806904234,9.052800000063144,14.939499997126404
4.95740000042133,0.6055999983800575,0.07820000246283598,8.922000000893604,14.563200002157828
5.237199999100994,0.9701999988465104,0.13419999959296547,8.910899996408261,15.252499993948732
5.390099999203812,0.9453000020585023,0.15550000171060674,9.102800002438016,15.593700005410938
5.381500002840767,0.9924999976647086,0.13279999984661117,9.257999998226296,15.764799998578383
5.377299999963725,0.9324999991804361,0.12799999967683107,9.475099999690428,15.91289999851142
6.049600000551436,1.0903000002144836,0.1447000031475909,9.45270000011078,16.73730000402429
5.050600000686245,0.7010000008449424,0.08870000237948261,9.081899999728194,14.922200003638864
5.236699998931726,0.9174999977403786,0.12870000136899762,9.278300000005402,15.561199998046504
5.348099999537226,0.9164000002783723,0.1274999995075632,9.395900000527035,15.787899999850197
5.692800001270371,0.913399999262765,0.12960000094608404,8.974699998361757,15.710499999840977
5.326599999534665,0.9277999997721054,0.13440000111586414,9.362900000269292,15.751700000691926
5.308600000716979,0.9855999996943865,0.13279999984661117,9.448599997995188,15.875599998253165
6.01499999902444,0.9704999974928796,0.13209999815444462,9.833500000240747,16.95109999491251
5.086099998152349,0.7121999988157768,0.12380000043776818,8.92790000216337,14.849999999569263
4.91390000024694,0.7154999984777533,0.12369999967631884,9.032999998453306,14.786099996854318
5.034399997384753,0.8755999988352414,0.1412999990861863,9.206899998389417,15.258199993695598
5.465199999889592,0.9236000005330425,0.13240000043879263,8.950600000389386,15.471800001250813
5.603699999483069,0.9980000031646341,0.13860000035492703,9.872599999653175,16.612900002655806
5.277199998090509,0.9184000009554438,0.12799999967683107,9.048399999301182,15.371999998023966
5.247500001132721,0.9471999983361457,0.1497999983257614,8.886399999028072,15.2308999968227
5.115200001455378,0.5842000027769245,0.07890000051702373,8.870999998180196,14.649300002929522
5.435399998532375,0.9463999995205086,0.12910000077681616,9.028200001921505,15.539100000751205
5.045699999755016,0.703800000337651,0.1233000002685003,9.221500000421656,15.094300000782823
5.354799999622628,0.9621999997762032,0.13639999815495685,9.150299996690592,15.60369999424438
5.235900000116089,0.9210000025632326,0.12849999984609894,8.996699998533586,15.282100001059007
6.271700000070268,1.1386000005586538,0.14210000153980218,9.7578999993857,17.310300001554424
5.050299998401897,0.8254999993368983,0.12720000086119398,8.932099997764453,14.935099996364443
5.42929999937769,0.9860000027401838,0.13039999976172112,9.306399999331916,15.852100001211511
5.070200000773184,0.7068999984767288,0.12299999798415229,8.866799998941133,14.766899996175198
5.339799998182571,0.9238999991794117,0.12770000103046186,9.102600000915118,15.493999999307562
4.8417000034532975,0.7177000006777234,0.12449999849195592,8.924499998101965,14.608400000724941
4.81249999938882,0.5711000012524892,0.07969999933266081,9.305600000516279,14.768900000490248
5.496400000993162,1.0070999996969476,0.1368000012007542,9.278900000936119,15.919200002826983
5.544700001337333,0.9355000001960434,0.12889999925391749,8.925399997679051,15.534499998466345
4.92120000126306,0.7958999995025806,0.12430000060703605,9.770100001333049,15.611500002705725
5.446099999971921,1.1174999999639113,0.3338000024086796,9.86699999702978,16.76439999937429
5.366700002923608,0.7317999989027157,0.13800000306218863,8.888699998351512,15.125200003240025
5.017500003305031,0.6228999991435558,0.07920000280137174,9.141899998212466,14.861500003462425
5.2973999991081655,0.9059000003617257,0.1353999978164211,8.978399997431552,15.317099994717864
4.963699997460935,0.611600000411272,0.07899999764049426,9.575299998687115,15.229599994199816
6.070600000384729,1.0844999997061677,0.14399999781744555,9.388799997395836,16.68789999530418
5.491100000654114,0.9637000002840068,0.1292000015382655,9.42370000120718,16.007700003683567
5.81140000213054,1.2318000008235686,0.19439999960013665,9.162100002868101,16.399700005422346
5.5382999998983,0.9114000022236723,0.1315000008617062,9.137900000496302,15.71910000347998
5.261700000119163,0.9476999985054135,0.13350000153877772,9.193400001095142,15.536300001258496
5.492800002684817,1.0449000001244713,0.13620000027003698,9.29810000161524,15.972000004694564
4.978000000846805,0.8465999999316409,0.12959999730810523,8.845899999869289,14.80009999795584
5.780800001957687,0.9840999991865829,0.13279999984661117,9.2304999998305,16.12820000082138
5.535499996767612,0.9233999990101438,0.12989999959245324,9.333400001196424,15.922199996566633
5.271000001812354,1.0087999980896711,0.12929999866173603,9.720100002596155,16.129200001159916
5.255600000964478,0.9386999990965705,0.13279999984661117,8.991099999548169,15.318199999455828
5.410699999629287,0.9234999997715931,0.1295000001846347,8.972599996923236,15.436299996508751
4.91889999830164,0.7717000007687602,0.1221999991685152,9.192400000756606,15.005199998995522
5.280199999106117,0.9173999969789293,0.14110000120126642,9.049700001924066,15.388399999210378
5.614599998807535,1.1070000000472646,0.15209999764920212,9.935300000506686,16.808999997010687
5.2044000003661495,0.7863000028009992,0.12419999984558672,9.600800000043819,15.715700003056554
5.263999999442603,0.9307999971497338,0.14040000314707868,9.128900001087459,15.464100000826875
5.3006000016466714,0.9468999996897765,0.12900000001536682,8.989899997686734,15.36639999903855
5.196400001295842,0.7833999989088625,0.1269999993382953,8.902300000045216,15.009099999588216
5.438099997263635,0.9104999990086071,0.14139999984763563,9.188600000925362,15.67859999704524
4.976399999577552,0.5844999977853149,0.08539999907952733,9.646700000303099,15.292999996745493
5.683700001100078,1.087500000721775,0.13780000153928995,9.137000000919215,16.04600000428036
5.569000000832602,0.6709000008413568,0.07969999933266081,8.721800000785151,15.041400001791772
5.483400000230176,0.9207999974023551,0.13159999798517674,8.967199999460718,15.502999995078426
5.043799999839393,0.7944999997562263,0.1230000016221311,9.698400001070695,15.659700002288446
5.462099998112535,0.9301999998569954,0.1813000017136801,9.422400002222275,15.996000001905486
5.520999999134801,1.0943999986920971,0.13360000230022706,9.161199999653036,15.910199999780161
4.939200000080746,0.6943000007595401,0.07969999933266081,8.859600002324441,14.572800002497388
5.166200000530807,0.7643000026291702,0.12520000018412247,9.362400000100024,15.418100003444124
5.279500001051929,0.9307000000262633,0.13000000035390258,8.963699998275843,15.303899999707937
5.114600000524661,0.6772999986424111,0.07859999823267572,8.902399997168686,14.772899994568434
5.06899999891175,0.6265000010898802,0.07829999958630651,8.82610000189743,14.599900001485366
7.403500003420049,0.9419000016350765,0.14390000069397502,9.08519999939017,17.57450000513927
5.365799999708543,0.9752000005391892,0.1340000017080456,9.072600001672981,15.547600003628759
5.796599998575402,0.9034999966388568,0.12880000213044696,9.37060000069323,16.199499998037936
5.465199999889592,0.9704000003694091,0.13210000179242343,12.666999999055406,19.23470000110683
6.177999999636086,1.0688000002119225,0.13140000010025688,9.510200001386693,16.888400001334958
5.372500003431924,0.9153999999398366,0.12829999832320027,9.115900000324473,15.532100002019433
5.358000002161134,0.912600000447128,0.12799999967683107,9.517399998003384,15.916000000288477
5.515299999387935,1.1527999995450955,0.14970000120229088,9.694099997432204,16.511899997567525
5.26950000130455,0.9576999982527923,0.1339999980700668,9.321300000010524,15.682499997637933
5.217199999606237,0.9291999995184597,0.13069999840809032,9.103000000322936,15.380099997855723
4.914199998893309,0.7635000001755543,0.25430000096093863,9.182500001770677,15.11450000180048
5.545600000914419,0.9846000029938295,0.13020000187680125,9.079399998881854,15.739800004666904
5.3353000002971385,0.9572000017215032,0.13899999976274557,9.260900002118433,15.69240000389982
5.498899998201523,0.9922999997797888,0.12939999942318536,9.07070000175736,15.691299999161856
5.50669999938691,0.8921999979065731,0.12760000026901253,9.623799996916205,16.1502999944787
5.444100002932828,0.9390000013809185,0.1291999979002867,8.977100002084626,15.489400004298659
5.312799999956042,0.9782000015547965,0.13069999840809032,9.091399999306304,15.513099999225233
5.338100003427826,0.9588999964762479,0.12770000103046186,12.762300000758842,19.187000001693377
5.999999997584382,0.9699999973236118,0.13279999984661117,9.558999998262152,16.661799993016757
5.32530000054976,0.9758000014699064,0.1277999981539324,9.838800000579795,16.267700000753393
5.238699999608798,1.3495999992301222,0.13299999773153104,9.15569999779109,15.87699999436154
5.7769999984884635,0.7872000023780856,0.12419999984558672,8.981999999377877,15.670400000090012
5.396100001235027,0.9926999991876073,0.12900000001536682,8.968199999799253,15.486000000237254
5.127100001118379,0.7411000005959067,0.12290000086068176,9.650599997257814,15.641699999832781
5.330500000127358,1.0275000022375025,0.13800000306218863,10.153899998840643,16.649900004267693
5.187400001886999,0.6333999990602024,0.07850000110920519,9.216400001605507,15.115700003661914
5.419900000561029,0.9306000029027928,0.14080000255489722,9.136299999227049,15.627600005245768
5.4845000013301615,0.8928999995987397,0.12620000052265823,8.99320000098669,15.496800002438249
5.246699998679105,0.9372999993502162,0.12960000094608404,8.880299999873387,15.193899998848792
5.073200001788791,0.5826999986311421,0.07840000034775585,9.173999998893123,14.908299999660812
5.1717999995162245,0.9282999999413732,0.1443999972252641,9.075800000573508,15.32029999725637
4.894800000329269,0.7059000017761718,0.07919999916339293,9.426000000530621,15.105900001799455
5.651200001011603,0.9554999996908009,0.13140000010025688,8.932400000048801,15.670500000851462
5.399300000135554,0.968999996985076,0.12910000077681616,9.38720000340254,15.884600001299987
4.971899998054141,0.7241000021167565,0.1230000016221311,9.236900001269532,15.055900003062561
5.314300000463845,0.8969999980763532,0.12929999866173603,8.9737000016612,15.314299998863135
5.584600003203377,0.9867000007943716,0.131200002215337,8.942799999203999,15.645300005417084
5.3593999982695095,0.9601999990991317,0.13359999866224825,9.002000002510613,15.455199998541502
5.512599997018697,0.9152999991783872,0.130899999930989,9.225900001183618,15.78469999731169
5.561699999816483,1.1009000008925796,0.14209999790182337,9.38549999773386,16.190199996344745
5.285700000968063,0.9594000002834946,0.1311999985773582,8.889600001566578,15.265900001395494
5.4152999982761685,0.6298999978753272,0.08110000271699391,8.808500002487563,14.934800001356052
5.316299997502938,0.9405000018887222,0.13389999730861746,9.380899999086978,15.771599995787255
7.9193999990820885,1.0419000027468428,0.14980000196374021,8.972600000561215,18.083700004353886
5.344900000636699,0.9055000009539071,0.12820000119972974,9.170900000754045,15.549500003544381
5.364500000723638,0.9234999997715931,0.12889999925391749,8.973200001491932,15.39010000124108
5.512399999133777,0.7736999978078529,0.12630000128410757,9.449299999687355,15.861699997913092
5.142300000443356,0.7532000017818063,0.1233000002685003,9.020899997267406,15.03969999976107
5.083000000013271,0.6173000001581386,0.08130000060191378,8.8212000009662,14.602800001739524
5.328300001565367,0.9413000007043593,0.14310000187833793,9.23270000203047,15.645400006178534
5.626899997878354,0.9827000030782074,0.1322999996773433,9.047800002008444,15.789700002642348
4.819999998289859,0.6969000023673289,0.15619999976479448,8.92079999903217,14.593899999454152
5.464199999551056,0.9700000009615906,0.12830000196117908,8.975000000646105,15.53750000311993
5.612000000837725,1.0967000016535167,0.13310000213095918,9.858600002189633,16.700400006811833
5.304000002070097,1.2790999971912242,0.1384999995934777,9.085699999559438,15.807299998414237
6.2593000002379995,0.6843999981356319,0.08059999890974723,8.807499998511048,15.831799995794427
5.36380000266945,0.9074000008695293,0.12739999874611385,9.045099999639206,15.443700001924299
5.82850000137114,0.9054000001924578,0.13639999815495685,9.266000000934582,16.136300000653137
5.278000000544125,0.6001000001560897,0.0790999984019436,8.718400000361726,14.675599999463884
5.038199997215997,0.7265999993251171,0.12390000119921751,8.798299997579306,14.686999995319638
5.490399998961948,1.048499998432817,0.13589999798568897,9.415999997145263,16.090799992525717
5.412899998191278,0.974599999608472,0.12859999696956947,9.11669999914011,15.63279999390943
5.036099999415455,0.7139999979699496,0.1247000000148546,9.056999999302207,14.931799996702466
5.141600002389168,0.7189000025391579,0.12390000119921751,9.202899997035274,15.187300003162818
5.794299999251962,0.9672999985923525,0.1472000003559515,9.254000000510132,16.162799998710398
5.788899998151464,0.9391000021423679,0.13720000060857274,9.628700001485413,16.493900002387818
5.281400000967551,0.9245000001101289,0.1283999990846496,9.575500000210013,15.909800000372343
4.982300000847317,0.710700001945952,0.12210000204504468,9.347300001536496,15.16240000637481
5.755400001362432,0.8027000003494322,0.1277999981539324,9.284899999329355,15.970799999195151
5.009299999073846,0.5865000021003652,0.11140000060549937,8.964999997260747,14.672199999040458
4.9405999998271,0.7270000023709144,0.12260000221431255,9.35860000026878,15.148800004681107
4.905400001007365,0.8364999994228128,0.1235999989148695,9.55700000122306,15.422500000568107
5.426600000646431,0.9242000014637597,0.12799999967683107,8.991900002001785,15.470700003788806
5.035700000007637,0.6137999989732634,0.08019999950192869,9.25439999991795,14.98409999840078
5.172699999093311,0.6216000001586508,0.0810999990790151,8.937600003264379,14.813000001595356
5.643000000418397,0.7619999996677507,0.13949999993201345,9.113500000239583,15.658000000257744
5.224199998338008,0.7195999969553668,0.12520000018412247,9.040799999638693,15.109799995116191
5.5135999973572325,0.9494000005361158,0.134599999000784,9.224900000845082,15.822499997739214
5.432400001154747,0.9131999977398664,0.13100000069243833,9.1019999999844,15.578599999571452
5.586700001003919,0.8106000022962689,0.1336999994236976,9.163999999145744,15.69500000186963
5.536399999982677,1.0017999993578997,0.1348999976471532,9.082199998374563,15.755299995362293
5.438000000140164,0.9095999994315207,0.1382000009471085,9.976500001357635,16.46230000187643
5.338799997844035,1.0180999997828621,0.1441000022168737,9.872700000414625,16.373700000258395
5.873300000530435,0.9610000015527476,0.13079999916953966,9.084200002689613,16.049300003942335
5.273399998259265,0.903600001038285,0.12900000001536682,9.00539999929606,15.311399998608977
4.821400001674192,0.7107999990694225,0.12279999646125361,9.051899996848078,14.706899994052947
5.191600001126062,1.0199000025750138,0.1370999998471234,9.335599999758415,15.684200003306614
4.851999998209067,0.5894000023545232,0.07919999916339293,8.751700002903817,14.2723000026308
5.205500001466135,0.9184000009554438,0.12910000077681616,9.09950000277604,15.352500005974434
4.927899997710483,0.7175999999162741,0.12280000009923242,9.075699999812059,14.843999997538049
5.377499997848645,1.2348000018391758,0.145500001963228,9.134699997957796,15.892499999608845
5.227400000876514,0.7313999994948972,0.12409999908413738,8.835499997076113,14.918399996531662
4.997899999580113,0.8010999990801793,0.12439999773050658,8.858599998347927,14.781999994738726
5.3809000019100495,0.9282999999413732,0.14569999984814785,11.205900002096314,17.660800003795885
5.365200002415804,0.9357999988424126,0.12889999925391749,9.100499999476597,15.530399999988731
5.274800001643598,0.7241000021167565,0.12419999984558672,9.142599999904633,15.265700003510574
5.419499997515231,0.9318000011262484,0.1289000028918963,9.661699998105178,16.141899999638554
4.944600001181243,0.7126999989850447,0.1235999989148695,8.981300001323689,14.762200000404846
5.033400000684196,0.7396000000881031,0.12440000136848539,9.10930000100052,15.006700003141304
4.894000001513632,0.6241999981284607,0.0794000006862916,8.961100000306033,14.558700000634417
4.93579999965732,0.785399999585934,0.15079999866429716,8.906700000807177,14.778699998714728
6.060100000468083,0.7626999977219384,0.1289000028918963,9.212400000251364,16.16410000133328
4.980599998816615,0.72580000050948,0.12229999992996454,8.950300001743017,14.779000000999076
3.8294000005407725,0.6093000010878313,0.08039999738684855,5.919999999605352,10.439099998620804
5.25279999783379,0.8568000012019183,0.13310000213095918,9.460500001296168,15.703200002462836
5.044999998062849,0.7093999993230682,0.12310000238358043,9.007000000565313,14.88450000033481
5.611499997030478,1.0029000004578847,0.13530000069295056,8.916800001316005,15.666499999497319
5.408599998190766,0.9685000004537869,0.13320000289240852,9.483999998337822,15.994299999874784
4.9919000011868775,0.7200000000011642,0.12509999942267314,9.393000000272878,15.230000000883592
4.965700001775986,0.7077000009303447,0.303700002405094,8.978099998785183,14.955200003896607
5.924699999013683,0.8825000004435424,0.158200000441866,9.16270000016084,16.12810000005993
5.118699999002274,0.7179999993240926,0.13000000035390258,9.975100001611281,15.94180000029155
5.38570000207983,0.9158999964711256,0.1281000004382804,10.039299999334617,16.468999998323852
5.3446999991138,0.8946999987529125,0.13500000204658136,9.038000000145985,15.412400000059279
5.149199998413678,0.7708000011916738,0.12399999832268804,9.324999999080319,15.368999997008359
5.352100000891369,0.9924000005412381,0.13380000018514693,10.000099999160739,16.478400000778493
4.970899997715605,0.6089000016800128,0.07900000127847306,9.020100002089748,14.67890000276384
5.3740000003017485,0.9664000026532449,0.13350000153877772,8.993099996587262,15.467000001081033
5.22120000096038,0.7365999990724958,0.1247000000148546,9.206499998981599,15.288999999029329
5.496199999470264,0.8234999986598268,0.12720000086119398,9.70930000039516,16.156199999386445
4.909800001769327,0.9242999985872302,0.17120000120485201,9.071399999811547,15.076700001372956
5.815600001369603,0.9291999995184597,0.13140000010025688,8.973199997853953,15.849399998842273
5.329299998265924,0.9351000007882249,0.1292000015382655,8.970300001237774,15.363900001830189
6.032400000549387,2.120900000591064,0.13869999747839756,9.356800001114607,17.648799999733455
5.128199998580385,0.7272000002558343,0.12319999950705096,8.735199997317977,14.713799995661248
5.053200002294034,0.7239000005938578,0.12129999959142879,9.024999999382999,14.92340000186232
5.241400001978036,0.9840999991865829,0.13440000111586414,9.384799999679672,15.744700001960155
5.800399998406647,1.0429999965708703,0.13979999857838266,9.378400001878617,16.361599995434517
5.282099999021739,0.9443999988434371,0.13029999900027178,9.505699999863282,15.86249999672873
5.181299999094335,0.745700002880767,0.14100000043981709,9.361600001284387,15.429600003699306
5.17519999993965,0.6496999994851649,0.08230000094044954,9.637000002840068,15.544200003205333
5.286399999022251,0.7625000034749974,0.12549999883049168,9.054699999978766,15.229100001306506
5.450699998618802,0.968000000284519,0.13760000001639128,9.226300000591436,15.782599999511149
5.303299996739952,0.9347999985038769,0.13210000179242343,9.753800000908086,16.12399999794434
6.2409999991359655,0.9835000018938445,0.13439999747788534,9.3758999973943,16.734799995901994
5.265699997835327,0.7389999991573859,0.12490000153775327,8.9375999996264,15.067199998156866
5.247200002486352,0.9495000012975652,0.12960000094608404,8.914099998946767,15.240400003676768
4.934799999318784,1.0005000003729947,0.18959999943035655,8.969900001829956,15.094800000952091
5.896499998925719,0.7275000025401823,0.08499999967170879,9.038400003191782,15.747400004329393
4.971099999238504,0.5754999983764719,0.07859999823267572,8.959099999628961,14.584299995476613
4.925400000502123,0.7248000001709443,0.1247000000148546,9.656799997173948,15.43169999786187
8.677199999510776,0.9588999964762479,0.1373999984934926,13.664199999766424,23.43769999424694
5.3123000034247525,0.9788000024855137,0.12960000094608404,9.004300001834054,15.425000008690404
5.705800002033357,0.9454000028199516,0.13039999976172112,9.80350000099861,16.58510000561364
5.394599997089244,0.9362999990116805,0.14150000060908496,10.450599998875987,16.922999995585997
5.28180000037537,0.9374999972351361,0.12900000001536682,8.906799997930648,15.25509999555652
5.326400001649745,0.9022000012919307,0.13140000010025688,8.848699999361997,15.20870000240393
5.439100001240149,0.9284999978262931,0.12870000136899762,9.211299999151379,15.707599999586819
5.608100000245031,1.0015000007115304,0.13029999900027178,9.009599998535123,15.749499998491956
5.596400002104929,0.9279999976570252,0.13310000213095918,9.001800000987714,15.659300002880627
4.991699999663979,0.7022999998298474,0.12909999713883735,8.994699997856515,14.817799994489178
4.888899999059504,0.7170000026235357,0.15379999967990443,8.992700000817422,14.752400002180366
5.406200001743855,0.9899000033328775,0.13970000145491213,9.41420000162907,15.950000008160714
5.476599999383325,1.0029000004578847,0.13010000111535192,9.129600002779625,15.739200003736187
6.154500002594432,0.9681000010459684,0.131200002215337,10.568800000328338,17.822600006184075
5.910199997742893,0.9344999998575076,0.13140000010025688,12.348500000371132,19.32459999807179
5.722500001866138,0.9797000020626001,0.1322999996773433,12.282600000617094,19.117100004223175
5.358399997930974,0.9972999978344887,0.13129999933880754,9.983200001443038,16.470199996547308
5.5982000012591016,1.0122999992745463,0.13349999790079892,9.23999999940861,15.983999997843057
5.33289999657427,0.9043000027304515,0.1733999997668434,8.896100000129081,15.306699999200646
5.282199999783188,1.0269000013067853,0.12840000272262841,9.040799999638693,15.478300003451295
4.900200001429766,0.6040999978722539,0.08420000085607171,9.481299999606563,15.069799999764655
5.396599997766316,0.9633000008761883,0.13439999747788534,8.93789999827277,15.432199994393159
5.404200001066783,0.9954999986803159,0.136500002554385,9.84989999778918,16.386100000090664
4.992099999071797,0.7334000001719687,0.12369999967631884,9.358900002553128,15.208100001473213
5.346199999621604,0.9743000009621028,0.13300000136950985,9.981899998820154,16.43540000077337
5.487399997946341,0.9242000014637597,0.12910000077681616,8.939399998780573,15.48009999896749
5.32779999775812,0.7167000003391877,0.12269999933778308,9.211100001266459,15.37829999870155
5.473400000482798,0.9018999990075827,0.12799999967683107,9.317800002463628,15.821100001630839
5.398500001319917,0.9972999978344887,0.13199999739299528,9.208299998135772,15.736099994683173
5.406700001913123,0.8657000034872908,0.1281000004382804,9.885299998131813,16.285800003970508
3.6089000022911932,0.6040999978722539,0.08039999738684855,5.08819999959087,9.381599997141166
5.305500002577901,0.6137999989732634,0.08009999874047935,8.83609999800683,14.835499998298474
5.807900000945665,1.035299999784911,0.13659999967785552,9.983200001443038,16.96300000185147
5.498599999555154,0.9236000005330425,0.13079999916953966,8.79229999918607,15.345299998443807
5.429600001662038,0.9008999986690469,0.12570000035339035,8.81890000164276,15.275100002327235
5.490500003361376,0.6608000003325287,0.08420000085607171,8.965400000306545,15.200900004856521
5.414399998699082,0.7353000000875909,0.12769999739248306,8.761599998251768,15.038999994430924
4.975399999239016,0.7143000002542976,0.1263999984075781,9.238599999662256,15.054699997563148
4.856600000493927,0.6050999982107896,0.09549999958835542,9.108999998716172,14.666199997009244
5.430199998954777,0.9377999995194841,0.13029999900027178,9.617600000638049,16.11589999811258
6.658599999354919,0.8650999989185948,0.12590000187628902,8.873200000380166,16.52280000052997
5.258499997580657,0.7325000005948823,0.12369999967631884,8.822499999951106,14.937199997802963
5.253600000287406,0.747800000681309,0.12430000060703605,9.403700001712423,15.529400003288174
5.362399999285117,0.9577999990142416,0.1353999978164211,10.06010000128299,16.51569999739877
5.256699998426484,0.6753000016033184,0.16369999866583385,8.82149999961257,14.917199998308206
5.259400000795722,0.9404000011272728,0.13010000111535192,8.919099997001467,15.249000000039814
5.26470000113477,0.6439000026148278,0.08130000060191378,8.83109999995213,14.821000004303642
7.60410000293632,1.5428999977302738,0.1336999994236976,9.609000000637025,18.889700000727316
5.67820000287611,1.0545000004640315,0.13460000263876282,9.262499999749707,16.12980000572861
5.356399997253902,0.9609999979147688,0.13270000272314064,8.808099999441765,15.258199997333577
5.9481999996933155,0.9476999985054135,0.14460000238614157,8.947999998781597,15.988499999366468
5.029899999499321,0.7048000006761868,0.12360000255284831,8.861900001647882,14.720200004376238
5.119299999932991,0.7379999988188501,0.12440000136848539,9.170100001938408,15.151800002058735
4.839700002776226,0.7229000002553221,0.12589999823831022,9.073600002011517,14.762100003281375
5.019199998059776,0.7385999997495674,0.12880000213044696,9.492900000623195,15.379500000562984
5.012199999328004,0.7783999972161837,0.1315000008617062,9.043699999892851,14.965799997298745
5.538500001421198,0.9526000030746218,0.1343000003544148,8.962399999290938,15.587800004141172
5.798500002129003,1.01120000181254,0.1334000007773284,10.062700002890779,17.00580000760965
5.266299998766044,0.9763999987626448,0.13049999688519165,8.837100001983345,15.210299996397225
5.108699999254895,0.6333000019367319,0.08149999848683365,8.868000000802567,14.691500000481028
5.871700002899161,0.6167000028654002,0.0822000001790002,8.901799999875948,15.472400005819509
6.263700000999961,1.1084000034315977,0.1391000005241949,9.182400001009228,16.69360000596498
4.963499999576015,0.7169000018620864,0.12290000086068176,9.283999999752268,15.087300002051052
5.315099999279482,0.7671999992453493,0.12390000119921751,8.996399999887217,15.202599999611266
5.549699999392033,0.9928999970725272,0.13720000060857274,9.21329999982845,15.893099996901583
5.628800001431955,0.949699999182485,0.13039999976172112,8.926400001655566,15.635300002031727
5.216800000198418,0.895099998160731,0.12860000060754828,9.172600002784748,15.413100001751445
5.00359999932698,0.7057000002532732,0.08329999764100648,8.875100000295788,14.667699997517047
5.04930000170134,1.1248000009800307,0.1350999991700519,9.555599997838726,15.864799999690149
5.280800000036834,0.9189000011247117,0.1311999985773582,8.909200001653517,15.24010000139242
5.190600000787526,0.928999997995561,0.13279999984661117,9.322099998826161,15.57449999745586
5.452500001410954,0.9184000009554438,0.1306000012846198,12.475200001063058,18.976700004714075
6.893599998875288,1.3519999993150122,0.1432999997632578,10.375199999543838,18.764099997497397
5.5245000003196765,0.783799998316681,0.1267000006919261,8.897399999113986,15.33239999844227
5.090700000437209,0.7068999984767288,0.12309999874560162,9.078300001419848,14.998999999079388
5.438299998786533,0.9720999987621326,0.13919999764766544,9.162800000922289,15.71239999611862
5.2834000016446225,0.9001999969768804,0.12830000196117908,9.267100002034567,15.57900000261725
5.275799998344155,0.9681999981694389,0.1295000001846347,8.91099999716971,15.28449999386794
5.694000003131805,1.0197000010521151,0.13330000001587905,10.023200000432553,16.870200004632352
4.994200000510318,0.7160999994084705,0.12299999798415229,9.188899999571731,15.022199997474672
5.453800000395859,0.9467999989283271,0.12970000170753337,8.956300000136252,15.486600001167972
5.895099999179365,1.0419000027468428,0.13279999984661117,9.33179999992717,16.40160000169999
5.49930000124732,0.9970999999495689,0.14699999883305281,9.520100000372622,16.163500000402564
5.27190000138944,0.9967000005417503,0.1368000012007542,9.58379999792669,15.989200001058634
5.225999997492181,0.6492000029538758,0.08259999958681874,9.095200002775528,15.053000002808403
5.5685000006633345,1.0073000012198463,0.1315000008617062,9.439699999347795,16.147000002092682
5.519000002095709,0.7900000018707942,0.1295000001846347,9.25940000161063,15.697900005761767
5.034000001614913,0.7566999993287027,0.1343000003544148,8.815499997581355,14.740499998879386
6.108000001404434,0.928000001295004,0.13100000069243833,8.992600000055972,16.15960000344785
5.634100001771003,0.97989999994752,0.13240000043879263,9.485599999607075,16.23200000176439
5.127700002049096,0.7282000005943701,0.12570000035339035,9.011400001327274,14.99300000432413
4.948599998897407,0.714899997547036,0.12440000136848539,8.76079999943613,14.54869999724906
5.278200002067024,1.1154999992868397,0.20990000120946206,9.787500002857996,16.391100005421322
5.268599998089485,0.6272000027820468,0.08059999890974723,8.871400001225993,14.847800001007272
5.031400000007125,0.7105000004230533,0.12319999950705096,9.285500000260072,15.1506000001973
5.3597000005538575,0.9175999985018279,0.13160000162315555,9.085900001082337,15.494800001761178
5.263299997750437,0.931399998080451,0.1291999979002867,10.21470000341651,16.538599997147685
5.334400000720052,0.9543000014673453,0.13129999933880754,8.912999997846782,15.332999999372987
5.394899999373592,0.9198000007017981,0.1289000028918963,9.28609999755281,15.729700000520097
4.940299997542752,0.705899998138193,0.13000000035390258,9.343199999420904,15.119399995455751
5.591500001173699,1.0784000005514827,0.13159999798517674,9.882100002869265,16.683600002579624
5.016400002205046,0.754400000005262,0.12390000119921751,8.988500001578359,14.883200004987884
5.461700002342695,1.0074999991047662,0.13249999756226316,9.567899996909546,16.16959999591927
4.990400000679074,0.7808999980625231,0.12280000009923242,9.26179999805754,15.15589999689837
5.281500001729,0.9309999986726325,0.13330000001587905,8.983200001239311,15.329000001656823
5.472199998621363,1.0597000000416301,0.14599999849451706,9.023800001159543,15.701699998317054
5.485800000315066,0.7774999976390973,0.1506000007793773,9.7286999989592,16.14259999769274
6.674600001133513,1.101300000300398,0.13609999950858764,10.382599997683428,18.294599998625927
5.463099998451071,1.0483999976713676,0.1353999978164211,9.28810000186786,15.93499999580672
6.015700000716606,0.7893000001786277,0.1731000011204742,12.006599998130696,18.984700000146404
5.479300001752563,0.9486000017204788,0.1334000007773284,10.129599999345373,16.690900003595743
5.5371999987983145,0.9678000023995992,0.13689999832422473,9.031099998537684,15.672999998059822
5.670099999406375,0.9683999996923376,0.1329000006080605,9.311300000263145,16.08269999996992
5.75830000161659,0.948900000366848,0.13530000069295056,9.25430000279448,16.096800005470868
5.461500000819797,0.9358999996038619,0.13550000221584924,9.169000000838423,15.701900003477931
5.369800001062686,0.9548999987600837,0.14730000111740083,9.344499998405809,15.816499999345979
5.566800002270611,1.0204999998677522,0.13649999891640618,9.059599997272016,15.783399998326786
5.573599999479484,0.9267999994335696,0.1326000019616913,9.987100002035731,16.620100002910476
5.346800000552321,1.0163000006286893,0.13450000187731348,9.52809999944293,16.025700002501253
5.6631000006746035,0.976999999693362,0.13240000043879263,8.999999998195563,15.77249999900232
5.486899997777073,0.9389000006194692,0.1415999977325555,9.030400000483496,15.597799996612594
6.195599999045953,1.0894000006373972,0.1999000014620833,9.289599998737685,16.77449999988312
5.582699999649776,0.961599998845486,0.13519999993150122,10.142899998754729,16.822399997181492
5.352500000299187,0.9411999999429099,0.12969999806955457,9.17249999838532,15.595899996696971
5.460199998196913,0.9376999987580348,0.13029999900027178,9.269900001527276,15.798099997482495
5.488899998454144,0.9989999998651911,0.13979999857838266,9.260899998480454,15.888599995378172
6.36809999923571,1.297099999646889,0.1387999982398469,9.930099997291109,17.734099994413555
5.7357000005140435,1.0285999996995088,0.15020000137155876,9.54509999792208,16.45959999950719
5.788400001620175,1.1598999990383163,0.1450000017939601,10.242199998174328,17.33550000062678
5.208499998843763,0.7654000000911765,0.12649999916902743,9.838499998295447,15.938899996399414
5.584800001088297,0.9715999985928647,0.14510000255540945,9.200100001180544,15.901600003417116
7.628899998962879,1.9934999982069712,0.18510000154492445,9.669399998529116,19.47689999724389
5.49709999904735,1.1113000000477768,0.156299996888265,9.450100002140971,16.214799998124363
5.552300000999821,1.2632999969355296,0.14899999951012433,9.529200000542914,16.49379999798839
5.605199999990873,1.210500002343906,0.15889999849605374,9.513399996649241,16.487999997480074
5.488099999638507,0.7866999985708389,0.13469999976223335,9.81099999989965,16.22049999787123
5.425900002592243,0.9849999987636693,0.18730000010691583,9.362199998577125,15.960400000039954
5.499700000655139,0.9538000012980774,0.1306000012846198,9.015999999974156,15.600100003211992
5.946699999185512,1.486799999838695,0.1472000003559515,10.120999999344349,17.701699998724507
5.402300001151161,1.4163000014377758,0.1382000009471085,9.247599999071099,16.204400002607144
5.39059999937308,0.94600000011269,0.14970000120229088,9.434200001123827,15.920500001811888
4.956100001436425,0.7220999978017062,0.1320000010309741,9.200600001349812,15.010800001618918
5.186399997910485,0.7630000000062864,0.13949999993201345,10.004800002207048,16.093700000055833
5.105799999000737,0.7423000024573412,0.12590000187628902,8.84579999910784,14.819800002442207
5.092100000183564,0.7227999994938727,0.1250000022992026,9.22540000101435,15.165300002990989
4.9816999999166,0.6529000020236708,0.08009999874047935,9.673500000644708,15.388200001325458
5.407000000559492,0.8646999995107763,0.14399999781744555,9.150899997621309,15.566599995509023
5.825200001709163,0.6012999983795453,0.081900001532631,8.770299999014242,15.278700000635581
5.156799998076167,0.771099999838043,0.12430000060703605,9.000199999718461,15.052399998239707
5.0033000006806105,0.7138999972085003,0.1233000002685003,9.225600002537249,15.06610000069486
5.625699999654898,1.0308999990229495,0.13630000103148632,9.69500000064727,16.487900000356603
5.403200000728248,1.0025999981735367,0.1297999988310039,9.255299999495037,15.790899997227825
5.780700001196237,0.9338999989267904,0.12960000094608404,9.234199998900294,16.078399999969406
5.661099999997532,1.0070999996969476,0.13240000043879263,8.920000000216532,15.720600000349805
5.355500001314795,1.0030999983428046,0.1281000004382804,8.847999997669831,15.33469999776571
5.288299998937873,0.8978000005299691,0.12969999806955457,8.932099997764453,15.24789999530185
4.937199999403674,0.6040999978722539,0.0791000020399224,10.821200001373654,16.441600000689505
5.793100001028506,1.1726999982784037,0.1453000004403293,9.011499998450745,16.122599998197984
5.593200003204402,0.908900001377333,0.12910000077681616,9.44309999977122,16.07430000512977
5.153900001459988,0.7121000016923063,0.1233000002685003,9.24220000160858,15.231500005029375
5.955099997663638,0.6894999969517812,0.08069999967119657,9.071500000572996,15.796799994859612
5.184600002394291,0.5726000017602928,0.08189999789465219,8.954100001574261,14.793200003623497
5.406700001913123,0.9884999999485444,0.13590000162366778,9.619099997507874,16.15020000099321
5.254800002148841,0.8713999995961785,0.1266999970539473,8.861899998009903,15.11479999680887
5.508199999894714,0.9540000028209761,0.12910000077681616,9.497699997154996,16.089000000647502
5.3054000018164515,0.9026000006997492,0.1283999990846496,9.142200000496814,15.478600002097664
5.312299999786774,1.0159999983443413,0.12870000136899762,8.989000001747627,15.44600000124774
5.359800001315307,0.9717000029922929,0.13179999950807542,9.389799997734372,15.853100001550047
5.273099999612896,0.9150999976554886,0.1281000004382804,8.917699997255113,15.233999994961778
5.258099998172838,0.9036999981617555,0.14029999874765053,8.951300002081553,15.253399997163797
5.137000000104308,0.8637999999336898,0.1269999993382953,8.868400000210386,14.996199999586679
5.889400003070477,0.9544999993522651,0.13179999950807542,9.792400000151247,16.768100002082065
5.578399999649264,1.0861999980988912,0.16210000103455968,9.11880000057863,15.945499999361346
5.135299998073606,0.709400002961047,0.08330000127898529,8.861599999363534,14.789600001677172
5.339200000889832,0.736099998903228,0.12509999942267314,8.77069999842206,14.971099997637793
5.296699997415999,0.7068000013532583,0.1264000020455569,9.14800000100513,15.277900001819944
5.515100001503015,0.9204999987559859,0.1280999968003016,9.119300000747899,15.682999997807201
5.212399999436457,0.9139000030700117,0.12800000331480987,8.849800000461983,15.10410000628326
5.534399999305606,0.7952000014483929,0.12570000035339035,8.87460000012652,15.32990000123391
5.2104999995208345,1.1826000009023119,0.14879999798722565,9.286500000598608,15.82839999900898
5.046700000093551,0.6164000005810522,0.0884000000951346,9.373699998832308,15.125199999602046
5.313500001648208,0.9223000015481375,0.12870000136899762,9.036100000230363,15.400600004795706
5.205000001296867,1.7530000004626345,0.4531999984465074,11.38619999983348,18.797400000039488
5.348999999114312,0.9141000009549316,0.12910000077681616,9.352500001114095,15.744700001960155
5.382399998779874,0.89990000196849,0.12820000119972974,9.153800001513446,15.56430000346154
5.35909999962314,0.9380000010423828,0.1311999985773582,8.986400000139838,15.41469999938272
5.705999999918276,0.921599999855971,0.13010000111535192,9.496200000285171,16.25390000117477
5.2031000013812445,0.7149999983084854,0.13729999773204327,9.66340000013588,15.718799997557653
5.391899998357985,1.044600001478102,0.12889999925391749,9.052700002939673,15.618100002029678
5.6513999988965224,0.9910000007948838,0.12960000094608404,8.980800001154421,15.752800001791911
5.246400000032736,0.943900002312148,0.14259999807109125,9.95399999737856,16.286899997794535
6.156300001748605,1.0225999976682942,0.13269999908516183,8.982899998954963,16.294499997457024
7.147099997382611,0.9720999987621326,0.1522999991721008,9.978699999919627,18.25019999523647
5.157999999937601,1.0784000005514827,0.14769999688724056,9.377200000017183,15.761299997393508
5.641200001264224,1.1058999989472795,0.1444000008632429,10.961099997075507,17.852599998150254
5.396399999881396,0.9184000009554438,0.13350000153877772,9.015700001327787,15.464000003703404
5.306800001562806,0.8159999997587875,0.14519999967887998,8.868199998687487,15.13619999968796
4.980300000170246,0.7302000012714416,0.12319999950705096,9.07770000048913,14.911400001437869
5.36140000258456,0.9296999996877275,0.13070000204606913,9.113599997363053,15.53540000168141
5.384099997172598,0.9511999996902887,0.12880000213044696,8.940600000642007,15.40469999963534
5.744499998399988,0.9438999986741692,0.15239999993355013,9.149499997874955,15.990299994882662
4.861699999310076,0.6049000003258698,0.07879999975557439,8.974100001069019,14.519500000460539
5.666099998052232,1.039499999023974,0.14060000103199854,9.965199998987373,16.811399997095577
5.416600000899052,0.9816000019782223,0.13210000179242343,8.904300000722287,15.434600005391985
6.382700001267949,0.9960999996110331,0.13609999950858764,10.410899998532841,17.92579999892041
5.341899999621091,0.9094999986700714,0.12799999967683107,9.55919999978505,15.938599997753045
5.149199998413678,0.7358000002568588,0.12409999908413738,8.94250000055763,14.951599998312304
5.256399999780115,0.7237999998324085,0.12400000196066685,8.818000002065673,14.922200003638864
5.3716000002168585,0.9419000016350765,0.14110000120126642,9.129399997618748,15.58400000067195
5.0253000008524396,0.7078999988152646,0.12250000145286322,10.721899998316076,16.577599999436643
5.29129999995348,0.7218999999167863,0.12859999696956947,8.784300000115763,14.9260999969556
5.755899997893721,0.9562000013829675,0.13279999984661117,9.319200002209982,16.16410000133328
5.631899999571033,0.7313999994948972,0.12390000119921751,9.238899998308625,15.726099998573773
5.458699997689109,1.1444000010669697,0.14310000187833793,8.884599999873899,15.630800000508316
5.192399999941699,0.7222000022011343,0.1249999986612238,8.82899999851361,14.868599999317667
5.290799999784213,0.7216999983938877,0.1247000000148546,8.880800000042655,15.01799999823561
5.068399997981032,0.7210999974631704,0.12240000069141388,9.38020000103279,15.292099997168407
5.151900000782916,0.8172000016202219,0.08900000102585182,9.500100000877865,15.558200004306855
4.859500000748085,0.6111000002420042,0.07879999975557439,9.023199996590847,14.57259999733651
6.91720000031637,0.8099999977275729,0.14000000010128133,9.204199999658158,17.071399997803383
5.348499998945044,0.9129999998549465,0.14169999849400483,9.435500000108732,15.838699997402728
5.334199999197153,0.9193999976560008,0.13010000111535192,9.009800000058021,15.393499998026527
5.539500001759734,1.0067999974125996,0.14489999739453197,9.015600000566337,15.706799997133203
5.173500001546927,0.7389999991573859,0.12290000086068176,9.346099999675062,15.381500001240056
5.68579999890062,0.9544000022287946,0.1331999992544297,9.951000000000931,16.724400000384776
5.452299999888055,1.0180999997828621,0.13460000263876282,9.067200000572484,15.672200002882164
5.616999998892425,0.9654999994381797,0.13659999967785552,9.40459999765153,16.12369999565999
5.209400002058828,0.9097999973164406,0.12770000103046186,8.946999998443061,15.193899998848792
4.855400002270471,0.8226999998441897,0.13890000263927504,9.240400002454408,15.057400007208344
5.416300002252683,0.9753000013006385,0.1604999997653067,9.037100000568898,15.589200003887527
5.2830999993602745,0.9358999996038619,0.13130000297678635,9.347499999421416,15.697800001362339
5.327800001396099,0.9886000007099938,0.13000000035390258,9.294200001022546,15.740600003482541
6.018599997332785,1.075299998774426,0.12900000001536682,9.432299997570226,16.655199993692804
5.506000001332723,1.032899999700021,0.14960000044084154,9.99020000017481,16.678700001648394
5.360099999961676,0.9200000022246968,0.12799999967683107,8.939300001657102,15.347400003520306
5.2964000024076086,1.0408000016468577,0.1368000012007542,9.3488000020443,15.82280000729952
5.443599999125581,1.083499999367632,0.1373999984934926,9.336000002804212,16.000499999790918
5.09319999764557,0.6337999984680209,0.08010000237845816,9.132400002272334,14.939500000764383
5.2263999969,0.9334000023955014,0.13339999713934958,8.842600000207312,15.135799996642163
5.384300002333475,0.7280999998329207,0.12399999832268804,9.135100001003593,15.371500001492677
5.413700000644894,0.9422000002814457,0.13480000052368268,9.479100001044571,15.969800002494594
5.566399999224814,0.9781000007933471,0.15239999993355013,9.459100001549814,16.156000001501525
5.257999997411389,0.9902999991027173,0.13500000204658136,9.113399999478133,15.496699998038821
5.253999999695225,1.0177000003750436,0.12570000035339035,9.51829999758047,15.91569999800413
5.3633999996236525,0.9103999982471578,0.13269999908516183,9.236699999746634,15.643199996702606
5.363200001738733,0.9374999972351361,0.1283999990846496,8.885399998689536,15.314499996748054
6.5777999989222735,1.0896999992837664,0.14310000187833793,12.44080000105896,20.251400001143338
5.503399999724934,1.0404999993625097,0.1311999985773582,9.213500001351349,15.88859999901615
5.774199998995755,0.916299999516923,0.14000000010128133,9.149400000751484,15.979899999365443
5.344799999875249,0.9047999992617406,0.14649999866378494,9.712299997772789,16.108399995573564
5.316099999618018,0.9148999997705687,0.12849999984609894,9.274399999412708,15.633899998647394
5.041500000515953,0.6599999978789128,0.0808000004326459,9.026100000482984,14.808399999310495
5.37600000097882,0.8029000018723309,0.14990000272518955,9.652400000049965,15.981200005626306
4.945199998473981,0.7225999979709741,0.12340000102994964,9.195200000249315,14.98639999772422
5.872099998669,0.9393000000272878,0.13470000340021215,9.093100001337007,16.039200003433507
5.434999999124557,0.926900000195019,0.13010000111535192,8.970099999714876,15.462100000149803
5.532499999389984,0.9903999998641666,0.13760000001639128,9.552499999699648,16.21299999897019
5.2986000009696,1.037899997754721,0.1908999984152615,9.049600001162617,15.576999998302199
5.220800001552561,0.7355000016104896,0.12400000196066685,8.77060000129859,14.850900006422307
5.309100000886247,0.9228999988408759,0.1277999981539324,8.904199999960838,15.263999997841893
5.2467999994405545,0.8979000012914184,0.1283999990846496,9.144800002104603,15.417900001921225
5.448700001579709,1.4848000027996022,0.1621999981580302,9.262900002795504,16.358600005332846
5.744400001276517,0.9988000019802712,0.1306000012846198,9.047400002600625,15.921200007142033
5.782899999758229,1.073700001143152,0.13380000018514693,9.161400001175934,16.151800002262462
5.066000001534121,0.6045000009180512,0.07960000220919028,8.997200002340833,14.747300007002195
5.043800003477372,0.6124999999883585,0.08009999874047935,8.91070000216132,14.64710000436753
5.003800000849878,0.9207000002788845,0.14730000111740083,8.830899998429231,14.902700000675395
5.281400000967551,0.6578000029549003,0.0808000004326459,8.846700002322905,14.866700006678002
5.381099999794969,0.9116000001085922,0.13069999840809032,8.96860000284505,15.392000001156703
5.4135000027599744,0.9774000027391594,0.1353999978164211,9.243399999832036,15.769700003147591
4.91649999821675,0.7126000018615741,0.12229999992996454,10.133299998415168,15.884699998423457
5.5281999993894715,1.0398999984317925,0.1315000008617062,9.02470000073663,15.7242999994196
6.9655000006605405,0.9739999986777548,0.1343000003544148,9.304499999416294,17.378299999109004
5.61089999973774,1.0094999997818377,0.13390000094659626,9.300000001530861,16.054300001997035
5.413899998529814,0.965600000199629,0.13179999950807542,10.059600001113722,16.57089999935124
5.871300003491342,1.6146999987540767,0.14179999925545417,10.654199999407865,18.282000000908738
5.6953999992401805,0.9328000014647841,0.13039999976172112,8.99800000115647,15.756600001623156
6.707299999106908,0.954200000705896,0.13279999984661117,9.213799999997718,17.008099999657134
5.355600002076244,0.9081999996851664,0.13039999976172112,9.148499997536419,15.54269999905955
4.9230000004172325,0.8275000000139698,0.12960000094608404,8.932000000640983,14.81210000201827
5.079000002297107,0.7793999975547194,0.12579999747686088,8.82160000037402,14.805799997702707
5.007800002204021,0.674099999741884,0.08069999967119657,8.785400001215748,14.54800000283285
5.549800000153482,1.0041999994427897,0.1306000012846198,9.651500000472879,16.33610000135377
5.4268999992928,0.9341000004496891,0.13339999713934958,9.025999999721535,15.520399996603373
5.33029999860446,0.9093000007851515,0.131200002215337,11.08629999725963,17.457099998864578
5.4363000017474405,0.903600001038285,0.13020000187680125,8.931300002586795,15.401400007249322
5.484699999215081,0.918699999601813,0.12849999984609894,9.267999997973675,15.799899996636668
4.985499999747844,0.6178000003274065,0.07840000034775585,9.123399999225512,14.805099999648519
5.301599998347228,0.9017999982461333,0.1416000013705343,8.974899999884656,15.319899997848552
4.926500001602108,0.9724999981699511,0.1311999985773582,9.095499997783918,15.125699996133335
5.723600002966123,0.9774999998626299,0.15349999739555642,9.278900000936119,16.133500001160428
5.300400000123773,0.9199000014632475,0.1286999977310188,9.80629999685334,16.15529999617138
4.944700001942692,0.9292000031564385,0.2040999970631674,9.248200000001816,15.326200002164114
5.086900000605965,0.9795000005397014,0.13129999933880754,9.11380000252393,15.311500003008405
5.483500000991626,0.7509999995818362,0.12409999908413738,8.958099999290425,15.316699998948025
4.9079000018537045,0.6073000004107598,0.08030000026337802,8.754899998166366,14.350400000694208
4.93339999957243,0.5836999989696778,0.10970000221277587,8.840900001814589,14.467700002569472
5.695999996532919,0.9910000007948838,0.12799999967683107,9.092199998121941,15.907199995126575
5.2324999996926636,0.7293999988178257,0.12369999967631884,8.82840000122087,14.913999999407679
5.380000002332963,0.625900000159163,0.08149999848683365,8.899399999791058,14.986800000770018
5.323800000041956,0.9204999987559859,0.1453000004403293,9.092100000998471,15.481700000236742
4.906900001515169,0.7102999989001546,0.12740000238409266,9.069299998373026,14.813900001172442
5.364200002077268,0.9151000012934674,0.1295000001846347,9.285500000260072,15.694300003815442
5.511100000148872,0.9415999993507285,0.13210000179242343,8.948599999712314,15.533400001004338
4.989199998817639,0.6090999995649327,0.16759999925852753,9.219100000336766,14.984999997977866
5.607099999906495,1.0274999985995237,0.1370999998471234,10.026700001617428,16.79839999997057
5.540999998629559,0.9726000025693793,0.13010000111535192,9.4310000022233,16.07470000453759
5.079799997474765,0.7282999977178406,0.12310000238358043,8.789600000454811,14.720799998030998
5.404200001066783,0.9194999984174501,0.12849999984609894,9.17440000193892,15.626600001269253
5.290799999784213,0.9204999987559859,0.12910000077681616,9.218400002282578,15.558800001599593
5.318799998349277,0.9275999982492067,0.12929999866173603,8.955699999205535,15.331399994465755
5.169699998077704,0.8980000020528678,0.12859999696956947,9.108899997954722,15.305199995054863
5.629499999486143,1.3185999996494502,0.13770000077784061,9.30270000026212,16.388500000175554
5.78010000026552,0.760499999159947,0.12369999967631884,8.795999998255866,15.460299997357652
5.404700001236051,0.9903000027406961,0.13020000187680125,9.26659999822732,15.79180000408087
4.820999998628395,0.7341000018641353,0.12270000297576189,9.01999999769032,14.697800001158612
4.883699999481905,0.596500001847744,0.07859999823267572,9.089099999982864,14.647899999545189
5.250999998679617,0.9487999996053986,0.12910000077681616,8.972700001322664,15.301600000384497
5.374600001232466,0.9554999996908009,0.13579999722423963,8.910000000469154,15.37589999861666
5.47549999828334,0.9945999991032295,0.139899999339832,9.53260000096634,16.14259999769274
5.588500000158092,0.980699998763157,0.13649999891640618,9.059899999556364,15.76559999739402
5.461599997943267,0.678899999911664,0.08099999831756577,8.963399999629473,15.18489999580197
5.6211999981314875,0.9408000005350914,6.600199998501921,29.843100001016865,43.005299998185365
5.630700001347577,0.9430999998585321,0.139899999339832,9.50620000003255,16.21990000057849
4.948900001181755,0.7049999985611066,0.12770000103046186,8.999100002256455,14.780700003029779
4.840300000068964,0.5799999998998828,0.08119999984046444,9.029799999552779,14.53129999936209
5.417000000306871,0.9901000012177974,0.1348999976471532,9.136500000749948,15.678499999921769
5.773100001533749,0.7731000005151145,0.1277999981539324,9.44809999782592,16.122099998028716
5.237099998339545,0.9294999981648289,0.14399999781744555,9.295299998484552,15.605899992806371
4.982300000847317,0.7278000011865515,0.12340000102994964,9.047100000316277,14.880600003380096
4.957099998136982,0.5860000019310974,0.08010000237845816,8.958799997344613,14.581999999791151
4.888400002528215,0.7640000003448222,0.21669999841833487,9.069399999134475,14.938500000425847
5.560199999308679,0.9890000001178123,0.14010000086273067,9.181100002024323,15.870400002313545
5.870099997991929,0.988899999356363,0.16279999908874743,9.958800001186319,16.980599997623358
5.002599998988444,0.9394000007887371,0.2677999982552137,8.96429999920656,15.174099997238955
5.506499997864012,1.055699998687487,0.15720000010333024,8.934699999372242,15.654099996027071
5.2986999980930705,0.947600001381943,0.13269999908516183,9.07789999837405,15.456899996934226
4.881500000919914,0.65320000067004,0.07890000051702373,8.745200000703335,14.358800002810312
4.823600000236183,0.6193999979586806,0.07950000144774094,9.182900001178496,14.7054000008211
5.259199999272823,0.9487999996053986,0.13409999883151613,9.219400002621114,15.561500000330852
7.392499999696156,0.9783999994397163,0.13830000170855783,10.141099999600556,18.650300000444986
5.461600001581246,0.9188999974867329,0.1315000008617062,8.9908000009018,15.502800000831485
6.054900000890484,0.9731999998621177,0.14419999934034422,9.7046999981103,16.876999998203246
5.269299999781651,0.9245999972335994,0.13029999900027178,9.497499999270076,15.821699995285599
5.334599998604972,0.9234999997715931,0.12870000136899762,9.112700001423946,15.499500001169508
5.221899999014568,0.983900001301663,0.14540000120177865,8.97400000030757,15.325200001825579
4.989599998225458,0.5820999977004249,0.08030000026337802,8.810800001811003,14.462799998000264
5.3907000001345295,1.013299999613082,0.0911999995878432,9.484700000029989,15.979899999365443
5.554600000323262,1.0241999989375472,0.13529999705497175,9.143899998889538,15.857999995205319
5.8381000017107,1.0675000012270175,0.16569999934290536,9.643400000641122,16.714700002921745
5.282400001306087,0.9723000002850313,0.13800000306218863,9.204899997712346,15.597600002365652
5.268599998089485,0.7206000009318814,0.12440000136848539,9.02940000014496,15.143000000534812
5.421999998361571,0.939900000958005,0.1297999988310039,9.711400001833681,16.20309999998426
5.375400000048103,0.9365999976580497,0.12799999967683107,9.023800001159543,15.463799998542527
5.127700002049096,0.7628999992448371,0.12380000043776818,8.874200000718702,14.888600002450403
5.782399999588961,0.9778999992704485,0.13799999942420982,8.9254999984405,15.82379999672412
5.418100001406856,0.9656999973230995,0.13480000052368268,9.287299999414245,15.805899998667883
5.307199997332646,0.9227000009559561,0.130899999930989,9.522600001218962,15.883399999438552
5.324400000972673,0.9357000017189421,0.13100000069243833,8.985000000393484,15.376100003777537
5.572999998548767,1.013299999613082,0.1629999969736673,8.972899999207584,15.7221999943431
5.379000001994427,0.9527000001980923,0.13390000094659626,8.872800000972347,15.338400004111463
5.335400001058588,0.9788999996089842,0.13480000052368268,9.254299999156501,15.703400000347756
5.3622999985236675,2.0999000007577706,0.17419999858248048,11.713200001395307,19.349599999259226
5.61569999990752,0.7198999992397148,0.08240000170189887,9.390399998665089,15.808399999514222
4.9136999987240415,0.7179999993240926,0.12349999815342017,8.902300000045216,14.65749999624677
5.387899997003842,0.948900000366848,0.13300000136950985,9.11209999685525,15.58189999559545
5.311799999617506,1.0158000004594214,0.1322999996773433,8.96140000259038,15.421300002344651
5.534599997190526,0.6245000004128087,0.0810999990790151,8.848999998008367,15.089199994690716
5.786199999420205,0.9699000002001412,0.13050000052317046,9.245000001101289,16.131600001244806
5.3773999970871955,0.9456000007048715,0.12849999984609894,10.133799998584436,16.585299996222602
5.369500002416316,0.9286999993491918,0.1292000015382655,9.998199999245116,16.42560000254889
5.475599999044789,0.9414999985892791,0.14939999891794287,8.94730000072741,15.51379999727942
5.681100003130268,0.9986000004573725,0.130899999930989,9.309600001870422,16.12020000538905
5.378899997594999,0.9828000002016779,0.13190000026952475,9.286399999837158,15.77999999790336
5.696700001863064,1.009600000543287,0.13580000086221844,9.075699999812059,15.917800003080629
5.685499996616272,0.9360000003653113,0.1297999988310039,9.400700000696816,16.151999996509403
5.425999999715714,0.9512999968137592,0.12939999942318536,11.176500000146916,17.683199996099574
5.633500000840286,1.4711999974679202,0.16829999731271528,11.952699998801108,19.22569999442203
5.3936000003886875,0.9976000001188368,0.13050000052317046,9.486300001299242,16.008000002329936
5.525900000066031,0.747499998396961,0.1343000003544148,8.954600001743529,15.362300000560936
5.411000001913635,0.9151000012934674,0.13530000069295056,9.124399999564048,15.5858000034641
5.353699998522643,0.9375000008731149,0.1315000008617062,8.9083999991999,15.331099999457365
5.783199998404598,0.9538999984215479,0.14539999756379984,9.55949999843142,16.441999992821366
5.3996999995433725,0.9295999989262782,0.15489999714191072,10.281999999278923,16.766199994890485
5.566499999986263,0.963999998930376,0.13309999849298038,9.415199998329626,16.078799995739246
5.385900003602728,0.9380999981658533,0.1311999985773582,9.174200000416022,15.629400000761962
5.260199999611359,0.9393000000272878,0.13269999908516183,9.163099999568658,15.495299998292467
5.105700001877267,0.6250000005820766,0.09199999840348028,9.042199999385048,14.864900000247872
6.001600002491614,1.0174000017286744,0.13129999933880754,8.874099999957252,16.024400003516348
5.529400001250906,0.9129999998549465,0.1300999974773731,8.937200000218581,15.509699998801807
5.146900002728216,0.7088000020303298,0.12390000119921751,9.637200000724988,15.616800006682752
5.416799998783972,0.9479000000283122,0.1322999996773433,9.297399999923073,15.7943999984127
5.80919999993057,1.0901999994530343,0.1385000032314565,9.711499998957152,16.749400001572212
5.152400000952184,0.6723000005877111,0.08119999984046444,9.134899999480695,15.040800000861054
5.273500002658693,0.7380999995802995,0.1258000011148397,9.365000001707813,15.502400005061645
5.190799998672446,0.7435000006807968,0.12590000187628902,9.368800001539057,15.42900000276859
5.244799998763483,0.7101999981387053,0.1283999990846496,9.250800001609605,15.334199997596443
5.00340000144206,0.9328000014647841,0.1350999991700519,8.890799999790033,14.96210000186693
5.677499997545965,0.9587999993527774,0.13490000128513202,9.02230000065174,15.793499998835614
5.294499998854008,0.8987000001070555,0.12760000026901253,9.345399997982895,15.66619999721297
5.295399998431094,0.9890000001178123,0.13099999705445953,8.890099998097867,15.305499993701233
4.842199999984587,0.8301000016217586,0.08100000195554458,8.846199998515658,14.599500002077548
5.468899998959387,0.973600002907915,0.13390000094659626,9.316799998487113,15.893200001301011
5.3136000024096575,0.9248999995179474,0.13469999976223335,9.18190000083996,15.555100002529798
5.236199998762459,0.9510999989288393,0.12860000060754828,9.033199999976205,15.349099998275051
5.874099999346072,0.9934000008797739,0.13689999832422473,9.781000000657514,16.785399999207584
5.3985999984433874,0.9337000010418706,0.19190000239177607,8.826900000713067,15.351100002590101
5.295900002238341,0.9447000011277851,0.1360000023851171,9.057300001586555,15.433900007337797
5.430600002000574,0.90730000010808,0.1295000001846347,9.013800001412164,15.481200003705453
4.799199999979464,0.5836999989696778,0.0794000006862916,8.899200001906138,14.361500001541572
5.340199997590389,0.9404999982507434,0.13760000001639128,9.152599999652011,15.570899995509535
4.8113999982888345,1.0051999997813255,0.13830000170855783,9.042199999385048,14.997099999163765
5.565999999816995,0.8078000028035603,0.127500003145542,9.533899999951245,16.035200005717343
5.454000001918757,0.9675000001152512,0.18600000112201087,9.23250000050757,15.84000000366359
5.4376000007323455,1.2346000003162771,0.1405000002705492,9.366099999169819,16.17880000048899
5.119299999932991,0.6161999990581535,0.08040000102482736,8.861199999955716,14.677099999971688
4.929400001856266,0.7256999997480307,0.12360000255284831,9.32249999823398,15.101200002391124
5.2027999990968965,0.9531999967293814,0.1331999992544297,9.023399998113746,15.312599993194453
5.258100001810817,0.9836000026552938,0.14110000120126642,9.843299998465227,16.226100004132604
5.433899998024572,0.7646999983990099,0.12459999925340526,8.824800002912525,15.147999998589512
5.608700001175748,0.9128999990934972,0.1370999998471234,10.593699997116346,17.252399997232715
5.162299999938114,0.7117999994079582,0.12399999832268804,9.278099998482503,15.276199996151263
5.687299999408424,1.0000000002037268,0.130899999930989,9.142799997789552,15.960999997332692
5.414200000814162,0.906000001123175,0.1295000001846347,8.897100000467617,15.346800002589589
5.272399997920729,0.95099999816739,0.13390000094659626,9.211600001435727,15.568899998470442
5.191300002479693,0.9185999988403637,0.1263999984075781,9.598599997843849,15.834899997571483
4.934600001433864,0.7006000014371239,0.2334000018890947,8.936900001572212,14.805500006332295
5.026800001360243,0.6161999990581535,0.09049999789567664,9.259800001018448,14.993299999332521
5.355400000553345,0.9492999997746665,0.13190000026952475,8.943099997850368,15.379699998447904
5.34949999928358,0.752799998736009,0.14879999798722565,8.91090000004624,15.161999996053055
5.471199998282827,0.9124999996856786,0.130599997646641,9.010800000396557,15.525099996011704
5.06150000001071,0.732399999833433,0.12310000238358043,8.8744000022416,14.791400004469324
4.912000000331318,0.731100000848528,0.1233000002685003,9.321999998064712,15.088399999513058
5.196699999942211,0.8583999988331925,0.13100000069243833,8.83369999792194,15.019799997389782
5.1807999989250675,0.6095999997342005,0.08030000026337802,8.806400001049042,14.677099999971688
5.355600002076244,0.7557000026281457,0.12440000136848539,9.164400002191542,15.400100008264417
5.386400000134017,0.8980999991763383,0.12849999984609894,8.902900000975933,15.315900000132388
5.268900000373833,0.7445999981428031,0.1267000006919261,9.045300001162104,15.185500000370666
5.001300000003539,1.0055000020656735,0.14800000280956738,9.064300000318326,15.219100005197106
5.189900002733339,0.6016000006638933,0.07879999975557439,8.97419999819249,14.844500001345295
5.091400002129376,0.7296000003407244,0.12350000179139897,9.06820000091102,15.012700005172519
4.913000000669854,0.7199000028776936,0.12369999967631884,9.068499999557389,14.825100002781255
5.515599998034304,0.9076999995158985,0.12860000060754828,9.931000000506174,16.482899998663925
5.351100000552833,0.9862000006251037,0.13169999874662608,9.110899998631794,15.579899998556357
6.057999999029562,0.816700001450954,0.13810000018565916,9.299400000600144,16.31220000126632
5.387500001234002,0.9057000024768058,0.14350000128615648,9.004300001834054,15.441000006831018
4.975500000000466,0.7246000022860244,0.0805000017862767,9.143499999481719,14.924100003554486
5.244600000878563,0.8973999974841718,0.130899999930989,9.046099999977741,15.318999998271465
5.144700000528246,0.9427999975741841,0.13330000001587905,8.952599997428479,15.173399995546788
5.3100999975868035,0.9202000001096167,0.130599997646641,8.877200001734309,15.23809999707737
5.496500001754612,0.9475000006204937,0.13360000230022706,9.454600000026403,16.032200004701735
4.905400001007365,0.627500001428416,0.0794000006862916,9.454300001380034,15.066600004502106
5.019100000936305,0.6966000000829808,0.1233000002685003,9.229499999491964,15.06850000077975
5.135300001711585,0.738499998988118,0.12369999967631884,8.825799999613082,14.823299999989104
5.3079999997862615,0.6246999982977286,0.08539999907952733,8.922600001824321,14.940699998987839
5.064599998149788,0.6285999988904223,0.08860000161803328,8.838800000376068,14.620599999034312
5.103300001792377,0.7337999995797873,0.1235999989148695,8.960399998613866,14.9210999989009
5.625900001177797,1.0177000003750436,0.13620000027003698,9.31750000017928,16.097300002002157
5.463500001496868,0.9657999980845489,0.13659999967785552,8.970000002591405,15.535900001850678
5.332600001565879,1.002699998934986,0.13730000137002207,9.227599999576341,15.700200001447229
5.2920999987691175,0.9540000028209761,0.1343000003544148,9.170700002869125,15.551100004813634
5.162600002222462,0.7875000010244548,0.12730000162264332,8.875999999872874,14.953400004742434
5.587599996943027,0.9456000007048715,0.1311999985773582,9.653000000980683,16.31739999720594
5.235100001300452,0.9208000010403339,0.13029999900027178,9.004300001834054,15.290500003175111
5.3523000024142675,1.985499999136664,0.18429999909130856,9.459100001549814,16.981200002192054
5.3496000000450294,0.6350000003294554,0.08149999848683365,9.13849999778904,15.204599996650359
5.510599999979604,0.9730999991006684,0.13129999933880754,9.853999999904772,16.468999998323852
4.922899999655783,0.747000001865672,0.1238999975612387,9.042899997439235,14.83669999652193
4.940200000419281,0.9914000002027024,0.13029999900027178,8.89630000165198,14.958200001274236
5.0265999998373445,0.726100002793828,0.1264000020455569,8.856299999024486,14.735400003701216
5.2341000009619165,0.7287999978871085,0.12480000077630393,8.834100000967737,14.921800000593066
5.4075999978522304,0.911300001462223,0.1295000001846347,9.089299997867784,15.537699997366872
5.411400001321454,0.7499999992433004,0.13070000204606913,9.630200001993217,15.92230000460404
5.536000000574859,0.9735000021464657,0.12960000094608404,9.26699999763514,15.906100001302548
5.456900002172915,0.9233999990101438,0.12929999866173603,9.002000002510613,15.511600002355408
5.162100002053194,0.7284999992407393,0.13070000204606913,9.082399999897461,15.103700003237464
5.340899999282556,0.90730000010808,0.2482999989297241,9.106000001338543,15.602499999658903
5.618499999400228,0.7288999986485578,0.14070000179344788,8.859999998094281,15.348099997936515
5.274700000882149,0.60950000261073,0.08059999890974723,8.93020000148681,14.895000003889436
5.079300000943476,0.7337999995797873,0.12419999984558672,10.4157000023406,16.35300000270945
4.9270000017713755,0.7449999975506216,0.12599999899975955,9.329499996965751,15.127499995287508
5.332199998520082,0.7127000026230235,0.31120000130613334,9.625700000469806,15.981800002919044
5.238899997493718,0.9348999992653262,0.1480999999330379,9.156700001767604,15.478599998459686
5.427600000984967,0.9204000016325153,0.13339999713934958,9.504400000878377,15.985800000635209
4.900599997199606,0.7153000005928334,0.12339999739197083,9.086999998544343,14.826299993728753
4.858799999055918,0.7265999993251171,0.12450000212993473,9.151499998552026,14.861399999062996
5.137600001035025,0.7035999988147523,0.1247000000148546,9.049800002685515,15.015700002550147
5.5334999997285195,1.0642999986885116,0.13550000221584924,9.050500000739703,15.783800001372583
5.042899996624328,0.5835999982082285,0.07950000144774094,8.839499998430256,14.545499994710553
5.163600002560997,0.8998999983305112,0.1292000015382655,9.146999997028615,15.33969999945839
5.296899998938898,0.9156000014627352,0.12789999891538173,9.202399996866006,15.542799996183021
5.331899999873713,1.0208999992755707,0.13929999840911478,8.962299998529488,15.454399996087886
5.4865999991307035,0.9743999980855733,0.1322999996773433,9.097600002860418,15.690899999754038
4.964199997630203,0.7222000022011343,0.12489999789977446,9.579899997333996,15.391199995065108
4.907599999569356,0.7000000005064066,0.12269999933778308,9.001700000226265,14.731999999639811
5.422300000645919,0.9601999990991317,0.13670000043930486,9.229100000084145,15.7483000002685
5.450399999972433,0.9046000013768207,0.1277999981539324,8.939699997426942,15.422499996930128
5.263299997750437,0.9161999987554736,0.13219999891589396,9.04159999845433,15.353299993876135
5.190300002141157,0.9181999994325452,0.13020000187680125,9.069800002180273,15.308500005630776
5.264399998850422,0.9138000023085624,0.12829999832320027,9.013099999719998,15.319599999202183
5.357900001399685,0.9355000001960434,0.13409999883151613,9.051899996848078,15.479399997275323
5.049999999755528,0.6074000011722092,0.08139999772538431,8.839800000714604,14.578599999367725
5.5974000024434645,0.9267999994335696,0.14970000120229088,9.976299999834737,16.65020000291406
4.961300001014024,0.7379999988188501,0.13760000001639128,9.996400000090944,15.833299999940209
5.489999999554129,1.279400003113551,0.12290000086068176,8.816800000204239,15.709100003732601
5.415399999037618,0.9554999996908009,0.13350000153877772,9.054199999809498,15.558600000076694
5.21409999782918,0.9032000016304664,0.1298000024689827,8.848699999361997,15.095800001290627
4.926400000840658,0.723099998140242,0.1235999989148695,8.975200002169004,14.748300000064773
5.254799998510862,0.9960999996110331,0.13839999883202836,9.047800002008444,15.437099998962367
5.341599997336743,0.816700001450954,0.12760000026901253,9.382100000948412,15.668000000005122
5.220200000621844,0.9153999999398366,0.12849999984609894,9.471000001212815,15.735100001620594
5.193199998757336,0.9119999995164108,0.12939999942318536,9.246400000847643,15.480999998544576
5.449899999803165,1.063899999280693,0.13659999967785552,9.107300000323448,15.757699999085162
5.299500000546686,0.7795000019541476,0.12659999993047677,8.845899999869289,15.0515000023006
4.903500001091743,0.707499999407446,0.12390000119921751,8.914699999877485,14.649600001575891
5.208299997320864,0.9838000005402137,0.14150000060908496,8.919799998693634,15.253399997163797
5.3609999995387625,0.901699997484684,0.1283999990846496,9.909699998388533,16.30079999449663
5.535199998121243,0.9124999996856786,0.12939999942318536,9.041099998285063,15.61819999551517
5.3087999986018986,0.9194999984174501,0.15249999705702066,9.095699999306817,15.476499993383186
4.849799999647075,0.7175999999162741,0.1230000016221311,9.189500000502449,14.879900001687929
4.964300002029631,0.6083000007492956,0.07990000085555948,9.075199999642791,14.727700003277278
5.36380000266945,1.0096999976667576,0.13039999976172112,8.987600002001273,15.491500002099201
5.542500002775341,0.9997999986808281,0.13320000289240852,9.149999998044223,15.8255000023928
5.137300002388656,0.7369999984803144,0.12590000187628902,9.154100000159815,15.154300002905075
5.503399999724934,1.0000000002037268,0.1367999975627754,9.648199997172924,16.28839999466436
5.399600002419902,1.1314000003039837,0.14039999950909987,9.062799999810522,15.734200002043508
5.079799997474765,0.7643999997526407,0.1249999986612238,8.907700001145713,14.876899997034343
5.638899998302804,0.9136999979091343,0.130899999930989,9.06340000074124,15.746899996884167
5.263699997158255,0.7236000019474886,0.1230000016221311,9.183800000755582,15.294100001483457
4.9099999996542465,0.6130999972810969,0.08019999950192869,8.993999999802327,14.597299996239599
5.013200003304519,0.7174000020313542,0.12430000060703605,9.518599999864819,15.373500005807728
5.178300001716707,0.9084000012080651,0.1278000017919112,10.793099998409161,17.007600003125845
6.798599999456201,1.0043999973277096,0.13899999976274557,9.745999999722699,17.687999996269355
5.309899999701884,0.9140000001934823,0.13079999916953966,9.031899997353321,15.386599996418227
4.77110000065295,0.5715000006603077,0.07850000110920519,8.519399998476729,13.940500000899192
4.939300000842195,0.6107999979576562,0.07960000220919028,9.107599998969818,14.737299999978859
5.324999998265412,0.9776000006240793,0.13380000018514693,9.055399998032954,15.491799997107591
5.120600002555875,0.7102999989001546,0.1247000000148546,8.789399998931913,14.745000000402797
5.087099998490885,0.6045000009180512,0.07919999916339293,8.793799999693874,14.564599998266203
5.373300002247561,0.9530999996059109,0.1450000017939601,9.640399999625515,16.111800003272947
5.260600002657156,1.1567999972612597,0.16460000188089907,9.088400001928676,15.670400003727991
5.11969999934081,0.7301999976334628,0.12540000170702115,8.83339999927557,14.808699997956865
5.633799999486655,0.9418000008736271,0.13449999823933467,9.19140000041807,15.901499999017688
5.315300000802381,0.9747999974933919,0.12960000094608404,9.285100000852253,15.70480000009411
5.300200002238853,0.9770999968168326,0.13640000179293565,9.16009999855305,15.573799999401672
5.065300003479933,0.7143000002542976,0.12380000043776818,8.937999999034218,14.841400003206218
5.405600000813138,0.9938000002875924,0.08399999933317304,9.897899999486981,16.381299999920884
5.407100001320941,0.7269999987329356,0.08170000000973232,9.29589999941527,15.511699999478878
5.227099998592166,1.0314999999536667,0.13449999823933467,8.950599996751407,15.343699993536575
5.1105999991705175,0.8101999992504716,0.12419999984558672,8.905099999537924,14.9500999978045
5.1085000013699755,0.7164000016928185,0.12419999984558672,8.835300002829172,14.784400005737552
5.5114999995566905,0.917900000786176,0.13050000052317046,9.21109999762848,15.770999998494517
5.569000000832602,0.9952000000339467,0.13039999976172112,9.238899998308625,15.933499998936895
5.468399998790119,1.0108000024047215,0.14210000153980218,9.36119999823859,15.982500000973232
5.542700000660261,0.9503000001132023,0.13639999815495685,8.949999999458669,15.579399998387089
5.213799999182811,1.0070999996969476,0.13479999688570388,8.849999998346902,15.205699994112365
4.770700001245132,0.6326000002445653,0.08170000000973232,8.957199999713339,14.442200001212768
5.283599999529542,0.9055999980773777,0.12820000119972974,9.132899998803623,15.450299997610273
5.207899997913046,0.9886999978334643,0.12960000094608404,8.999400000902824,15.325599997595418
5.2610999991884455,1.062600000295788,0.13609999950858764,9.254000000510132,15.713799999502953
4.971600003045751,0.6017000014253426,0.0793999970483128,9.244699998816941,14.897400000336347
5.328999999619555,0.7557999997516163,0.0810999990790151,9.209699997882126,15.375599996332312
6.113499999628402,1.1902000005648006,0.15559999883407727,9.311900001193862,16.771200000221143
5.378099998779362,0.9417000001121778,0.13029999900027178,9.29569999789237,15.745799995784182
5.167899998923531,0.7638999995833728,0.08229999730247073,9.118400001170812,15.132499996980187
5.395199998019962,1.0078000013891142,0.08560000060242601,9.100100000068778,15.58870000008028
5.664800002705306,0.9401999996043742,0.13220000255387276,9.0608999998949,15.798100004758453
5.093799998576287,0.7885999984864611,0.12440000136848539,9.01510000039707,15.021899998828303
5.179399999178713,0.9728999975777697,0.13480000052368268,9.309399996709544,15.59649999398971
5.11230000120122,1.5061000012792647,0.14009999722475186,9.168500000669155,15.927000000374392
5.704100000002654,0.8112000032269862,0.08180000077118166,8.743399997911183,15.340500001912005
5.272899998089997,0.7852000017010141,0.12509999942267314,8.848499997839099,15.031699997052783
5.657699999574106,1.046400000632275,0.13320000289240852,9.888700002193218,16.726000005292008
5.318600000464357,0.9453999991819728,0.13300000136950985,9.698200003185775,16.095200004201615
5.466499998874497,0.9479000000283122,0.13050000052317046,9.226099999068538,15.770999998494517
5.577299998549279,1.053799998771865,0.15899999925750308,9.560200000123587,16.350299996702233
5.434499998955289,0.7750999975542072,0.12480000077630393,10.931600001640618,17.265999998926418
5.324400000972673,0.957599997491343,0.12880000213044696,8.905399998184294,15.316199998778757
5.185800000617746,0.9739999986777548,0.14250000094762072,8.963500000390923,15.265800000634044
5.285700000968063,0.9148999997705687,0.12939999942318536,9.24250000025495,15.572500000416767
5.320400003256509,0.9523000007902738,0.12789999891538173,9.260300001187716,15.66090000414988
4.913799999485491,0.805300001957221,0.12589999823831022,8.970099999714876,14.815099999395898
5.583500002103392,1.16859999980079,0.1467000001866836,9.775999998964835,16.6748000010557
5.335700003342936,0.9331999972346239,0.12970000170753337,9.52310000138823,15.921700003673322
5.411699999967823,1.0731000002124347,0.15770000027259812,9.320899996964727,15.963399997417582
5.375700002332451,0.951300000451738,0.13050000052317046,8.939100000134204,15.396600003441563
5.2324999996926636,0.9742000002006534,0.1336999994236976,8.962500000052387,15.302899999369401
5.208500002481742,0.9850000024016481,0.1277999981539324,9.445800002140459,15.767100005177781
4.971300000761403,0.721799999155337,0.12409999908413738,9.040799999638693,14.85799999863957
5.346300000383053,0.9473999998590443,0.1294999965466559,9.472899997490458,15.896099994279211
5.273900002066512,0.8065999973041471,0.12440000136848539,8.906499999284279,15.111400000023423
5.52840000091237,0.9681999981694389,0.1339999980700668,9.574900002917275,16.20550000006915
5.319199997757096,0.9331000001111533,0.2040999970631674,9.406699999090051,15.863099994021468
5.3226000018185005,1.0855000000447035,0.13580000086221844,8.92290000047069,15.466800003196113
5.711900001188042,1.015399997413624,0.1357000001007691,8.966199999122182,15.829199997824617
5.085499997221632,0.7302000012714416,0.12340000102994964,9.17489999847021,15.113999997993233
5.277800002659205,0.9753000013006385,0.13019999823882245,9.427199998754077,15.810500000952743
5.3903999978501815,0.9213999983330723,0.13630000103148632,9.424500000022817,15.872599997237558
5.51400000040303,1.0391000032541342,0.18210000052931719,9.415700002136873,16.150900006323354
5.456599999888567,0.926900000195019,0.20530000256258063,9.266900000511669,15.855700003157835
5.5725000020174775,0.9279999976570252,0.1354000014543999,8.941000000049826,15.576900001178728
5.023099998652469,0.6065000015951227,0.08750000051804818,8.791300002485514,14.508400003251154
5.696199998055818,1.0029000004578847,0.13519999993150122,9.584399998857407,16.41869999730261
4.915999998047482,0.7172999976319261,0.1311999985773582,9.047700001246994,14.81219999550376
5.78970000060508,1.0963999993691687,0.14509999891743064,9.308100001362618,16.339300000254298
5.278399999951944,0.9454999999434222,0.1317000023846049,8.984000000054948,15.339600002334919
5.273299997497816,0.9606999992683996,0.14870000086375512,9.21790000211331,15.600599999743281
5.268600001727464,1.020200001221383,0.13330000001587905,9.02959999802988,15.451700000994606
4.941999999573454,0.6044999972800724,0.0791000020399224,8.83849999809172,14.46409999698517
4.898899998806883,0.6154000002425164,0.08270000034826808,8.905799997592112,14.50279999698978
5.2570999978343025,1.0222000018984545,0.13530000069295056,8.933599998272257,15.348199998697964
5.454400001326576,0.9710000013001263,0.131200002215337,9.0898999987985,15.64650000364054
5.6883000033849385,0.9931000022334047,0.13240000043879263,9.149199999228586,15.963000005285721
5.650199997035088,1.0452999995322898,0.13469999976223335,9.108399997785455,15.938599994115066
4.956600001605693,0.7279999990714714,0.12260000221431255,8.975400000053924,14.7826000029454
5.435700000816723,0.661899997794535,0.0838999985717237,8.77790000231471,14.959399999497691
5.385199998272583,0.8085999979812186,0.12490000153775327,8.825700002489612,15.144400000281166
5.049000003054971,0.7210000003396999,0.1286999977310188,8.89159999860567,14.79029999973136
5.319299998518545,0.9363999997731298,0.12820000119972974,8.959599999798229,15.343499999289634
5.553299997700378,0.8339000014530029,0.12590000187628902,9.402499999850988,15.915600000880659
5.328800001734635,1.032099997246405,0.1390999968862161,9.384799999679672,15.884799995546928
5.1753000007011,0.9361000011267606,0.1292000015382655,9.355400001368253,15.596000004734378
5.68829999974696,1.0656000013113953,0.13970000145491213,8.97659999827738,15.870200000790646
4.965000000083819,0.6340999971143901,0.0794000006862916,8.912100001907675,14.590599999792175
5.256299999018665,0.9780000000318978,0.10549999933573417,8.927699997002492,15.267499995388789
5.5338000020128675,1.019899998937035,0.12969999806955457,8.832700001221383,15.51610000024084
5.465000002004672,0.9954000015568454,0.1357000001007691,9.793000001081964,16.38910000474425
5.2757000012206845,0.8103000000119209,0.1478000012866687,9.345800001028692,15.579600003547966
5.074900000181515,0.7129000005079433,0.13199999739299528,9.127500001341105,15.047299999423558
4.718799998954637,0.873700002557598,0.08090000119409524,8.816499997919891,14.489900000626221
5.008899999666028,0.7432999991578981,0.08510000043315813,8.715800002391916,14.553100001649
5.8229000023857225,0.6672000017715618,0.08139999772538431,9.09979999778443,15.671299999667099
5.267900000035297,0.7571999994979706,0.12649999916902743,9.92720000067493,16.078799999377225
4.855900002439739,0.7134000006772112,0.12249999781488441,9.373900000355206,15.065700001287041
5.694999999832362,1.4437999998335727,0.094600000011269,9.023599999636644,16.256999999313848
5.909399998927256,0.957899999775691,0.12989999959245324,8.941500000219094,15.938699998514494
5.416500000137603,0.9415000022272579,0.12989999959245324,9.284299998398637,15.772200000355951
4.8956999999063555,0.7370999992417637,0.12349999815342017,8.888500000466593,14.644799997768132
4.892500001005828,0.7186000002548099,0.1230000016221311,8.982100000139326,14.716200003022095
5.294400001730537,0.9527000001980923,0.12939999942318536,9.144299998297356,15.52079999964917
5.052000000432599,0.7351999993261416,0.12229999992996454,8.902499997930136,14.811999997618841
5.515799999557203,0.9801000014704186,0.13140000010025688,9.899300002871314,16.526600003999192
5.6618000016896985,1.0127000023203436,0.13129999933880754,9.543100000882987,16.348900004231837
5.363200001738733,0.9266000015486497,0.12849999984609894,8.991599999717437,15.409900002850918
4.941999999573454,0.6645000030403025,0.08099999831756577,9.513799999695038,15.201300000626361
5.424799997854279,0.9609000007912982,0.1292000015382655,9.115000000747386,15.62990000093123
4.867799998464761,0.6428999986383133,0.09199999840348028,9.041100001923041,14.643799997429596
5.065999997896142,0.9000999998534098,0.13160000162315555,9.200599997711834,15.298299997084541
5.3035999990243,0.9747000003699213,0.13390000094659626,9.010800000396557,15.423000000737375
5.440600001747953,0.9819000006245915,0.12989999959245324,9.369300001708325,15.921700003673322
5.408000000898028,1.1288000023341738,0.14139999984763563,9.065300000656862,15.743500003736699
5.329600000550272,0.9783999994397163,0.15239999993355013,9.035299997776747,15.495699997700285
5.484799999976531,0.9601999990991317,0.13010000111535192,9.906600000249455,16.48170000044047
5.186399997910485,0.97250000180793,0.24590000248281285,9.207499999320135,15.612300001521362
4.940300001180731,0.7393999985652044,0.13490000128513202,8.934899997257162,14.749499998288229
5.507700003363425,0.9427000004507136,0.12900000001536682,8.88919999852078,15.468600002350286
5.390900001657428,1.0576999993645586,0.13670000043930486,9.784000001673121,16.369300003134413
4.9206000003323425,0.5913999993936159,0.07829999958630651,9.707900000648806,15.29819999996107
5.701500002032844,0.9488000032433774,0.13110000145388767,8.870100002241088,15.651500008971198
5.1844999979948625,0.9295000018028077,0.12939999942318536,9.043099998962134,15.28649999818299
5.443599999125581,0.9336999974038918,0.1269999993382953,8.899600001313956,15.403899997181725
4.832900001929374,0.626200002443511,0.08300000263261609,8.978900001238799,14.5210000082443
5.33019999784301,1.01379999978235,0.13250000120024197,9.172400001261849,15.648900000087451
5.462699999043252,1.0279999987687916,0.1359999987471383,9.090599996852688,15.71729999341187
5.727899999328656,0.9800000007089693,0.13069999840809032,9.28090000161319,16.119500000058906
5.656400000589201,0.9614000009605661,0.1315000008617062,9.331500001280801,16.080800003692275
5.2141999985906295,0.9768999989319127,0.1295000001846347,8.991599999717437,15.312199997424614
5.108099998324178,0.7675000015296973,0.12659999993047677,8.818599999358412,14.820799999142764
5.234600001131184,0.9494000005361158,0.13000000035390258,8.951899999374291,15.265900001395494
4.970900001353584,0.7247999965329655,0.12340000102994964,8.72469999740133,14.54379999631783
5.242399998678593,0.9430999998585321,0.12960000094608404,9.405500000866596,15.720600000349805
5.440299999463605,0.923999999940861,0.13760000001639128,8.870899997418746,15.372799996839603
4.969300000084331,1.1217999999644235,0.14069999815546907,9.447100001125364,15.678899999329587
5.439399999886518,0.7304999999178108,0.12390000119921751,8.863300001394236,15.157100002397783
5.075100001704413,0.6394999982148875,0.08910000178730115,8.80209999741055,14.605799999117153
4.901299998891773,0.7189999996626284,0.12390000119921751,9.20380000025034,14.948000000003958
5.419700002676109,0.9704999974928796,0.13390000094659626,9.252799998648698,15.776899999764282
5.216000001382781,0.9500999985903036,0.12960000094608404,9.187799998471746,15.483499999390915
6.318300002021715,1.038200000039069,0.14719999671797268,9.032400001160568,16.536099999939324
5.291100002068561,0.9738000007928349,0.14930000179447234,9.696000000985805,16.110200005641673
4.891599997790763,0.7458000000042375,0.12369999967631884,9.332100002211519,15.093199999682838
5.723100002796855,0.811400001111906,0.1247000000148546,8.974100001069019,15.633300004992634
5.230300001130672,0.7745999973849393,0.0838999985717237,10.046499999589287,16.135299996676622
5.347400001483038,0.9224999994330574,0.1314999972237274,9.12869999956456,15.530099997704383
5.429799999546958,1.0520999967411626,0.18149999959859997,9.175300001516007,15.838699997402728
6.15490000200225,1.0972000018227845,0.14939999891794287,9.812500000407454,17.21400000315043
4.9862999985634815,0.7524000029661693,0.12269999933778308,9.062500001164153,14.923900002031587
5.662999999913154,1.0806000027514528,0.1405000002705492,9.103600001253653,15.98770000418881
5.273599999782164,1.0757000018202234,0.1266999970539473,8.805999998003244,15.281999996659579
5.567000000155531,0.9624999984225724,0.130899999930989,8.952799998951377,15.61319999746047
5.23560000146972,0.9871000002021901,0.12870000136899762,9.00490000276477,15.356300005805679
5.067900001449743,0.7331000015255995,0.12269999933778308,9.60059999852092,15.524300000834046
5.147799998667324,0.7366999998339452,0.1253000009455718,9.20639999822015,15.21619999766699
5.615199999738252,0.8028999982343521,0.12849999984609894,9.240899998985697,15.7874999968044
5.636699999740813,0.985500002570916,0.13190000026952475,9.61979999920004,16.373900001781294
5.257299999357201,0.9457999985897914,0.12900000001536682,9.620799999538576,15.952899997500936
4.944299998896895,0.7275999996636529,0.12459999925340526,8.917999999539461,14.714499997353414
4.893700002867263,0.6005999966873787,0.08010000237845816,8.999000001495006,14.573400003428105
4.931499999656808,0.9523000007902738,0.16080000204965472,9.171300000161864,15.2159000026586
5.313800000294577,0.9356000009574927,0.13100000069243833,8.990399997856002,15.37079999980051
5.647800000588177,1.047199999447912,0.13519999993150122,9.683799999038456,16.513999999006046
5.339200000889832,1.0313999991922174,0.1315000008617062,9.833599997364217,16.335699998307973
5.526899996766588,0.771099999838043,0.13140000010025688,8.94249999691965,15.371899993624538
5.819999998493586,0.9513999975752085,0.13140000010025688,9.938099999999395,16.840899996168446
5.272899998089997,0.9530999996059109,0.12900000001536682,9.491100001469022,15.846099999180296
5.0539000003482215,0.751499999751104,0.12400000196066685,8.810899998934474,14.740300000994466
5.835399999341462,0.7882999998400919,0.12680000145337544,8.791899999778252,15.542400000413181
5.069400001957547,0.72580000050948,0.12419999984558672,9.7286999989592,15.648100001271814
5.429799999546958,0.9915000009641517,0.1967999996850267,9.11640000049374,15.734500000689877
5.551899997954024,1.0312000013072975,0.14620000001741573,9.362400000100024,16.09169999937876
5.026899998483714,0.731400003132876,0.12310000238358043,8.885799998097355,14.767200002097525
5.452500001410954,0.9420999995199963,0.14260000170907006,9.075399997527711,15.612600000167731
5.187200000364101,0.9477999992668629,0.13360000230022706,9.214999998221174,15.483600000152364
5.283499998768093,0.9322000005340669,0.12879999849246815,9.504400000878377,15.848899998673005
5.241200000455137,0.9748000011313707,0.134599999000784,9.228000002622139,15.57860000320943
5.662100000336068,1.0552999992796686,0.1376999971398618,10.025600000517443,16.88069999727304
5.729699998482829,0.6382999999914318,0.08219999654102139,8.87449999936507,15.324699994380353
5.532600000151433,0.9651000000303611,0.13070000204606913,9.101799998461502,15.730200000689365
5.4662000002281275,0.9600000012142118,0.14460000238614157,8.98849999794038,15.559300001768861
4.991099998733262,0.7277000004251022,0.12269999933778308,9.42399999985355,15.265499998349696
5.339999999705469,0.9288000001106411,0.1588000013725832,9.038600001076702,15.466200002265396
5.402999999205349,0.849000000016531,0.09469999713473953,8.986400000139838,15.333099996496458
5.559000001085224,1.107100000808714,0.1343000003544148,9.294900002714712,16.095300004963065
5.3259999986039475,1.1395000001357403,0.13730000137002207,9.664499997597886,16.267299997707596
5.646199999318924,0.9740000023157336,0.17489999663666822,8.987500001239823,15.782599999511149
5.705899999156827,0.9502000029897317,0.13920000128564425,8.980700000392972,15.776000003825175
4.976500000339001,0.7302000012714416,0.12319999950705096,9.415900000021793,15.245800001139287
5.312900000717491,0.9360000003653113,0.12870000136899762,9.80609999896842,16.18370000142022
5.2810000015597325,0.9157000022241846,0.12900000001536682,9.078799997951137,15.40450000175042
4.968500001268694,1.553900001454167,0.15619999976479448,9.319000000687083,15.997600003174739
5.8143999995081685,0.9462999987590592,0.1292000015382655,9.115699998801574,16.005599998607067
5.151800000021467,0.9282000028179027,0.13010000111535192,9.509499999694526,15.719600003649248
4.84610000057728,0.7307000014407095,0.1233000002685003,9.337800001958385,15.037900004244875
4.926400000840658,1.260499997442821,0.13700000272365287,9.375999998155748,15.69989999916288
5.55270000040764,0.9433000013814308,0.12940000306116417,9.140799997112481,15.766200001962716
5.2187000001140404,0.9815000012167729,0.13050000052317046,9.037100000568898,15.367800002422882
5.27469999724417,0.9676000008767005,0.13389999730861746,9.02940000014496,15.405599995574448
5.321200002072146,1.0451999987708405,0.1396000006934628,9.270899998227833,15.776899999764282
5.727899999328656,0.9895999974105507,0.13169999874662608,9.269500002119457,16.11869999760529
5.343799999536714,0.9891000008792616,0.13440000111586414,9.764400001586182,16.23170000311802
5.035499998484738,0.6736999966960866,0.12760000026901253,8.875499999703607,14.712299995153444
4.943299998558359,0.787499997386476,0.13659999967785552,8.84550000046147,14.712899996084161
5.847399999765912,0.7818999984010588,0.12829999832320027,9.154399998806184,15.911999995296355
4.917699996440206,0.7554000003437977,0.12400000196066685,8.808499998849584,14.605599997594254
4.889699997875141,0.7398000016110018,0.13169999874662608,9.146299998974428,14.907499997207196
5.641800002194941,0.9939999981725123,0.13799999942420982,9.13840000066557,15.912200000457233
4.843699996854411,1.0518999988562427,0.1602000011189375,9.284700001444435,15.340499998274026
5.13409999985015,0.5984999988868367,0.0793999970483128,8.811299998342292,14.623299994127592
5.099800000607502,0.7415000000037253,0.12440000136848539,8.7972000001173,14.762900002097012
5.401900001743343,0.938299999688752,0.12840000272262841,9.35609999942244,15.824700003577163
4.870600001595449,0.6608999974559993,0.08180000077118166,8.99070000014035,14.60399999996298
5.268299999443116,0.9625000020605512,0.12849999984609894,9.083900000405265,15.44320000175503
5.861200002982514,1.0290999998687766,0.13609999950858764,9.353299999929732,16.37970000228961
5.236999997578096,0.925299998925766,0.12690000221482478,10.054399997898145,16.34359999661683
5.236000000877539,0.9783999994397163,0.234499999351101,8.910099997592624,15.35899999726098
4.931100000248989,1.0779000003822148,0.13609999950858764,8.989300000393996,15.134400000533788
5.372100000386126,0.9443000017199665,0.12989999959245324,8.888000000297325,15.33430000199587
5.182900000363588,0.9926999991876073,0.13209999815444462,9.101799998461502,15.409499996167142
4.841000001761131,0.6359999970300123,0.09610000051907264,8.974899999884656,14.547999999194872
7.024599999567727,1.1239999985264149,0.12969999806955457,9.12850000167964,17.406799997843336
5.016999999497784,0.7491999967896845,0.12419999984558672,8.904399997845758,14.794799993978813
5.398100001912098,0.7879999975557439,0.12689999857684597,9.566099997755373,15.879099995800061
5.3879999977652915,0.9453000020585023,0.13179999950807542,8.90609999987646,15.37119999920833
5.212700001720805,0.9881000005407259,0.1329000006080605,9.086499998375075,15.420200001244666
5.0938999993377365,0.7480000022042077,0.12489999789977446,8.807700000033947,14.774499999475665
5.011599998397287,0.6427999978768639,0.0870000003487803,8.800399999017827,14.541799995640758
5.29389999792329,0.9873999988485593,0.13469999976223335,9.064499998203246,15.480499994737329
5.543300001590978,1.1021999998774845,0.14390000069397502,9.87370000075316,16.6631000029156
4.967699998815078,0.5959000009170268,0.07899999764049426,9.349200001452118,14.991799998824717
5.130000001372537,1.0025000010500662,0.13279999984661117,8.977800000138814,15.243100002408028
5.351399999199202,0.9593000031600241,0.13450000187731348,8.93769999674987,15.38290000098641
5.079399998066947,0.740100000257371,0.12259999857633375,9.24749999830965,15.189599995210301
5.517399997188477,0.9753999984241091,0.12879999849246815,9.074900000996422,15.696499995101476
4.843499998969492,0.6382999999914318,0.08010000237845816,8.984000000054948,14.54590000139433
4.942300001857802,0.6747000006726012,0.0822000001790002,9.315499999502208,15.014700002211612
5.086699999083066,0.6740000026184134,0.08180000077118166,8.84099999893806,14.68350000141072
5.424800001492258,0.9957000002032146,0.13440000111586414,8.9494999992894,15.504400002100738
5.109599998831982,0.733500000933418,0.12439999773050658,8.981700000731507,14.949199998227414
5.108899997139815,0.6257999993977137,0.08090000119409524,9.013999999297084,14.829599997028708
4.945099997712532,0.7286000000021886,0.12289999722270295,9.268499998142943,15.065099993080366
5.0515000002633315,0.9306000029027928,0.1267000006919261,8.853200000885408,14.962000004743459
4.890699998213677,0.7382000003417488,0.12309999874560162,9.009499997773673,14.7614999950747
5.432599999039667,0.9653000015532598,0.13069999840809032,9.46039999689674,15.988999995897757
5.558000000746688,0.9804999972402584,0.19130000146105886,9.379800001624972,16.109600001072977
5.2700999985972885,0.9380000010423828,0.12819999756175093,9.26410000101896,15.600399998220382
4.963299998053117,0.7806999965396244,0.12409999908413738,8.888300002581673,14.756399996258551
4.8663000015949365,0.7471999997505918,0.12350000179139897,8.909399999538437,14.646400002675364
5.104100000608014,0.8350999996764585,0.1463999979023356,8.868700002494734,14.954300000681542
5.369599999539787,1.0877999993681442,0.1325999983237125,8.934599998610793,15.524599995842436
6.55929999993532,1.0126999986823648,0.14970000120229088,9.403200001543155,17.12490000136313
5.366800000047078,0.9868999986792915,0.13939999917056412,9.650100000726525,16.14319999862346
4.86799999998766,0.7266000029630959,0.13029999900027178,9.213799999997718,14.938700001948746
5.311000000801869,1.0342999994463753,0.1506000007793773,9.27899999805959,15.77489999908721
5.367800000385614,0.9540999999444466,0.15050000001792796,8.90590000199154,15.378300002339529
5.269799999950919,0.9783999994397163,0.1295000001846347,9.107900001254166,15.485600000829436
4.827799999475246,0.8635999984107912,0.12430000060703605,9.034099999553291,14.849799998046365
4.7680000025138725,0.7371000028797425,0.12280000009923242,9.584699997503776,15.212600002996624
5.582400001003407,1.1097000024165027,0.13780000153928995,9.067099999811035,15.897000004770234
5.4555999995500315,0.9882999984256458,0.1357000001007691,9.526100002403837,16.105700000480283
5.123599999933504,0.9673000022303313,0.1295000001846347,9.177600000839448,15.398000003187917
4.869399999734014,0.7393000014417339,0.12309999874560162,9.064499998203246,14.796299998124596
5.341000000044005,1.118800002586795,0.15949999942677096,9.291700000176206,15.911000002233777
5.720799999835435,0.9537000005366281,0.13770000077784061,9.558300000207964,16.37050000135787
5.444400001579197,0.9642000004532747,0.13190000026952475,9.466100000281585,16.006600002583582
5.409399997006403,1.0419000027468428,0.15350000103353523,9.555699998600176,16.160499999386957
5.782000000181142,1.095200001145713,0.14070000179344788,9.079499999643303,16.097400002763607
5.11489999917103,0.7464000009349547,0.12419999984558672,8.81410000147298,14.799600001424551
5.512699997780146,0.7823999985703267,0.12340000102994964,8.853700001054676,15.272199998435099
5.7084000000031665,0.6551000005856622,0.08370000068680383,8.82659999842872,15.273799999704352
5.262599999696249,0.9628999978303909,0.13069999840809032,9.054999998625135,15.411199994559865
4.94780000008177,0.64340000244556,0.07890000051702373,8.887100000720238,14.557200003764592
5.55510000049253,1.1271000003034715,0.17529999968246557,9.363799999846378,16.221300000324845
5.916599999181926,1.2126999972679187,0.15180000264081173,9.795599999051774,17.07669999814243
4.957099998136982,0.7770000011078082,0.1233000002685003,9.018199998536147,14.875599998049438
5.423499998869374,0.9253999996872153,0.12829999832320027,9.22329999957583,15.700499996455619
5.0575999994180165,0.7519999999203719,0.12430000060703605,9.759799999301322,15.693699999246746
5.207999998674495,0.9561000006215181,0.12860000060754828,9.090599996852688,15.38329999675625
5.415699997683987,0.9527000001980923,0.13069999840809032,9.04640000226209,15.545499998552259
5.346599999029422,0.9662000011303462,0.1325999983237125,9.71890000073472,16.1642999992182
5.49690000116243,1.0326000010536518,0.13819999730912969,8.864100000209874,15.531799999735085
5.642500000249129,0.9726999996928498,0.13380000018514693,8.999599998787744,15.74859999891487
4.947399997035973,0.7404999996651895,0.13000000035390258,9.025600000313716,14.843499997368781
5.275899999105604,1.1573000010685064,0.15619999976479448,9.47719999749097,16.066599997429876
5.237299999862444,0.7366999998339452,0.1230000016221311,9.085699999559438,15.182700000877958
5.55250000252272,1.0868000026675873,0.15160000111791305,8.892400001059286,15.683300007367507
4.917900001601083,0.7576999996672384,0.12799999967683107,8.889599997928599,14.693199998873752
5.58679999812739,1.0574000007181894,0.13609999950858764,9.69500000064727,16.475299999001436
5.6187999980465975,1.1651000022538938,0.13359999866224825,8.94739999785088,15.86489999681362
5.066600002464838,0.6403999977919739,0.08200000229408033,9.015600000566337,14.80460000311723
5.743199999415083,0.9405999990121927,0.13050000052317046,9.047200001077726,15.861500000028173
4.985499999747844,0.6309999989753123,0.07869999899412505,8.943199998611817,14.638399996329099
4.9968999992415775,0.745099998312071,0.12340000102994964,9.021600002597552,14.88700000118115
5.249000001640525,1.0265000018989667,0.23539999892818742,9.461599998758174,15.972500001225853
7.32609999977285,0.9944000012183096,0.12889999925391749,9.91509999948903,18.364499999734107
5.516799999895738,1.6969999996945262,0.152900000102818,9.19900000008056,16.565699999773642
5.18730000112555,0.6162999998196028,0.08159999924828298,8.97130000157631,14.856500001769746
5.831499998748768,0.969299999269424,0.12849999984609894,8.964399999968009,15.8936999978323
4.865100003371481,0.6428000015148427,0.0791000020399224,8.742800000618445,14.32980000754469
5.2484000007098075,0.9538000012980774,0.12860000060754828,8.992899998702342,15.323700001317775
5.257299999357201,0.954200000705896,0.12910000077681616,8.948000002419576,15.28860000325949
4.846800002269447,0.7379999988188501,0.1233000002685003,9.258800000679912,14.96690000203671
5.711199999495875,1.0416000004624948,0.13240000043879263,9.308000000601169,16.19320000099833
5.120599998917896,0.8422999999311287,0.14939999891794287,8.938300001318567,15.050599999085534
4.787499998201383,0.601499999902444,0.09589999899617396,8.758899999520509,14.24379999662051
4.896400001598522,0.5990999998175539,0.08099999831756577,8.96890000149142,14.545400001225062
5.1241000001027714,0.9485999980825,0.13039999976172112,9.161800000583753,15.364899998530746
4.968999997799983,0.6210999999893829,0.07810000170138665,8.905799997592112,14.573999997082865
5.2121000007900875,1.0113999996974599,0.130899999930989,8.832799998344854,15.18719999876339
5.762600001617102,1.01859999995213,0.1315000008617062,9.607399999367772,16.52010000179871
5.026300001190975,0.7303000020328909,0.12259999857633375,9.03420000031474,14.91340000211494
5.409699999290751,0.9401999996043742,0.12630000128410757,8.974899999884656,15.451100000063889
4.893000001175096,0.7580000019515865,0.12259999857633375,9.120300001086434,14.89390000278945
5.509799997525988,1.0423999992781319,0.14599999849451706,9.00050000200281,15.698699997301446
5.453900001157308,0.9730000019771978,0.12930000229971483,9.322500001871958,15.878700007306179
5.278699998598313,0.9834000011323951,0.1295000001846347,9.516499998426298,15.90809999834164
5.784300003142562,1.2282999996386934,0.13349999790079892,15.970500000548782,23.116600001230836
6.158500000310596,1.0922999972535763,0.13160000162315555,9.141700000327546,16.524099999514874
5.351900003006449,0.7574000010208692,0.12200000128359534,9.257400000933558,15.488700006244471
5.376999997679377,0.9576999982527923,0.12970000170753337,9.276999997382518,15.74139999502222
5.155499999091262,0.9834000011323951,0.1314999972237274,9.507599999778904,15.777999997226289
5.389199999626726,0.9828999973251484,0.14100000043981709,8.906499999284279,15.41959999667597
5.3442999997059815,0.7722999980614986,0.12679999781539664,8.80920000054175,15.052599996124627
5.361700001230929,0.8621999986644369,0.130899999930989,9.591100002580788,15.945900002407143
5.865499999345047,0.8237000001827255,0.12939999942318536,9.033800000906922,15.85239999985788
5.158600000868319,0.6114000025263522,0.08870000237948261,8.795899997494416,14.65460000326857
5.110199999762699,0.7416999978886452,0.1292000015382655,8.90879999860772,14.889899997797329
5.42209999912302,1.0291999969922472,0.12929999866173603,9.22060000084457,15.801199995621573
5.259699999442091,0.9704000003694091,0.1542999998491723,9.091800002352102,15.476200002012774
4.852399997616885,0.7289999994100071,0.1588000013725832,9.013299997604918,14.753499996004393
5.309000000124797,0.8704000028956216,0.12959999730810523,9.196899998642039,15.505899998970563
5.445099999633385,1.0597999971651006,0.15250000069499947,9.923899997374974,16.58129999486846
3.6131999986537267,0.6070000017643906,0.07899999764049426,7.299999997485429,11.59919999554404
5.3923000014037825,1.0557999994489364,0.13190000026952475,9.746899999299785,16.32690000042203
5.102800001623109,0.7952000014483929,0.1396000006934628,8.939500003180001,14.977100006944966
6.146100000478327,1.023900000291178,0.1343000003544148,8.93989999894984,16.24420000007376
5.407000000559492,1.0228999999526422,0.1297999988310039,9.272699997382006,15.832399996725144
5.34210000114399,0.983900001301663,0.12850000348407775,9.342699999251636,15.797200005181367
5.447699997603195,1.0169000015594065,0.14630000077886507,9.206400001858128,15.817300001799595
5.213999997067731,1.0194999995292164,0.12760000026901253,8.856099997501587,15.217199994367547
5.2647999982582405,1.0058000007120427,0.1336999994236976,9.043599999131402,15.447899997525383
5.330399999365909,0.952599999436643,0.1298000024689827,9.102799998800037,15.515600000071572
5.263600000034785,1.1466999967524316,0.14179999925545417,9.042099998623598,15.594199994666269
5.826900000101887,0.9270000009564683,0.1373999984934926,9.158600001683226,16.049900001235073
5.373199997848133,0.9711999991850462,0.148899998748675,9.256599998479942,15.749899994261796
5.5971000001591165,1.0643999994499609,0.13039999976172112,9.665400000812951,16.45730000018375
6.052199998521246,1.0021999987657182,0.13159999798517674,9.340200002043275,16.526199997315416
5.245100001047831,0.9658000017225277,0.13949999993201345,9.169200002361322,15.519600005063694
4.893700002867263,0.667199998133583,0.07980000009411015,8.745799997996073,14.38649999909103
4.956499997206265,0.6078000005800277,0.08339999840245582,8.895999999367632,14.54369999555638
5.103499999677297,0.9649999992689118,0.13949999993201345,9.11899999846355,15.326999997341773
5.413899998529814,0.9643999983381946,0.12999999671592377,8.922600001824321,15.430899995408254
5.474099998536985,1.0099999999511056,0.13339999713934958,9.20620000033523,15.82369999596267
5.762799999502022,0.7823000014468562,0.12509999942267314,9.407699999428587,16.077899999800138
5.2121000007900875,1.0307999982615001,0.1512000017100945,9.077099999558413,15.471200000320096
5.369599999539787,0.7827999979781453,0.12520000018412247,8.991000002424698,15.268600000126753
5.1937999996880535,0.7420999972964637,0.12270000297576189,9.148799999820767,15.207399999781046
4.992999998648884,0.7381000032182783,0.1221999991685152,9.12389999939478,14.977200000430457
4.8986000001605134,0.7376000030490104,0.12540000170702115,8.953399999882095,14.71500000479864
5.296300001646159,0.943299997743452,0.12849999984609894,9.926700000505662,16.29479999974137
5.598299998382572,1.1516999984451104,0.16309999773511663,10.86819999909494,17.78129999365774
5.450500000733882,0.9559999998600688,0.14200000077835284,9.171800000331132,15.720300001703436
5.226299999776529,0.9506999995210208,0.12819999756175093,9.01019999946584,15.31539999632514
5.228099998930702,1.0086000002047513,0.14480000027106144,9.662400003435323,16.043900002841838
5.4013000008126255,0.9344999998575076,0.15210000128718093,9.003000002849149,15.490900004806463
5.290100001730025,0.9387999998580199,0.12880000213044696,9.02700000006007,15.384700003778562
5.2104999995208345,0.7547999994130805,0.13549999857787043,9.633099998609396,15.733899996121181
5.328600000211736,0.9998999994422775,0.13279999984661117,9.368600000016158,15.829899999516783
5.685500000254251,1.2482000020099804,0.13020000187680125,9.25660000211792,16.320500006258953
5.437499999970896,0.8861999995133374,0.12880000213044696,9.080799998628208,15.533300000242889
5.078700000012759,0.8345999995071907,0.12490000153775327,9.46739999926649,15.505600000324193
5.385199998272583,1.0844999997061677,0.13050000052317046,9.394500000780681,15.994699999282602
5.343200002243975,1.452100001188228,0.16350000078091398,9.19179999982589,16.150600004039006
6.201600001077168,0.8152999980666209,0.14630000077886507,9.38769999993383,16.550899999856483
5.474600002344232,0.9505999987595715,0.13019999823882245,10.398200000054203,16.95359999939683
5.212799998844275,0.9667999984230846,0.14990000272518955,9.123199997702613,15.452699997695163
5.193099997995887,0.9705000011308584,0.13100000069243833,8.907200000976445,15.201800000795629
5.2517999974952545,0.9503000001132023,0.145500001963228,9.618699998100055,15.96629999767174
5.389699999795994,0.9888000022328924,0.1472000003559515,9.741500001837267,16.267200004222104
5.7608999995864,1.0439000034239143,0.12889999925391749,9.021600002597552,15.955300004861783
5.015499998989981,0.634599997283658,0.07919999916339293,8.923400000639958,14.65269999607699
5.346999998437241,0.9690000006230548,0.13100000069243833,9.653199998865603,16.100199998618336
5.378699999710079,1.095200001145713,0.13440000111586414,8.966199999122182,15.574500001093838
5.58919999821228,1.0335000006307382,0.13760000001639128,9.275799999159062,16.03609999801847
4.999799999495735,0.6484000005002599,0.08399999933317304,8.987699999124743,14.719899998453911
4.871199998888187,0.6259999972826336,0.0791000020399224,9.018900000228314,14.595199998439057
5.302099998516496,0.934299998334609,0.12799999967683107,9.085900001082337,15.450299997610273
5.0641999987419695,0.9591000016371254,0.12900000001536682,9.0849000007438,15.237200001138262
5.251999999018153,1.022600001306273,0.13780000153928995,9.41439999951399,15.826800001377705
5.518699999811361,0.6279000008362345,0.08000000161700882,8.897800002159784,15.124400004424388
5.313099998602411,0.9617999967304058,0.12960000094608404,9.018100001412677,15.422599997691577
5.228600002737949,0.9753000013006385,0.14590000137104653,9.054900001501665,15.404700006911298
5.762500000855653,1.3584999978775159,0.17490000027464703,9.502799999609124,16.79869999861694
5.1607000023068395,0.7630000000062864,0.13760000001639128,9.167800002614968,15.229100004944485
5.294200000207638,0.7971999984874856,0.12559999959194101,9.272900002542883,15.489900000829948
4.82209999972838,0.753100001020357,0.13749999925494194,9.106699999392731,14.81939999939641
5.742000001191627,1.081899998098379,0.13219999891589396,9.074400000827154,16.030499999033054
5.9705000021494925,1.0276999964844435,0.13380000018514693,8.960400002251845,16.092400001070928
4.95000000228174,0.7616000002599321,0.12419999984558672,9.138800000073388,14.974600002460647
5.190200001379708,0.9322000005340669,0.13219999891589396,9.036300001753261,15.29090000258293
4.877899998973589,0.738800001272466,0.1263999984075781,9.348300001875032,15.091400000528665
5.410800000390736,0.9605000013834797,0.12829999832320027,9.190300002956064,15.68990000305348
5.290099998092046,1.0081000000354834,0.13499999840860255,8.994299998448696,15.427499994984828
6.363899999996647,2.0006999984616414,0.16069999765022658,9.856600001512561,18.381899997621076
5.299100001138868,1.0622000008879695,0.13219999891589396,10.288100002071587,16.78160000301432
5.486199999722885,0.6847000004199799,0.08130000060191378,8.84310000037658,15.095300001121359
5.043999997724313,0.6345000001601875,0.0822000001790002,8.788099999947008,14.548799998010509
5.056300000433112,0.7416000007651746,0.12390000119921751,8.98360000064713,14.905400003044633
4.92600000143284,0.6050000010873191,0.07950000144774094,8.853300001646858,14.463800005614758
4.8826999991433695,0.6490000014309771,0.08140000136336312,9.180199998809258,14.793300000746967
5.032700002630008,0.6595999984710943,0.08250000246334821,9.511699998256518,15.286500001820968
5.498999998962972,0.9712999999464955,0.1303000026382506,9.465499999350868,16.066100000898587
5.361999999877298,0.9606999992683996,0.1315000008617062,9.011300000565825,15.465500000573229
5.440199998702155,0.9516999998595566,0.1340000017080456,9.920799999235896,16.446699999505654
4.8879999994824175,0.6470000007539056,0.09090000094147399,8.993400002509588,14.619300003687385
4.830800000490854,0.6060000014258549,0.07919999916339293,9.074300000065705,14.590300001145806
5.1901000006182585,0.9949000013875775,0.1458000006095972,9.08519999939017,15.416000002005603
5.218199999944773,1.0273000007146038,0.14659999942523427,8.952699998189928,15.344799998274539
5.450699998618802,1.0400000028312206,0.1374000021314714,9.753700000146637,16.38180000372813
5.391200000303797,0.8023000009416137,0.12710000009974465,9.838200003287056,16.158800004632212
5.3870000010647345,0.9561000006215181,0.13110000145388767,9.260300001187716,15.734500004327856
5.207599999266677,0.7703999981458765,0.12820000119972974,8.89879999886034,15.004999997472623
5.048700000770623,0.636500000837259,0.08010000237845816,8.868400000210386,14.633700004196726
5.108100001962157,0.7607000006828457,0.1267000006919261,9.095100002014078,15.090600005351007
5.352499996661209,0.9653999986767303,0.13020000187680125,9.06359999862616,15.5116999958409
5.337000002327841,1.0417000012239441,0.13659999967785552,9.114899999985937,15.630200003215577
14.597899997170316,1.132800000050338,0.16039999900385737,11.527499998919666,27.418599995144177
5.6574999980512075,1.0163000006286893,0.13039999976172112,8.987600002001273,15.79180000044289
5.310100001224782,0.9821999992709607,0.13519999993150122,9.124100000917679,15.551600001344923
5.236900000454625,1.0142999999516178,0.1343000003544148,9.478499996475875,15.863999997236533
4.744800000480609,0.5935999979556073,0.09349999891128391,8.708900000783615,14.140799998131115
5.109000001539243,0.9720000016386621,0.14569999984814785,9.204599999065977,15.43130000209203
5.328100000042468,1.0170999994443264,0.13729999773204327,9.246800000255462,15.7292999974743
6.247600002097897,1.0579999980109278,0.13840000247000717,9.175699997285847,16.61969999986468
3.917300000466639,0.7986999989952892,0.0827999974717386,7.291000001714565,12.089799998648232
5.23119999706978,0.750399998651119,0.12280000009923242,9.40919999993639,15.513599995756522
5.2504999985103495,0.9492999997746665,0.1320000010309741,9.209400002873736,15.541200002189726
5.1618000034068245,0.9454999999434222,0.1295000001846347,9.165499999653548,15.40230000318843
5.4995999998936895,1.0379000013926998,0.14680000094813295,9.003299997857539,15.687600000092061
5.318200001056539,0.7436999985657167,0.1320000010309741,10.093400000187103,16.287300000840332
5.656400000589201,1.2700000006589107,0.13210000179242343,11.822899999970105,18.88140000301064
5.3014000004623085,0.7659000002604444,0.1382000009471085,8.78770000053919,14.99320000220905
5.376100001740269,1.0093999990203883,0.13070000204606913,9.245699999155477,15.761900001962204
5.389600002672523,0.7889000007708091,0.12520000018412247,9.217999999236781,15.521700002864236
5.189100000279723,0.7435999978042673,0.12480000077630393,9.696000000985805,15.753499999846099
4.901399999653222,0.6594000005861744,0.08089999755611643,9.029199998622062,14.670899996417575
5.20189999951981,0.8187000021280255,0.1278000017919112,9.173999998893123,15.32240000233287
5.463500001496868,0.9600000012142118,0.12860000060754828,10.376000001997454,16.928100005316082
5.0918000015371945,0.7550000009359792,0.13360000230022706,9.031300000060583,15.011700004833983
3.731799999513896,0.6061999993107747,0.0794000006862916,8.641500000521773,13.058900000032736
5.030399999668589,0.8746000021346845,0.12739999874611385,8.859300000040093,14.89170000058948
5.143900001712609,0.6658000020252075,0.07949999780976214,8.930199997848831,14.81939999939641
4.920200000924524,0.7307000014407095,0.12240000069141388,9.018299999297597,14.791600002354244
