p2g_ms,grid_update_ms,bc_ms,g2p_ms,total_ms
5.16050000442192,0.6722999969497323,0.3727000002982095,12.552699990919791,18.758199992589653
6.025900001986884,0.4982999962521717,0.2457999944454059,14.50410000688862,21.27409999957308
5.373899999540299,0.6837000109953806,0.3772000054595992,12.088899995433167,18.523700011428446
5.129199998918921,0.4760999872814864,0.24120000307448208,12.510000000474975,18.356499989749864
5.070599989267066,0.6047000060789287,0.2972999936901033,12.485900006140582,18.45849999517668
5.361699993954971,0.6123000057414174,0.29969999741297215,13.720000002649613,19.993699999758974
5.245099993771873,0.5475999932968989,0.31210000452119857,12.241400007042103,18.346199998632073
4.762299999129027,0.5254999996395782,0.24160000612027943,12.19890000356827,17.728300008457154
3.877199997077696,0.618399993982166,0.42799999937415123,12.674000012339093,17.597600002773106
4.966599997715093,0.520200002938509,0.30020000122021884,11.447400000179186,17.234400002053007
4.9697999929776415,0.5175999976927415,0.2998999989358708,15.537200000835583,21.324499990441836
5.202500004088506,0.5202999891480431,0.29999999969732016,12.76319999305997,18.78599998599384
6.103000006987713,0.683899997966364,0.36639999598264694,13.155400010873564,20.308700011810288
6.530300001031719,0.7541999948443845,0.38500000664498657,11.781499997596256,19.451000000117347
7.359699986409396,0.7162999972933903,0.3378999972483143,12.860300004831515,21.274199985782616
5.475299985846505,0.5454000056488439,0.30189999961294234,12.97820000036154,19.30079999146983
4.997800002456643,0.48099999548867345,0.24390000908169895,12.844600001699291,18.567300008726306
6.042500011972152,0.7062999939080328,0.38079998921602964,11.760599998524413,18.890199993620627
5.140900000697002,0.705099999322556,0.39000000106170774,14.305999997304752,20.541999998386018
4.75439999718219,0.45170000521466136,0.24290000146720558,12.483400001656264,17.93240000552032
5.669500009389594,0.5342000076780096,0.3102999908151105,12.035499996272847,18.54950000415556
5.751200005761348,0.6272999889915809,0.30029998742975295,12.712700001429766,19.391499983612448
6.5455000003566965,0.6292999896686524,0.3012999950442463,14.472599999862723,21.94869998493232
5.6290000065928325,0.5630999949062243,0.3051000094274059,12.487400003010407,18.98460001393687
5.1186999917263165,0.5761999927926809,0.3026999911526218,12.802999990526587,18.800599966198206
5.052900000009686,0.5448000010801479,0.302100001135841,12.591999999131076,18.49180000135675
5.113199993502349,0.6054999976186082,0.29850000282749534,15.357600001152605,21.374799995101057
5.1592999952845275,0.6068999937269837,0.29569999605882913,11.751199999707751,17.81309998477809
5.63230000261683,0.4557000065688044,0.24510000366717577,12.626199997612275,18.959300010465086
5.151999997906387,0.46660000225529075,0.24340000527445227,12.703400003374554,18.565400008810684
7.897400006186217,0.7646000012755394,0.3102999908151105,13.516100007109344,22.48840000538621
5.372700004954822,0.48299999616574496,0.24589999520685524,12.885100004496053,18.986700000823475
5.310199994710274,0.6969999958528206,0.40859999717213213,11.873199997353368,18.288999985088594
5.859500000951812,0.6235000037122518,0.33710000570863485,12.333799997577444,19.153900007950142
5.346900012227707,0.6129000103101134,0.3040000010514632,14.747499997611158,21.01130002120044
5.516999997780658,0.6625000096391886,0.37539999175351113,12.40400000824593,18.958900007419288
5.540099999052472,0.5530000053113326,0.29940000968053937,12.901699999929406,19.29420001397375
5.019999996875413,0.5135000101290643,0.30189999961294234,12.60260000708513,18.43800001370255
6.909299991093576,0.6904999900143594,0.5071000050520524,13.837400008924305,21.944299995084293
5.307300001732074,0.6005999894114211,0.29880000511184335,12.345800001639873,18.55249999789521
5.8425999886821955,0.5902999982936308,0.3212000010535121,12.54559999506455,19.299699983093888
5.026800004998222,0.614399992628023,0.295000005280599,12.573900006827898,18.510100009734742
5.319100004271604,0.4887999966740608,0.2460999967297539,12.609800003701821,18.66380000137724
5.706500000087544,0.5517999961739406,0.3048000071430579,12.46480000554584,19.027900008950382
5.817999990540557,0.5367999983718619,0.2426999999443069,11.344500002451241,17.941999991307966
4.654600008507259,0.44380000326782465,0.25100000493694097,13.207099997089244,18.55650001380127
5.720800007111393,0.6613000005017966,0.374700000975281,13.678999996045604,20.435800004634075
6.414600007701665,0.8491999906254932,0.3770000039367005,12.893799997982569,20.534600000246428
4.960299993399531,0.46039999870117754,0.23949999012984335,12.48479999776464,18.14499997999519
4.867299998295493,0.47080000513233244,0.24259999918285757,12.825099998735823,18.405800001346506
5.4872000036993995,0.6585999944945797,0.33830000029411167,11.445800002547912,17.929900001036003
8.909500000299886,0.7311999943340197,0.3882000019075349,12.816200003726408,22.84510000026785
4.739299998618662,0.47929999709594995,0.25350000942125916,12.722800005576573,18.194900010712445
4.760299998451956,0.6646000110777095,0.388599990401417,11.936199996853247,17.74969999678433
5.041999989771284,0.49220000801142305,0.24540000595152378,13.287599998875521,19.067200002609752
6.505600002128631,0.7669000042369589,0.3935999993700534,11.239100000238977,18.90520000597462
5.458600004203618,0.4710000066552311,0.24419999681413174,12.948599993251264,19.122400000924245
5.347300000721589,0.6898999999975786,0.3318999952170998,12.71380000980571,19.082900005741976
6.099599995650351,0.7086000114213675,0.42609999945852906,12.917200001538731,20.15150000806898
6.337300001177937,1.3971000007586554,0.38979999953880906,13.167600001906976,21.291800003382377
5.285799998091534,0.6244999967748299,0.29960001120343804,12.85499999357853,19.064899999648333
5.167000010260381,0.6171999993966892,0.3184000088367611,12.15070000034757,18.2533000188414
4.984399987733923,0.48150001384783536,0.25379999715369195,13.300500009790994,19.020200008526444
6.117500000982545,0.7095999899320304,0.39659999310970306,13.43520000227727,20.65889998630155
5.1525000017136335,0.6176999886520207,0.31039999157655984,12.603200011653826,18.68379999359604
4.856700004893355,0.44270000944379717,0.24090000079013407,11.974200009717606,17.514500024844892
5.506500005139969,0.513100007083267,0.24759999359957874,12.324899988016114,18.59209999383893
5.2620000060414895,0.522699992870912,0.29969999741297215,14.21239999763202,20.296799993957393
5.439100001240149,0.5436000064946711,0.3104999923380092,12.924199996632524,19.217399996705353
4.743700003018603,0.46830000064801425,0.24559999292250723,12.210999993840232,17.668599990429357
5.489000002853572,0.5426999996416271,0.304599991068244,13.195699997595511,19.531999991158955
6.148899992695078,0.9374999935971573,0.34610000147949904,13.470200006850064,20.9026999946218
5.185300004086457,0.6289000011747703,0.30050000350456685,12.605700001586229,18.720400010352023
5.189600007724948,0.4756999987876043,0.24410001060459763,12.603700000909157,18.513100018026307
5.03010000102222,0.5308999971020967,0.30220000189729035,12.80399999814108,18.667199998162687
5.126299991388805,0.560500004212372,0.302100001135841,12.251299995114096,18.240199991851114
5.462400004034862,1.0344999900553375,0.38670000503771007,15.089900000020862,21.97349999914877
5.332100001396611,0.6201999931363389,0.2997999981744215,12.7721000026213,19.024199995328672
5.391799990320578,0.5423999973572791,0.3119000029982999,12.739300000248477,18.985399990924634
5.717599997296929,0.8437999931629747,0.3935999993700534,13.908499997342005,20.863499987171963
5.534900003112853,0.7615000067744404,0.4731999943032861,12.937400009832345,19.707000014022924
4.9057000142056495,0.4791999963345006,0.24190000840462744,12.033299994072877,17.660100013017654
5.624799989163876,0.559899999643676,0.3065000055357814,12.648699994315393,19.139899988658726
5.597600000328384,0.6061000021873042,0.31269999453797936,12.25809998868499,18.774499985738657
5.948599995463155,0.6995999865466729,0.3826000029221177,15.372900001239032,22.403699986170977
5.170400007045828,0.5448000010801479,0.30720001086592674,12.470799993025139,18.49320001201704
4.724300000816584,0.6433000089600682,0.397100011468865,12.827799990191124,18.59250001143664
5.486800000653602,0.6683999963570386,0.25349999486934394,15.641000005416572,22.049699997296557
5.54720000945963,0.5501999985426664,0.2598999999463558,12.86699999764096,19.224300005589612
5.208899994613603,0.6815000087954104,0.34350001078564674,12.62549999228213,18.85940000647679
5.131400001118891,0.5536999960895628,0.3048000071430579,12.832299995352514,18.822199999704026
5.5004999885568395,0.5587000050581992,0.30390000029001385,12.453500006813556,18.81660000071861
5.288500004098751,0.5521000130102038,0.3053999971598387,14.616700005717576,20.76270001998637
5.800500002806075,0.5664000054821372,0.3079000016441569,12.144200009061024,18.819000018993393
4.946000000927597,0.5174999969312921,0.2423000114504248,11.911599998711608,17.617400008020923
5.235100004938431,0.5474000063259155,0.3026000049430877,12.469099994632415,18.55420001083985
7.12799999746494,0.7181999972090125,0.4752999957418069,13.258399994811043,21.579899985226803
4.865399998379871,0.4785000055562705,0.24419999681413174,12.718899990431964,18.306999991182238
5.528499998035841,0.6809000042267144,0.3910000086762011,12.797899995348416,19.398300006287172
5.880299999262206,0.544899987289682,0.32529998861718923,12.584600000991486,19.335099976160564
5.667300007189624,0.5152999947313219,0.24950000806711614,14.619000008678995,21.051100018667057
5.411899997852743,0.5059999966761097,0.2460000105202198,13.03820000612177,19.20210001117084
4.897300008451566,0.4656999954022467,0.2514000079827383,12.238100011018105,17.852500022854656
4.990500005078502,0.45599999430123717,0.2440000098431483,11.680099996738136,17.370600005961023
5.066499987151474,0.8464999991701916,0.3836999967461452,13.416399990092032,19.713099973159842
5.336299989721738,0.5964000010862947,0.29579999682027847,12.572499996167608,18.80099998379592
3.6199000023771077,0.4354999982751906,0.24030001077335328,11.426700002630241,15.722400014055893
5.111300008138642,0.5317000031936914,0.31180000223685056,12.176100004580803,18.130900018149987
4.914199991617352,0.672199996188283,0.3755000070668757,11.647099992842413,17.608999987714924
8.592500002123415,0.7526999979745597,0.3968999953940511,12.999200000194833,22.74129999568686
25.052299999515526,0.6065000052331015,0.3077000001212582,15.376200011814944,41.34270001668483
5.525500004296191,0.562999994144775,0.30890000925865024,12.820799995097332,19.218200002796948
6.527699995785952,0.6181999924592674,0.3105000068899244,13.806000002659857,21.262399997795
5.69089999771677,0.6054999976186082,0.24980001035146415,12.784499995177612,19.330700000864454
5.084700009319931,0.47929999709594995,0.2426999999443069,13.02620000205934,18.83290000841953
5.210700008319691,0.6091000104788691,0.30699999479111284,12.529499988886528,18.6563000024762
4.890600001090206,0.48570000217296183,0.2460999967297539,15.046999993501231,20.669399993494153
4.968599998392165,0.44770000386051834,0.25260000256821513,12.006200005998835,17.675100010819733
5.8462000015424564,0.6145999941509217,0.29579999682027847,12.238900002557784,18.99549999507144
5.1481999980751425,0.46969999675638974,0.24569999368395656,11.236199992708862,17.09979998122435
8.007099997485057,1.9429999956628308,0.5211999960010871,16.71179999539163,27.183099984540604
4.967500004568137,0.4513999883783981,0.24290000146720558,11.980199997196905,17.641999991610646
5.154600003152154,0.5363000091165304,0.3100000030826777,12.645399998291396,18.646300013642758
5.383099996834062,0.607599999057129,0.29710000671911985,11.668599996482953,17.956399999093264
5.4613999964203686,0.46070000098552555,0.2429999876767397,13.445000004139729,19.610099989222363
5.249299996648915,0.44860001071356237,0.24199999461416155,12.61740000336431,18.55730000534095
4.7805999929551035,0.46570000995416194,0.24850000045262277,11.572700008400716,17.067500011762604
5.365500008338131,0.5481000116560608,0.31099999614525586,12.720600003376603,18.94520001951605
5.329799998435192,0.6861000001663342,0.3569999971659854,14.009599995915778,20.38249999168329
5.1270999974804,0.6059999868739396,0.30619998869951814,12.742499995511025,18.781799968564883
5.241399994702078,0.563299996429123,0.30440000409726053,12.755400006426498,18.86450000165496
5.41670000529848,0.49479999870527536,0.24599999596830457,12.872200008132495,19.029700008104555
5.070200000773184,0.48439999227412045,0.2597000129753724,12.653500001761131,18.467800007783808
5.257600001641549,1.0261999996146187,0.35969998862128705,13.213800004450604,19.85729999432806
5.437500003608875,0.5448000010801479,0.30699999479111284,12.793400004738942,19.082700004219078
5.493200005730614,0.556200000573881,0.30359999800566584,12.661599990678951,19.014599994989112
4.47740001254715,0.44519999937620014,0.24290000146720558,12.89589999942109,18.061400012811646
6.575100007466972,0.5011000030208379,0.2443999983370304,14.942500012693927,22.263100021518767
5.433900005300529,0.6170999986352399,0.3684999974211678,12.88929999282118,19.308799994178116
5.105000003823079,0.45980000868439674,0.24349999148398638,10.949699993943796,16.757999997935258
5.118400003993884,0.45929999032523483,0.24309998843818903,12.575000000651926,18.395799983409233
5.100599999423139,0.5371000006562099,0.3102000046055764,14.055399995413609,20.003300000098534
5.150600001798011,0.44489999709185213,0.2513999934308231,12.850499988417141,18.697399980737828
4.952700008288957,0.4658999969251454,0.24500000290572643,11.915899987798184,17.579499995918013
5.925100005697459,0.5531999922823161,0.3079000016441569,12.799800009815954,19.586000009439886
6.485399993835017,0.6100000027799979,0.3583999932743609,13.100399999530055,20.55419998941943
5.508999995072372,0.6256000051507726,0.299000006634742,12.417599995387718,18.851200002245605
5.1103999867336825,0.6105000065872446,0.2964000013889745,11.462800001027063,17.480099995736964
5.241699996986426,0.5373000021791086,0.3012999950442463,12.625899995327927,18.70619998953771
5.257600001641549,0.5508000031113625,0.3009999927598983,13.495199993485585,19.604599990998395
5.776600009994581,0.5576999974437058,0.3026999911526218,12.49509998888243,19.13209998747334
5.35009999293834,0.5409000004874542,0.30860000697430223,13.321699996595271,19.521299996995367
5.380999995395541,0.4884999943897128,0.4006000090157613,13.553999990108423,19.82409998890944
6.787800011807121,0.6908999930601567,0.37290000182110816,19.223000010242686,27.074600016931072
5.884099999093451,0.6382999999914318,0.304599991068244,12.966900001629256,19.793899991782382
5.6207000016001984,0.5626000056508929,0.30440000409726053,12.630900004296564,19.118600015644915
5.575900009716861,0.6702000100631267,0.3015999973285943,10.87579999875743,17.42350001586601
5.0731000083032995,0.46860000293236226,0.2902999985963106,15.084099999512546,20.916100009344518
4.908000002615154,0.48940000124275684,0.24219999613706023,12.519899988546968,18.15949998854194
4.859799999394454,0.47220000124070793,0.24199999461416155,11.586399996303953,17.160399991553277
5.71529999433551,0.4774999979417771,0.25680000544525683,12.732400005916134,19.182000003638677
7.9166000068653375,0.709700005245395,0.3912999964086339,13.129799990565516,22.147399999084882
5.419599998276681,0.5549999914364889,0.3028999926755205,13.30489999963902,19.58239998202771
5.2924999909009784,0.6176000024424866,0.31600000511389226,12.752099995850585,18.978199994307943
4.619200000888668,0.684200000250712,0.388599990401417,12.465899999369867,18.157899990910664
4.656000004615635,0.4400999896461144,0.2415999915683642,11.390200001187623,16.727899987017736
5.2509000088321045,0.5348999984562397,0.30810000316705555,12.902100002975203,18.996000013430603
6.016700004693121,0.5283999926177785,0.24179999309126288,11.607299995375797,18.39419998577796
4.920499995932914,0.7526999979745597,0.3564000071492046,12.59359999676235,18.62319999781903
5.19969999731984,1.2522000033641234,0.4653999931178987,15.868200003751554,22.785499997553416
5.48930000513792,0.6108999950811267,0.24449999909847975,12.64630000514444,18.991000004461966
5.108699988340959,0.6099000020185485,0.302100001135841,12.608200006070547,18.628899997565895
5.049699990195222,0.4830000107176602,0.2449000021442771,12.330400000791997,18.108000003849156
5.849499997566454,0.585199988563545,0.3254000039305538,12.870899998233654,19.630999988294207
5.689900004654191,0.5499999970197678,0.30359999800566584,12.657000013859943,19.200500013539568
5.245399996056221,0.5984000017633662,0.3667999990284443,13.089100000797771,19.299699997645803
5.140699999174103,0.595899997279048,0.34189999860245734,12.910999997984618,18.989499993040226
5.1377000054344535,0.6098999874666333,0.29719999292865396,18.261099990922958,24.3058999767527
5.429500000900589,0.4929999995511025,0.2426999999443069,12.795799993909895,18.960999994305894
4.989699998986907,0.6310000026132911,0.3026000049430877,12.639199994737282,18.56250000128057
5.442500012577511,0.5364000098779798,0.29969999741297215,12.573700005305,18.852300025173463
5.060299998149276,0.53190000471659,0.30759999935980886,12.661500004469417,18.56130000669509
8.027100004255772,0.5367999983718619,0.302100001135841,12.016699998639524,20.882700002403
4.99370000034105,0.4756999987876043,0.25159999495372176,12.33370001136791,18.054700005450286
4.780699993716553,0.4797000001417473,0.2469000028213486,12.364599999273196,17.871899995952845
5.732799996621907,0.607299996772781,0.29520000680349767,12.621699992450885,19.25699999264907
7.251400005770847,0.6255000043893233,0.4334999975981191,12.727699999231845,21.038100006990135
5.264299994450994,0.4636000085156411,0.24059999850578606,12.452899987692945,18.421399989165366
4.782300005899742,0.4608000017469749,0.2398999931756407,12.671600008616224,18.15460000943858
4.745099999126978,0.633100004051812,0.2958000113721937,12.49949999328237,18.173500007833354
5.215400000452064,0.5490000039571896,0.23990000772755593,16.01439999649301,22.01870000862982
5.763099994510412,0.7764000038150698,0.4332999960752204,12.660699998377822,19.633499992778525
5.0069999997504056,0.48800000513438135,0.265499998931773,11.07340000453405,16.83390000835061
4.6673999895574525,0.5990000063320622,0.3842000005533919,11.065900005633011,16.716500002075918
4.989499997464009,0.4493000014917925,0.24470000062137842,11.044300001231022,16.7278000008082
6.626800008234568,0.5526000022655353,0.30280000646598637,12.749999994412065,20.232200011378154
3.583099998650141,0.4358000005595386,0.27239999326411635,12.620400011655875,16.91170000412967
5.041699987486936,0.5392000020947307,0.30250000418163836,12.466699990909547,18.350099984672852
4.769899998791516,0.43459999142214656,0.24049999774433672,11.321199999656528,16.766199987614527
4.831700003705919,0.6016999977873638,0.3721999964909628,12.996100005693734,18.80170000367798
4.985399995348416,0.48129999777302146,0.24300000222865492,12.830499996198341,18.540199991548434
5.310399996233173,0.5492999916896224,0.3037999995285645,12.390399992000312,18.55389997945167
5.208400005358271,0.5364999960875139,0.3015999973285943,12.809899999410845,18.856399998185225
6.6752999991877005,0.866300004418008,0.3761999978451058,15.337000004365109,23.254800005815923
5.549499997869134,0.6197000038810074,0.3037999995285645,12.420400002156384,18.89340000343509
5.579500008025207,0.5482999986270443,0.3021999873453751,12.317799992160872,18.747799986158498
5.360600000130944,0.6210999999893829,0.2982000005431473,12.748699999065138,19.028599999728613
4.767799997352995,0.4650999908335507,0.24149999080691487,14.711299998452887,20.185699977446347
5.426500007160939,0.6128000095486641,0.30860000697430223,12.68770000024233,19.035600023926236
3.529499997966923,0.44070000876672566,0.2393000031588599,8.490200008964166,12.699700018856674
4.193200002191588,0.6012999947415665,0.2603999892016873,13.388499995926395,18.443399982061237
3.5428999981377274,0.4430999979376793,0.2443999983370304,10.501600001589395,14.731999996001832
6.367100009811111,0.5334000015864149,0.3001999866683036,12.741300000925548,19.941999998991378
5.043999990448356,0.5359000060707331,0.30050000350456685,12.118099999497645,17.9984999995213
5.545199994230643,0.5509999900823459,0.301799998851493,12.605700001586229,19.00369998475071
4.9186999967787415,0.6031999946571887,0.2958999975817278,12.478400007239543,18.2961999962572
3.5065999982180074,0.43620000360533595,0.24020001001190394,12.406699999701232,16.58970001153648
5.098799985717051,0.4850000113947317,0.2499999973224476,12.423399995896034,18.257199990330264
3.7406999908853322,0.43559999903663993,0.23960000544320792,10.010300000431016,14.426199995796196
5.061000003479421,0.5265999934636056,0.29999999969732016,12.839200004236773,18.72680000087712
4.790500010130927,0.4436999879544601,0.2538999979151413,20.41290000488516,25.901000000885688
4.94190001336392,0.44489999709185213,0.24259999918285757,12.521199998445809,18.15060000808444
6.083899992518127,0.5414000042947009,0.30980000155977905,13.264399996842258,20.199499995214865
5.144200011272915,0.43479999294504523,0.2471999905537814,12.196399999083951,18.022599993855692
4.753100001835264,0.5414000042947009,0.2995999966515228,12.599000008776784,18.193100011558272
5.036000002291985,0.6476999988080934,0.31269999453797936,12.705699991784059,18.702099987422116
5.278800002997741,0.6304999988060445,0.30189999961294234,13.386899998295121,19.59809999971185
5.710999990697019,0.6145999941509217,0.3871000080835074,11.471999998320825,18.184699991252273
5.386199991335161,0.611299998126924,0.24760000815149397,12.121599997044541,18.36669999465812
6.798500005970709,0.614699994912371,0.3029999934369698,13.824699999531731,21.54089999385178
5.659599992213771,0.6347000016830862,0.26020000223070383,13.18399999581743,19.73849999194499
5.320900003425777,0.6069000082788989,0.301199994282797,12.642700006836094,18.871700012823567
5.331899999873713,0.6368999893311411,0.32730000384617597,13.112200002069585,19.408299995120615
5.346299993107095,0.5487999878823757,0.31350000062957406,12.70690000092145,18.915499982540496
4.955399999744259,0.47559999802615494,0.255900013144128,12.744100007694215,18.431000018608756
5.277700009173714,0.5541999998968095,0.30270000570453703,12.591799997608177,18.726400012383237
5.451099990750663,0.6885000038892031,0.38330000825226307,12.696999998297542,19.21990000118967
6.367399997543544,0.7577000069431961,0.40249999437946826,12.543400007416494,20.071000006282702
5.197899998165667,0.5511000053957105,0.30229998810682446,12.774200004059821,18.825499995728023
5.694699997548014,0.45390000741463155,0.24470000062137842,12.541500007500872,18.934800013084896
5.884300000616349,0.5516999954124913,0.3015999973285943,12.743399987812154,19.48099998116959
7.731899997452274,0.8400000078836456,0.33820001408457756,12.948699994012713,21.85880001343321
5.363499993109144,0.6624999950872734,0.37229999725241214,13.131700005033053,19.529999990481883
5.111100006615743,0.5391000013332814,0.309199996991083,12.653799989493564,18.61319999443367
5.48049999633804,0.6850999925518408,0.37900000461377203,12.519399999291636,19.06399999279529
6.003000002237968,0.6240000075194985,0.30759999935980886,18.39470000413712,25.329300013254397
5.926900004851632,0.4887999966740608,0.23799999326001853,12.70999999542255,19.36369999020826
4.985199993825518,0.4515000036917627,0.2514000079827383,12.523400000645779,18.211500006145798
5.223100000876002,0.6101000035414472,0.29790001281071454,13.060099998256192,19.191200015484355
8.754399997997098,0.6425000028684735,0.41110000165645033,12.453600007575005,22.261600010097027
6.470799999078736,0.49020000733435154,0.2496999950380996,12.48930000292603,19.700000004377216
5.703100003302097,0.6577000021934509,0.32169999030884355,12.61000000522472,19.29250000102911
4.973200004315004,0.4490999999688938,0.24190000840462744,12.90339999832213,18.567600011010654
14.190400004736148,1.610499995877035,0.524500006577,15.486299991607666,31.81169999879785
7.025300001259893,0.6482999888248742,0.34610000147949904,12.695700002950616,20.715399994514883
6.235499997274019,0.5548000044655055,0.30449999030679464,12.803399993572384,19.898199985618703
7.962000003317371,0.7614000060129911,0.33379999513272196,14.443299995036796,23.50049999949988
5.663499992806464,0.5355000030249357,0.251300007221289,11.751700003514998,18.202000006567687
5.446899987873621,0.5530999915208668,0.301199994282797,12.644700007513165,18.94589998119045
5.491300005814992,0.6219999922905117,0.3051000094274059,12.543499993626028,18.961900001158938
7.767599992803298,0.7154999912017956,0.3870000073220581,14.205100000253879,23.07519999158103
5.20410000171978,0.4712000081781298,0.24330000451300293,12.398899998515844,18.317500012926757
5.640000003040768,0.5969000048935413,0.2973000082420185,13.06480000494048,19.599000021116808
5.701099988073111,0.5915000074310228,0.29660000291187316,12.536599999293685,19.12579999770969
7.173299993155524,0.9787000017240644,0.39600000309292227,13.821200001984835,22.369199999957345
6.028000003425404,0.6409999914467335,0.3451000084169209,13.09449999826029,20.10860000154935
5.989700002828613,0.5537999968510121,0.3606999962357804,12.733499999740161,19.637699995655566
4.898700004559942,0.49479999870527536,0.25120000645983964,12.583100004121661,18.227800013846718
5.715599996619858,0.5491999909281731,0.31230000604409724,13.590800008387305,20.167900001979433
4.76179999532178,0.5053000058978796,0.34070000401698053,12.35150000138674,17.95930000662338
5.177900005946867,0.6236000044737011,0.3090999962296337,12.517899987869896,18.628499994520098
5.296999996062368,0.5105000018374994,0.24880000273697078,12.488599997595884,18.544899998232722
5.255100011709146,0.458399998024106,0.26590000197757035,15.041399994515814,21.020800006226636
5.423099995823577,0.5522999999811873,0.31099999614525586,12.634700004127808,18.921099996077828
4.960499994922429,0.5609000072581694,0.2508000034140423,12.687499998719431,18.459700004314072
4.985399995348416,0.47679999261163175,0.28559999191202223,12.38319999538362,18.13099997525569
4.934800002956763,0.44829999387729913,0.2418000076431781,12.111800009733997,17.736700014211237
5.434099992271513,1.0698999976739287,0.46329999167937785,16.388299991376698,23.355599973001517
5.093900006613694,0.47479999193456024,0.2545000024838373,13.318199999048375,19.141400000080466
5.7410000008530915,0.501799993799068,0.2582999877631664,11.02389999141451,17.524999973829836
5.751899996539578,0.6156000017654151,0.3299999953014776,12.983099994016811,19.680599987623282
5.30639999487903,0.7402000046567991,0.3606999962357804,14.16120000067167,20.56849999644328
5.157199993846007,0.45939999108668417,0.2426999999443069,12.246099999174476,18.105399984051473
5.3749000071547925,0.7294999959412962,0.2548000047681853,10.88309999613557,17.242300003999844
5.772699994849972,0.6104000058257952,0.3470999945420772,12.673899997025728,19.404099992243573
5.258200006210245,0.5698000022675842,0.3156000020680949,12.645900002098642,18.789500012644567
6.807400000980124,0.985099992249161,0.38240000139921904,12.808900006348267,20.98380000097677
5.130200006533414,0.6076999998185784,0.3184000088367611,12.663900008192286,18.72020002338104
5.014900001697242,0.5185999907553196,0.3285999991931021,12.703500004136004,18.565599995781668
5.473400000482798,0.6012999947415665,0.2978000120492652,11.224899993976578,17.597400001250207
5.297499999869615,0.5261000042082742,0.24210000992752612,12.485200000810437,18.550900014815852
5.403999995905906,0.4599000094458461,0.25779999850783497,10.763699989183806,16.885399993043393
4.97150000592228,0.47089999134186655,0.27809999301098287,12.545999998110346,18.266499988385476
5.055800007539801,0.5289000109769404,0.308599992422387,12.612599995918572,18.5059000068577
7.031200002529658,0.9605999948689714,0.4566000134218484,15.34499999252148,23.793400003341958
6.12120000005234,0.6414999952539802,0.2626000059535727,12.904600007459521,19.929900008719414
5.140699999174103,0.4921000072499737,0.30020000122021884,12.003900003037415,17.93690001068171
5.321299991919659,0.5423999973572791,0.3007000050274655,12.496299998019822,18.660699992324226
6.205500001669861,0.4545999981928617,0.24360000679735094,11.36610000685323,18.269800013513304
5.647800004226156,0.622300009126775,0.29999999969732016,12.671000004047528,19.24110001709778
5.217500001890585,0.4495000030146912,0.24240001221187413,12.554100001580082,18.463500018697232
5.485700006829575,0.5510000046342611,0.30780000088270754,12.430900009348989,18.775400021695532
5.1085000013699755,0.4709999921033159,0.2545999886933714,13.82049999665469,19.654599978821352
5.540399986784905,0.6024000031175092,0.3082000039285049,13.18110000283923,19.63209999667015
5.000699995434843,0.5512000061571598,0.3595999878598377,22.767400005250238,28.67889999470208
7.841300001018681,0.7196000078693032,0.37290000182110816,15.904599989880808,24.8384000005899
10.295500003849156,3.880899996147491,0.42969999776687473,24.02989999973215,38.635999997495674
7.124900002963841,0.4918000049656257,0.26200000138487667,11.971200001426041,19.849900010740384
9.461800000281073,1.6399000014644116,0.4287000047042966,19.62170000479091,31.15210001124069
5.225699991569854,0.47590000031050295,0.2505000011296943,12.783799989847466,18.735899982857518
5.80420000187587,1.3561999949160963,0.34929999674204737,12.892400001874194,20.402099995408207
5.674100000760518,0.5506000015884638,0.24470000062137842,13.285799999721348,19.75520000269171
5.97090000519529,0.7008999964455143,0.33070000063162297,12.856200002715923,19.85870000498835
5.631699998048134,0.6349999894155189,0.309199996991083,12.919200002215803,19.49509998667054
5.619399991701357,0.6348000024445355,0.3012999950442463,12.54109998990316,19.0965999790933
5.593400012003258,0.6243999960133806,0.3226000117138028,12.20620000094641,18.74660002067685
6.790600004023872,0.7208999886643142,0.38890000723768026,13.752099999692291,21.652499999618158
5.6902999931480736,0.6851000071037561,0.3870000073220581,12.810300002456643,19.57270001003053
5.537800010642968,0.5966000026091933,0.3071999963140115,12.50169999548234,18.943300005048513
5.144900002051145,0.5881999968551099,0.3800999984377995,12.35129999986384,18.464499997207895
5.6244000006699935,0.5151000077603385,0.2536999963922426,12.586000011651777,18.97920001647435
5.870300010428764,0.6004000024404377,0.30729999707546085,12.790599997970276,19.568600007914938
6.252699997276068,0.4729999927803874,0.24850000045262277,11.857600009534508,18.831800000043586
5.697800006601028,0.5005999992135912,0.2499999973224476,12.8742999950191,19.322699998156168
7.771599994157441,0.6618999905185774,0.30810000316705555,13.48639999923762,22.227999987080693
5.151400007889606,0.530999997863546,0.25710000772960484,12.733099996694364,18.67260001017712
5.693999992217869,0.606699992204085,0.2518999972380698,12.835699992137961,19.388299973797984
5.820499995024875,0.6224999960977584,0.31280000985134393,12.693900003796443,19.44970000477042
7.251499991980381,0.6769000028725713,0.30189999961294234,12.863500000094064,21.09379999455996
4.769000006490387,0.5244999920250848,0.2964000013889745,12.383599998429418,17.973499998333864
5.329499996150844,0.5467000009957701,0.302100001135841,12.864299991633743,19.042599989916198
5.025899998145178,0.4824999923584983,0.24569999368395656,14.799099997617304,20.553199981804937
5.432399993878789,0.7792999967932701,0.4015000013168901,13.589099995442666,20.202299987431616
8.398099991609342,0.8815999899525195,0.4258999979356304,19.37069999985397,29.07629997935146
5.927300007897429,0.625700005912222,0.2975999959744513,11.302999992039986,18.15360000182409
5.156599989277311,0.5379999929573387,0.3006999904755503,15.90790000045672,21.90319997316692
5.036599992308766,0.45790000876877457,0.2623000036692247,10.655500009306706,16.41230001405347
5.16409998817835,0.6229999999050051,0.29710000671911985,12.662900000577793,18.747099995380268
5.153299993253313,0.6198999908519909,0.30529999639838934,12.741700003971346,18.82019998447504
5.041800002800301,0.5412000027718022,0.3073999978369102,14.58699999784585,20.477400001254864
7.075500005157664,0.7221999985631555,0.38670000503771007,12.989099996048026,21.173500004806556
5.620699987048283,0.5371000006562099,0.3023000026587397,12.605899988557212,19.065999978920445
5.479300001752563,0.7992000028025359,0.4182999982731417,12.76779999898281,19.46460000181105
5.157599996891804,0.6278999935602769,0.3522000042721629,14.94999999704305,21.087699991767295
5.626300000585616,0.6349999894155189,0.29630000062752515,11.71809999505058,18.27569998567924
4.951099996105768,0.45259999751579016,0.24429999757558107,12.147100002039224,17.795099993236363
5.536600001505576,0.4693999944720417,0.24290000146720558,12.681499996688217,18.93039999413304
5.474400008097291,0.4585999995470047,0.24569999368395656,11.55049999943003,17.729200000758283
5.536999989999458,0.6185999955050647,0.30929999775253236,12.751999995089136,19.21689997834619
4.772500004037283,0.49449999642092735,0.24839999969117343,12.639099993975833,18.154499994125217
5.18490000104066,0.6207000114955008,0.3412999940337613,12.705400004051626,18.852300010621548
5.5265999981202185,0.6290000019362196,0.35999999090563506,12.624099996173754,19.139699987135828
5.016800001612864,0.6988999957684427,0.3892999957315624,11.76540000597015,17.87039999908302
5.118200002470985,0.669400003971532,0.301199994282797,12.84700000542216,18.935800006147474
5.611900007352233,0.5563000013353303,0.3020000003743917,12.726100001600571,19.196300010662526
5.156300001544878,0.6177000032039359,0.3133999998681247,12.568899997859262,18.6563000024762
7.669099999475293,0.7024999940767884,0.33059999987017363,12.88550000754185,21.587700000964105
5.070900006103329,0.6876000115880743,0.37620001239702106,12.388799994369037,18.523500024457462
4.975399991963059,0.44630000775214285,0.2598999999463558,12.535099987871945,18.216699987533502
5.324099998688325,0.5837999924551696,0.30550001247320324,12.668199997278862,18.88160000089556
5.761399996117689,0.7801000028848648,0.3789000038523227,13.137799993273802,20.05819999612868
6.0578999982681125,0.7322000019485131,0.3139000036753714,12.498600000981241,19.60260000487324
5.793500007712282,0.5861000099685043,0.3152999997837469,12.889399993582629,19.584300011047162
5.478499995660968,0.5308999971020967,0.31110001145862043,12.930099997902289,19.250600002123974
5.941499999607913,0.7282000005943701,0.596800004132092,15.729899998405017,22.996400002739392
5.649200000334531,0.567600000067614,0.3023000026587397,12.865700002294034,19.38480000535492
5.9412999980850145,0.6085999921197072,0.2982000005431473,12.798099996871315,19.646199987619184
4.829099998460151,0.45449999743141234,0.24290000146720558,11.110100007499568,16.636600004858337
5.775400000857189,0.6194000015966594,0.3392999933566898,12.662499997531995,19.396599993342534
5.397300003096461,0.451300002168864,0.24569999368395656,12.394899997161701,18.489199996110983
6.148499989649281,0.4805999924428761,0.25949999690055847,12.783700003637932,19.672299982630648
5.137799991643988,0.6201999931363389,0.30819998937658966,12.864599993918091,18.930799968075007
6.476000009570271,0.7236999954329804,0.4751999949803576,14.149099995847791,21.8239999958314
6.318899992038496,0.6756999937351793,0.38699999277014285,12.771399997291155,20.152999975834973
5.505799999809824,0.650999994832091,0.3200000064680353,12.724700005492195,19.201500006602146
5.212499992921948,0.48260000767186284,0.24419999681413174,12.468599990825169,18.407899988233112
5.11749999714084,0.67710000439547,0.35119999665766954,14.45610000519082,20.6019000033848
5.139999993843958,0.5396000051405281,0.3060000017285347,12.293899999349378,18.2795000000624
5.3669000044465065,0.5499999970197678,0.29919999360572547,13.099900010274723,19.316000005346723
4.989699998986907,0.4965999978594482,0.25209999876096845,12.563600001158193,18.301999996765517
5.4543000005651265,0.5301000055624172,0.30080000578891486,12.805099991965108,19.090300003881566
5.780899999081157,0.7554999901913106,0.8003999973880127,14.150600007269531,21.487399993930012
4.84120000328403,0.5689000099664554,0.31600000511389226,12.720200000330806,18.446300018695183
5.47970000479836,0.5374000029405579,0.3031000087503344,12.567500001750886,18.88770001824014
4.961599988746457,0.4827000084333122,0.24340000527445227,12.59810000192374,18.28580000437796
8.702399994945154,0.47790000098757446,0.3257999924244359,12.550300001748838,22.056399990106
5.193599994527176,0.519599998369813,0.2997999981744215,12.724899992463179,18.73789998353459
5.048799997894093,0.6068000075174496,0.29340000764932483,12.488899999880232,18.4379000129411
5.4183000029297546,0.5508999893208966,0.3090999962296337,12.816400005249307,19.09469999372959
7.111999992048368,0.8339999913005158,0.5653999978676438,14.053000006242655,22.564399987459183
5.513700001756661,0.6380999984685332,0.32300000020768493,12.910999997984618,19.385799998417497
5.189000003156252,0.7210000039776787,0.48160000005736947,12.694699995336123,19.086300002527423
5.537599994568154,0.66970000625588,0.38050000148359686,13.060099998256192,19.647900000563823
5.812400006107055,0.793700004578568,0.4082999948877841,14.869200007524341,21.883600013097748
5.183400004170835,0.444800010882318,0.24059999850578606,12.791199987987056,18.660000001545995
4.821399998036213,0.5176999984541908,0.2398000069661066,11.492300007375889,17.0712000108324
5.635100009385496,0.7292999944183975,0.345499996910803,11.587300003156997,18.297200003871694
5.088199992314912,0.6767999875592068,0.3428000054555014,14.202099991962314,20.309899977291934
4.966899999999441,0.5935000081080943,0.30050000350456685,8.974800002761185,14.835700014373288
5.107999997562729,0.4571000026771799,0.24179999309126288,12.420999992173165,18.227899985504337
5.259400000795722,0.7359000010183081,0.3245999978389591,12.673200006247498,18.993100005900487
4.899899999145418,0.516200001584366,0.2986000035889447,12.264499993762001,17.97919999808073
7.344500001636334,0.6972999981371686,0.414699999964796,12.98849999147933,21.444999991217628
4.961899991030805,0.4830000107176602,0.24470000062137842,12.171800000942312,17.861400003312156
5.27900000452064,0.45589999353978783,0.24199999461416155,12.205699997139163,18.182599989813752
5.3596999932779,0.564200003282167,0.2994999958900735,13.927400010288693,20.150800002738833
5.7366999972146,0.49140000191982836,0.2533999941078946,14.321599999675527,20.80309999291785
5.776500009233132,0.6400999991456047,0.30869999318383634,12.588099998538382,19.313400000100955
5.252000002656132,0.4563000111375004,0.25519999326206744,12.71429999906104,18.67780000611674
5.63819998933468,0.6700999947497621,0.26359999901615083,12.33519999368582,18.907099976786412
6.520000009913929,0.8223999902838841,0.3961000038543716,14.618600005633198,22.357100009685382
5.580299999564886,0.5381999944802374,0.3004000027431175,12.516399991000071,18.935299987788312
6.173200003104284,0.5816000048071146,0.3195000026607886,12.578299996675923,19.65260000724811
5.152999990968965,0.4641000123228878,0.24219999613706023,12.658199993893504,18.517499993322417
5.793499993160367,0.56669999321457,0.2446999860694632,12.81149999704212,19.41639996948652
4.634100012481213,0.44499999785330147,0.2432000037515536,12.626499999896623,17.94880001398269
4.856600004131906,0.4757999995490536,0.24369999300688505,15.109899992239662,20.685999988927506
5.2143000066280365,0.5396000051405281,0.30500000866595656,13.029800000367686,19.088700020802207
5.764500005170703,0.5596999981207773,0.30729999707546085,11.351299996022135,17.982799996389076
5.126200005179271,0.5568999913521111,0.3031000087503344,12.604300005477853,18.59050001075957
5.797200006782077,0.8459999953629449,0.5209000082686543,14.168800000334159,21.332900010747835
5.349399987608194,0.5540999991353601,0.42660000326577574,12.623899994650856,18.953999984660186
5.193400007556193,0.6151999987196177,0.2986999897984788,11.176299987710081,17.28359998378437
5.20570001390297,0.6111999973654747,0.29880000511184335,12.568800011649728,18.684500028030016
4.931899995426647,0.5299000040395185,0.2418000076431781,13.288900008774363,18.992500015883707
5.998900000122376,0.4726000042865053,0.24529999063815922,11.733799998182803,18.450599993229844
4.875500002526678,0.5390000005718321,0.29940000968053937,12.785700004315004,18.499600017094053
5.155499995453283,0.49089999811258167,0.2466000005370006,12.665199988987297,18.558199983090162
6.315000005997717,0.5700000037904829,0.2420999953756109,13.932600006228313,21.059700011392124
5.444599999464117,0.6412000075215474,0.3159000043524429,12.836900001275353,19.23860001261346
5.891900000278838,0.6053000106476247,0.31319999834522605,12.945499998750165,19.755900008021854
4.767400008859113,0.550300013856031,0.2702999918255955,11.885699990671128,17.473700005211867
6.030899996403605,0.560200001928024,0.30220000189729035,12.788099993485957,19.681399993714876
7.118699999409728,1.2442000006558374,0.34779999987222254,12.908099990454502,21.61879999039229
5.294999995385297,0.4617000086000189,0.24470000062137842,12.750199995934963,18.751600000541657
5.521800005226396,0.49259999650530517,0.2714000002015382,12.725499997031875,19.011299998965114
4.744400008348748,0.5162999877939001,0.24759999359957874,12.86709999840241,18.375399988144636
5.233599993516691,0.527600001078099,0.30590000096708536,12.429700000211596,18.496799995773472
5.247000008239411,0.625700005912222,0.3378999972483143,11.297799996100366,17.508400007500313
5.17519999993965,0.45479999971576035,0.2426000137347728,11.069300002418458,16.941900015808642
5.462600005557761,0.716800001100637,0.3912999964086339,12.807399994926527,19.37809999799356
5.270199995720759,0.6147999956738204,0.3074999985983595,12.57669999904465,18.76919998903759
5.345500001567416,0.5784000095445663,0.29799999902024865,12.200500001199543,18.422400011331774
4.906000001938082,0.4731999943032861,0.24519998987670988,12.154900003224611,17.77929998934269
4.446299994015135,0.44329999946057796,0.2542000001994893,12.451200003852136,17.59499999752734
5.133200000273064,0.5403999966802076,0.3037999995285645,15.550800002529286,21.52819999901112
4.789899991010316,0.5112000071676448,0.2491000050213188,12.223099998664111,17.77330000186339
5.504400003701448,0.5388999998103827,0.30509999487549067,12.403899992932566,18.752299991319887
5.46780000149738,0.662000005831942,0.2733000001171604,11.996200002613477,18.39930001005996
5.370899991248734,0.5339000053936616,0.30220000189729035,12.385099995299242,18.59209999383893
10.102600004756823,0.8925000001909211,0.44600000546779484,13.363999998546205,24.805100008961745
5.524399995920248,0.644200001261197,0.30610000248998404,12.801500008208677,19.276200007880107
5.203399996389635,0.6532000115839764,0.32750000536907464,12.877000001026317,19.061100014369003
5.223499989369884,0.599899998633191,0.30250000418163836,12.145800006692298,18.27169999887701
6.984899999224581,1.1667000071611255,1.8086999916704372,13.04340000206139,23.003700000117533
5.200200001127087,0.5616999987978488,0.3302000113762915,12.590999991516583,18.68310000281781
5.045899990363978,0.4675000091083348,0.24369999300688505,12.686899994150735,18.443999986629933
5.646699995850213,0.5129000055603683,0.2519999979995191,12.637599997106008,19.04919999651611
5.54629998805467,0.47500000800937414,0.27630000840872526,14.428099995711818,20.725700000184588
5.112900005769916,0.545499991858378,0.31859999580774456,12.622299997019581,18.59929999045562
5.905800004256889,0.6225000106496736,0.3077000001212582,12.870899998233654,19.706900013261475
5.253300012554973,0.6187999970279634,0.3181999927619472,12.732599992887117,18.922899995232
7.918100003735162,0.8152999944286421,0.5018999945605174,13.178599998354912,22.413899991079234
5.287899999530055,0.5530999915208668,0.30610000248998404,12.603699986357242,18.750799979898147
4.998299991711974,0.4675000091083348,0.2513999934308231,13.168199991923757,18.88539998617489
5.013400004827417,0.480200003948994,0.24370000755880028,12.52990000648424,18.267200022819452
5.03739999840036,0.45429999590851367,0.24569999368395656,16.4334000000963,22.17079998808913
5.174899997655302,0.6018999993102625,0.34949999826494604,10.972999996738508,17.09929999196902
5.592300003627315,0.548800002434291,0.31060000765137374,12.832000007620081,19.28370002133306
4.961899991030805,0.6465999904321507,0.2569999924162403,11.544299995875917,17.409799969755113
7.19839999510441,0.6621999928029254,0.6608999974559993,18.7014000111958,27.222899996559136
5.2886000048602,0.6873000093037263,0.36660001205746084,12.619499990250915,18.962000016472302
4.836499996599741,0.669400003971532,0.3656000044429675,12.732299990602769,18.60379999561701
5.150600001798011,0.6149000109871849,0.3074999985983595,12.52629999362398,18.599300005007535
4.981600010069087,0.4755000118166208,0.2606999914860353,12.64390000142157,18.361700014793314
5.769299998064525,0.6156000017654151,0.2995999966515228,12.565899989567697,19.25039998604916
5.150400000275113,0.6337999948300421,0.3237000055378303,12.742599996272475,18.85049999691546
5.498300000908785,0.487900004372932,0.24920000578276813,12.542700002086349,18.778100013150834
4.862999994657002,0.4604999994626269,0.24249999842140824,14.0114999958314,19.577499988372438
6.151500012492761,0.713100002030842,0.367900007404387,12.651600001845509,19.8841000237735
5.032699991716072,0.7340000011026859,0.3997999883722514,13.038499993854202,19.20499997504521
5.048499995609745,0.6003999878885224,0.3175000019837171,12.473399998270907,18.43979998375289
5.3887000103713945,0.5369999998947605,0.30759999935980886,12.579799993545748,18.813100003171712
6.190000000060536,0.4533000028459355,0.24340000527445227,12.074599988409318,18.961299996590242
5.316900002071634,0.476800007163547,0.25490000552963465,10.853200001292862,16.901800016057678
5.41160001012031,0.5461999971885234,0.30699999479111284,12.704399996437132,18.96919999853708
5.599700001766905,0.6177000032039359,0.31380000291392207,16.373400008887984,22.904600016772747
6.304999988060445,0.5940999981248751,0.39929999911691993,12.92549999197945,20.22389997728169
5.430699995486066,0.5996999971102923,0.298400002066046,12.766899992129765,19.09569998679217
6.110200003604405,0.6308000010903925,0.301799998851493,12.720500002615154,19.763300006161444
5.442200010293163,0.6851000071037561,0.3578000032575801,12.733100011246279,19.21820003190078
4.770300001837313,0.5697000015061349,0.32360000477638096,12.428699992597103,18.092300000716932
5.455899998196401,0.6199999916134402,0.31040000612847507,12.443499988876283,18.8297999848146
5.460000000311993,0.5373000021791086,0.30189999961294234,12.52399999066256,18.823199992766604
5.898499992326833,0.5334000015864149,0.30020000122021884,12.656799997785129,19.388899992918596
6.696500000543892,0.7203999994089827,0.3693000035127625,14.475399992079474,22.26159999554511
5.218299993430264,0.4898000042885542,0.24290000146720558,12.861399998655543,18.812399997841567
5.42860000859946,0.53190000471659,0.30089999199844897,12.728700006846339,18.990100012160838
4.840699999476783,0.46710000606253743,0.24470000062137842,12.19439999840688,17.74690000456758
7.167000003391877,0.712799999746494,0.37090000114403665,13.228199997683987,21.478900001966394
6.824199997936375,0.7507999980589375,0.3972999984398484,13.194599989219569,21.16689998365473
5.612500011920929,0.5024999991292134,0.34729999606497586,12.605700001586229,19.068000008701347
5.234299998846836,0.7581000099889934,0.3956000000471249,13.840999992680736,20.22900000156369
6.379400001605973,0.5922999989707023,0.35039999056607485,12.591400009114295,19.913500000257045
4.714299997431226,0.443900004029274,0.25320000713691115,10.336500010453165,15.747900019050576
5.275400006212294,0.6928999937372282,0.38329999370034784,12.579600006574765,18.931200000224635
5.007800005842,0.5368999991333112,0.258100000792183,11.861399994813837,17.66420000058133
4.520900009083562,0.561100008781068,0.3915999986929819,14.081000001169741,19.554600017727353
4.805000004125759,0.45849999878555536,0.2432000037515536,11.523699999088421,17.03040000575129
5.761899999924935,0.5916000081924722,0.29909999284427613,12.414899989380501,19.067499990342185
5.486199996084906,0.5451000033644959,0.3015999973285943,12.286800003494136,18.619700000272132
5.789200004073791,0.5392999883042648,0.31200000375974923,15.283700005966239,21.924200002104044
5.042299992055632,0.4577000072458759,0.24989999656099826,12.273000000277534,18.02289999614004
5.055800007539801,0.5307999963406473,0.3995000006398186,11.999199996353127,17.985300000873394
5.129800003487617,0.5510999908437952,0.31090000993572176,11.524999994435348,17.51679999870248
5.565100000239909,0.5424999981187284,0.3074999985983595,13.653400004841387,20.068500001798384
5.268900000373833,0.5374000029405579,0.30109999352134764,12.29950001288671,18.40690000972245
5.278700002236292,0.5442999972729012,0.3031000087503344,12.904999995953403,19.03110000421293
5.135500003234483,0.5219000013312325,0.28730000485666096,10.909599994192831,16.854300003615208
5.134800012456253,0.5950000049779192,0.29969999741297215,13.200900008087046,19.23040002293419
6.022700006724335,0.9325999999418855,0.3591999993659556,13.43510000151582,20.749600007547997
5.450399999972433,0.5554999952437356,0.302100001135841,13.741300004767254,20.049300001119263
5.1844999979948625,0.643299994408153,0.301799998851493,12.3611000017263,18.490699992980808
5.2291000029072165,0.5506000015884638,0.3041000018129125,12.54769999650307,18.631500002811663
8.77470000705216,0.8128000044962391,0.3831000067293644,13.53370001015719,23.504300028434955
5.097800007206388,0.6844000017736107,0.37560000782832503,11.081899996497668,17.239700013305992
5.1807999989250675,0.5710000114049762,0.26339999749325216,12.76549999602139,18.780700003844686
4.89380001090467,0.44519999937620014,0.24310000299010426,11.367300001438707,16.94940001470968
4.995800001779571,0.7473000005120412,0.37340000562835485,14.332799997646362,20.44930000556633
5.362700001569465,0.5478999955812469,0.3087999939452857,12.74619999458082,18.965599985676818
5.087700003059581,0.6981000042287633,0.3580000047804788,12.671699994825758,18.81550000689458
4.8463999992236495,0.4743000026792288,0.2457000082358718,12.486199993873015,18.052600004011765
5.2064000046812,0.62600000819657,0.345499996910803,15.629900008207187,21.80780001799576
5.086499993922189,0.4515000036917627,0.24670000129844993,12.593999999808148,18.37869999872055
5.212300005950965,0.549400007002987,0.30479999259114265,12.946099988766946,19.01259999431204
5.428200005553663,0.5262999911792576,0.3009000065503642,12.59510000818409,18.850500011467375
4.979300007107668,0.49149998812936246,0.3547000087564811,15.391199995065108,21.21669999905862
5.2903000032529235,0.6004999886499718,0.3929999948013574,12.594899992109276,18.87869997881353
5.17589999071788,0.6156000017654151,0.29779999749735,12.770400004228577,18.859699994209222
5.092699997476302,0.6228999991435558,0.301199994282797,12.688000002526678,18.704799993429333
5.176999999093823,0.5456999933812767,0.30590000096708536,12.776800009305589,18.805400002747774
6.890499993460253,0.5525999877136201,0.30440000409726053,12.207100007799454,19.954599993070588
4.8147000052267686,0.447300000814721,0.2415999915683642,11.572599993087351,17.076199990697205
5.5269000004045665,0.5816000048071146,0.30270000570453703,12.599299996509217,19.010500007425435
5.047200000262819,0.45780000800732523,0.24459999985992908,11.288200010312721,17.037800018442795
6.626300004427321,1.0485999955562875,0.4293999954825267,13.680300005944446,21.78460000141058
5.007999992812984,0.4574000049615279,0.24240001221187413,12.319100002059713,18.0269000120461
4.843500006245449,0.4461000062292442,0.24449999909847975,11.699599999701604,17.233700011274777
5.186299997149035,0.6611999997403473,0.32920000376179814,12.160900005255826,18.337600005907007
5.112700004247017,0.533799990080297,0.3206000110367313,11.385299992980435,17.35239999834448
6.425299987313338,0.5787999980384484,0.5466000002343208,11.913399997865781,19.464099983451888
5.1891000039177015,0.5417000065790489,0.30100000731181353,11.066699997172691,17.098500014981255
5.572200010647066,0.5792000010842457,0.304599991068244,12.63580001250375,19.091800015303306
4.735499998787418,0.5518000107258558,0.24189999385271221,12.41650000156369,17.945700004929677
6.9121999986236915,0.8252999978139997,0.4672999930335209,13.090799999190494,21.295599988661706
5.022400000598282,0.46359999396372586,0.24369999300688505,12.511000008089468,18.24069999565836
5.468500006827526,0.5543000006582588,0.2992000081576407,12.759300007019192,19.081300022662617
4.815099993720651,0.4959999932907522,0.24339999072253704,12.291799997910857,17.846299975644797
5.456600003526546,0.5318000039551407,0.2610000083222985,16.178599995328113,22.4280000111321
5.630900006508455,0.6050999945728108,0.30249998962972313,12.31510000070557,18.85359999141656
5.560000005061738,0.6905999907758087,0.3192000003764406,12.832700012950227,19.402500009164214
4.672100010793656,0.4484999954001978,0.2432000037515536,11.916899995412678,17.280700005358085
5.127100012032315,0.5462999979499727,0.3079000016441569,15.023200001451187,21.00450001307763
6.283299997448921,0.6193000008352101,0.3693000035127625,13.245499998447485,20.51740000024438
5.306000006385148,0.5398999928729609,0.30670000705868006,12.984200002392754,19.136800008709542
5.35449999733828,0.6178000039653853,0.2986000035889447,12.700599996605888,18.971500001498498
5.340700008673593,0.5563000013353303,0.30250000418163836,12.355500002740882,18.555000016931444
7.9347999999299645,0.5362999945646152,0.2477000089129433,12.750299996696413,21.469100000103936
6.00119998853188,0.6643999950028956,0.2590999938547611,12.941199995111674,19.86589997250121
5.342399992514402,0.4928999987896532,0.39089999336283654,12.484199993195944,18.710399977862835
4.9211999867111444,0.7269000052474439,0.4288000054657459,12.601399997947738,18.678299995372072
8.227999991504475,0.658300006762147,0.38079998921602964,16.652599995722994,25.919699983205646
5.256599994027056,0.6033000099705532,0.31429999216925353,13.039600002230145,19.213799998397008
5.727700001443736,0.644200001261197,0.305800000205636,12.596500004292466,19.274200007203035
5.1457000081427395,0.6558999884873629,0.3708000003825873,14.861200004816055,21.033600001828745
5.456400002003647,0.6280999950831756,0.30679999326821417,12.471200010622852,18.86250000097789
5.036900009145029,0.46409999777097255,0.23990000772755593,12.433199997758493,18.17410001240205
4.991899986634962,0.5951000057393685,0.2961999998660758,12.418300000717863,18.30149999295827
5.455099992104806,0.5249999958323315,0.3001000004587695,13.604599997051992,19.8847999854479
6.428300010156818,0.586600013775751,0.3972999984398484,12.504600003012456,19.916800025384873
5.81969998893328,0.5520999984582886,0.2997999981744215,12.70479999948293,19.37639998504892
5.110900005092844,0.6563999922946095,0.32110000029206276,12.678300001425669,18.766699999105185
4.945699998643249,0.44889999844599515,0.24049999774433672,12.190200010081753,17.825300004915334
5.3410999971674755,0.676199997542426,0.31740000122226775,12.269500002730638,18.604199998662807
5.310499996994622,0.5347999976947904,0.3004000027431175,12.693900003796443,18.839600001228973
4.777599999215454,0.44770000386051834,0.2426999999443069,12.258899994776584,17.726899997796863
5.012299996451475,0.5219000013312325,0.3071999963140115,12.73080000828486,18.572200002381578
6.014099999447353,0.5628000071737915,0.3656000044429675,13.840400002663955,20.782900013728067
4.786599994986318,0.45000000682193786,0.24249999842140824,12.399700004607439,17.878800004837103
5.404299998190254,0.6566000083694234,0.37480000173673034,12.379499996313825,18.815200004610233
4.76189999608323,0.5322999932104722,0.24200000916607678,12.104399997042492,17.64059999550227
5.714700004318729,0.5772000004071742,0.304599991068244,13.412500004051253,20.0089999998454
4.747400002088398,0.4676999960793182,0.371300004189834,11.822699991171248,17.409099993528798
4.995399998733774,0.5912999913562089,0.30100000731181353,12.494900001911446,18.382599999313243
4.763200005982071,0.44049999269191176,0.2528999903006479,12.262799995369278,17.71939998434391
5.470999996759929,0.6354000070132315,0.2597999991849065,13.422900010482408,19.789100013440475
5.076700006611645,0.822000001790002,0.4011999990325421,11.986600002273917,18.286500009708107
5.05380000686273,0.5908999883104116,0.30449999030679464,12.625699993805028,18.574899979284965
4.811299993889406,0.4616000078385696,0.2432000037515536,12.773099995683879,18.289200001163408
4.8322000075131655,0.46019999717827886,0.24370000755880028,12.851300009060651,18.387400021310896
8.104600012302399,0.4836999869439751,0.24229999689850956,12.418500002240762,21.249099998385645
5.131699988851324,0.673700007610023,0.37980001070536673,12.361499990220182,18.546699997386895
4.953900002874434,0.43709999590646476,0.24169999232981354,11.894900002516806,17.52759999362752
5.055999994510785,0.5244000058155507,0.29969999741297215,12.634200000320561,18.51429999805987
5.865999992238358,0.43730001198127866,0.24979999579954892,12.379199994029477,18.932299994048662
5.154300000867806,0.6541999900946394,0.3708000003825873,11.51350000873208,17.692800000077114
5.367000005207956,0.5292999994708225,0.2997999981744215,12.657400002353825,18.853500005207025
5.025900012697093,0.6095999997342005,0.3026000049430877,12.559700000565499,18.49780001793988
4.607499999110587,0.44439999328460544,0.23979999241419137,11.971499989158474,17.263199973967858
5.271200003335252,0.6071999960113317,0.2972000074805692,12.45290000224486,18.628500009072013
4.649599999538623,0.43259999074507505,0.2494999935152009,12.132400006521493,17.464099990320392
5.49229999887757,0.6618000043090433,0.30590000096708536,12.579700007336214,19.039700011489913
5.231999995885417,0.4808999947272241,0.25299999106209725,13.105099991662428,19.070999973337166
6.3009000004967675,1.2590000114869326,0.6561000045621768,12.588099998538382,20.80410001508426
5.073399996035732,0.6085000059101731,0.2986999897984788,11.81209999776911,17.792699989513494
5.335599998943508,0.6160000048112124,0.29939999512862414,11.908900007256307,18.15990000613965
5.2426000038394704,0.49339998804498464,0.23829999554436654,13.120399991748855,19.094699979177676
5.45830000191927,0.7469999982276931,0.3696999920066446,14.178400000673719,20.753399992827326
4.8060999979497865,0.5767999973613769,0.2948000037577003,12.845899997046217,18.52359999611508
5.124499992234632,0.5375000037020072,0.3073999978369102,11.960000003455207,17.929399997228757
5.179100000532344,0.5345999961718917,0.24550000671297312,12.886800002888776,18.846000006305985
6.167999992612749,0.7565999985672534,0.3218000056222081,12.326399999437854,19.572799996240065
5.134599996381439,0.5369999998947605,0.3026000049430877,12.696699996013194,18.670899997232482
4.841000001761131,0.6809999904362485,0.3524000057950616,12.642999994568527,18.517399992560968
4.972700000507757,0.5910000036237761,0.31010000384412706,12.456600001314655,18.330400009290315
3.5176999954273924,0.4293000092729926,0.3453999961493537,8.979699996416457,13.272099997266196
5.122899994603358,0.5912999913562089,0.3296000068075955,13.436300010653213,19.480100003420375
5.1374000031501055,0.5348999984562397,0.30499999411404133,12.806800004909746,18.784100000630133
4.86329999694135,0.47730001097079366,0.24599999596830457,12.124499990022741,17.71109999390319
5.1848000002792105,0.5368999991333112,0.32580000697635114,13.424000004306436,19.47150001069531
5.434299993794411,0.5839999939780682,0.3038999857380986,12.855599998147227,19.177799971657805
5.380800008424558,0.450999999884516,0.24229999689850956,12.40769999276381,18.481799997971393
5.203799999435432,0.5475999932968989,0.31289999606087804,11.929400003282353,17.993699992075562
5.388200006564148,0.6754000060027465,0.31859999580774456,12.620099994819611,19.00230000319425
5.545999985770322,0.5688000092050061,0.2969999914057553,12.009699988993816,18.4214999753749
7.008200002019294,0.75559999095276,0.4209000035189092,13.212699996074662,21.397399992565624
5.491299991263077,0.5186000053072348,0.24160000612027943,12.599200010299683,18.850700012990274
5.4912000050535426,0.5471999902511016,0.302400003420189,12.71150000684429,19.052300005569123
8.432600006926805,0.7657999958610162,0.44489999709185213,12.359500004095025,22.0028000039747
5.161900000530295,0.5447000003186986,0.3032999957213178,12.591599996085279,18.60149999265559
5.945200013229623,0.5803999956697226,0.3049000079045072,12.568699996336363,19.399200013140216
5.074799992144108,0.5920999974478036,0.3215000033378601,12.042500005918555,18.030899998848327
5.584999991697259,0.6754999922122806,0.3837000112980604,12.790399996447377,19.434599991654977
6.334799996693619,0.6716000061715022,0.3321000112919137,17.547299998113886,24.88580001227092
6.070000003091991,0.6187000108184293,0.31149999995250255,13.013200004934333,20.013400018797256
5.746599999838509,0.7941000076243654,0.43450000521261245,15.789400000358,22.764600013033487
6.257100001676008,0.6078000005800277,0.30899999546818435,12.453799994545989,19.62769999227021
5.379299997002818,0.45179999142419547,0.24410001060459763,11.808600000222214,17.883799999253824
5.440499997348525,0.6701999955112115,0.39790000300854445,12.828899998567067,19.337499994435348
4.8716000019339845,0.5294000002322719,0.39080000715330243,10.584100004052743,16.375900013372302
5.223799991654232,0.5469000025186688,0.3107999946223572,12.96629999706056,19.047799985855818
6.1271000013221055,1.0821000032592565,1.475799988838844,15.134299988858402,23.819299982278608
5.475099998875521,0.5447000003186986,0.30259999039117247,12.625699993805028,18.94809998339042
5.807900000945665,0.5848000000696629,0.29859998903702945,12.672400000155903,19.36369999020826
6.141499994555488,0.7187000010162592,0.38810000114608556,14.616200001910329,21.864499998628162
5.807299996376969,0.5352999869501218,0.3127999952994287,12.84920000762213,19.50459998624865
5.391600003349595,0.5416000058175996,0.2519999979995191,12.959500003489666,19.14470001065638
5.445100003271364,0.5539999983739108,0.3060000017285347,12.59589999972377,18.90100000309758
4.978699987987056,0.4737999988719821,0.24229999689850956,10.972999996738508,16.667799980496056
5.024099998991005,0.5250999965937808,0.3009000065503642,14.95759999670554,20.80769999884069
5.151399993337691,0.6379999977070838,0.411300003179349,12.786699997377582,18.987399991601706
4.6956999867688864,0.47990000166464597,0.3028999926755205,12.468200002331287,17.94669998344034
6.880400003865361,0.9680000075604767,0.3242999955546111,14.597899993532337,22.770600000512786
5.391500002588145,0.5781999934697524,0.3031999949598685,12.328099997830577,18.600999988848343
4.63300000410527,0.7956000044941902,0.2533999941078946,12.690399991697632,18.372399994404987
5.143000002135523,0.6246999982977286,0.298400002066046,12.555100009194575,18.621200011693873
4.994400005671196,0.4625000001396984,0.24449999909847975,12.774700007867068,18.476100012776442
4.8110000061569735,0.4444999940460548,0.24380000832024962,10.900699999183416,16.400000007706694
8.214200002839789,0.596199999563396,0.24639999901410192,12.274699998670258,21.331500000087544
5.257199998595752,0.720199997886084,0.31200000375974923,12.585200005560182,18.874600005801767
5.062600001110695,0.4681999998865649,0.25349999486934394,15.487600001506507,21.27189999737311
5.286100000375882,0.58149998949375,0.2714000002015382,12.50469998922199,18.64369997929316
4.895899997791275,0.46350000775419176,0.32700000156182796,10.64770000812132,16.334100015228614
5.118200002470985,0.5304000078467652,0.301799998851493,11.982299998635426,17.93270000780467
5.147400006535463,0.531300000147894,0.3015999973285943,12.774599992553703,18.754899996565655
4.778600006829947,0.6445999897550792,0.27740000223275274,10.9319999901345,16.63259998895228
4.677300006733276,0.6188999977894127,0.3782999992836267,12.656399994739331,18.330899998545647
4.949199996190146,0.5364999960875139,0.3040000010514632,12.715299992123619,18.50499998545274
5.874800001038238,0.48600000445730984,0.24539999139960855,12.506600003689528,19.112800000584684
6.382399995345622,0.7868000102462247,0.38899999344721437,13.862000007065944,21.420200006105006
5.608200008282438,0.5498999962583184,0.30429998878389597,13.37299999431707,19.835399987641722
5.639099996187724,0.6993999995756894,0.33599999733269215,12.216200004331768,18.890699997427873
5.788900001789443,0.67559999297373,0.34389999927952886,12.529100000392646,19.337499994435348
4.9885000044014305,0.4756999987876043,0.2435000060359016,12.13300001109019,17.840700020315126
5.871500005014241,0.6245000113267452,0.3037999995285645,13.089800006127916,19.889600021997467
8.768900006543845,1.1341000063112006,0.4608000017469749,14.448200003243983,24.812000017846003
5.872599998838268,0.7194000063464046,0.39709999691694975,13.145699995220639,20.13479999732226
12.840900002629496,0.8929000032367185,0.39339999784715474,14.312100000097416,28.439300003810786
5.616100010229275,0.5181000014999881,0.2565999893704429,11.867199995322153,18.25799999642186
5.885999999009073,0.7188000017777085,0.3863000019919127,11.746299991500564,18.737399994279258
5.629099992802367,0.606399989919737,0.30020000122021884,12.762899990775622,19.298599974717945
5.655999993905425,0.8000999951036647,0.3338999958941713,12.657100000069477,19.447099984972738
4.8097999970195815,0.4825999931199476,0.26000000070780516,11.7201999964891,17.272599987336434
7.854399998905137,0.6799999973736703,0.31350000062957406,12.412900003255345,21.260800000163727
5.080199989606626,0.4755000118166208,0.24680000205989927,12.409900009515695,18.21240001299884
5.863200000021607,1.0806000063894317,0.42270000267308205,17.522900001495145,24.889400010579266
6.100500002503395,0.585400004638359,0.2589000068837777,12.518600007751957,19.46340002177749
5.716899991966784,0.5875999922864139,0.3161000058753416,12.885300006018952,19.50589999614749
5.346399993868545,0.5431000026874244,0.30309999419841915,12.669499992625788,18.862099983380176
5.055999994510785,0.47590000031050295,0.2609000075608492,12.818999995943159,18.611799998325296
6.569000004674308,0.63340000633616,0.3023000026587397,12.763000006088987,20.267700019758195
8.370199997443706,0.6979000027058646,0.3934999986086041,12.611500002094544,22.07310000085272
5.094299995107576,0.5766999965999275,0.25270000332966447,12.899400011519901,18.82310000655707
7.379299990134314,0.7526999979745597,0.42609999945852906,13.187100004870445,21.745199992437847
5.11009999900125,0.4917999904137105,0.38860000495333225,12.860899994848296,18.85139998921659
5.314200010616332,0.5414000042947009,0.3029000072274357,12.308799996390007,18.467300018528476
5.042000004323199,0.5183999892324209,0.2423999976599589,11.18030000361614,16.98309999483172
5.050599997048266,0.782000002800487,0.44010000419802964,10.683000000426546,16.95570000447333
4.84860000142362,0.6741999968653545,0.3727000002982095,10.945500005618669,16.841000004205853
5.259500001557171,0.6240999937290326,0.298099999781698,17.325499997241423,23.507199992309324
5.135800005518831,0.5552999937208369,0.3029000072274357,12.967500006197952,18.961500012665056
6.483899996965192,0.6471999950008467,0.31010000384412706,13.078899995889515,20.52009999169968
6.15980000293348,0.5755000020144507,0.3117000014754012,13.008800000534393,20.055800006957725
6.1678999918513,0.7893000001786277,0.41739999142009765,13.263700006064028,20.638299989514053
5.938799993600696,0.7074000022839755,0.4152999899815768,13.942899997346103,21.004399983212352
5.4109000047901645,0.4799999878741801,0.25689999165479094,12.609199999133125,18.75699998345226
5.237099991063587,0.7036000024527311,0.3919000009773299,12.856000001193024,19.188599995686673
5.477300001075491,0.8563000010326505,0.42150000808760524,14.253999994252808,21.009100004448555
4.876100007095374,0.4752999957418069,0.24190000840462744,12.844299999414943,18.43760001065675
7.674199994653463,0.5628999933833256,0.3009000065503642,12.86840000830125,21.406400002888404
5.680799993569963,0.5430000019259751,0.3184999950462952,12.62239999778103,19.164699988323264
5.55010000243783,0.6268000142881647,0.2986999897984788,12.630899989744648,19.10649999626912
5.721599998651072,0.4532000020844862,0.24649999977555126,12.514800007920712,18.936100008431822
4.485400000703521,0.519599998369813,0.424599988036789,11.316900010569952,16.746499997680075
5.526699998881668,0.6158999894978479,0.3004000027431175,12.723799998639151,19.166799989761785
7.885699989856221,7.062200005748309,1.696600011200644,16.206400003284216,32.85090001008939
6.038199993781745,0.6500000017695129,0.3102000046055764,13.039700002991594,20.03810000314843
7.791600000928156,0.7024000078672543,0.3954000130761415,13.239799998700619,22.12920002057217
5.6653000065125525,0.5490999901667237,0.3142000059597194,12.608899996848777,19.137499999487773
5.5813000071793795,0.5501999985426664,0.30390000029001385,12.66849999956321,19.10390000557527
6.055100006051362,0.698900010320358,0.368500011973083,13.101099990308285,20.223600018653087
5.640599993057549,0.6247999990591779,0.30100000731181353,12.742100007017143,19.308500006445684
5.062399999587797,0.4672999930335209,0.24980001035146415,12.76019999932032,18.539700002293102
7.484400004614145,0.8363999950233847,0.384599989047274,12.708599999314174,21.413999987998977
5.7265999930677935,0.5469000025186688,0.30929999775253236,12.688900009379722,19.271700002718717
10.85880000027828,0.5559000128414482,0.3110999969067052,12.690100003965199,24.41590001399163
5.600000004051253,0.6960000027902424,0.3828000044450164,12.632500001927838,19.31130001321435
5.616800001007505,0.5509999900823459,0.3040999872609973,12.5084000028437,18.98029998119455
4.932600000756793,0.5314999871188775,0.24619999749120325,11.59370000823401,17.303999993600883
5.603300000075251,0.7055000023683533,0.38899999344721437,12.788100008037873,19.48590000392869
6.02870000875555,0.9894999966491014,0.4309999931138009,12.792800000170246,20.241999998688698
6.875399994896725,0.4803000047104433,0.2586999908089638,12.712600000668317,20.32699999108445
5.349500002921559,0.5112000071676448,0.2702000056160614,12.725100008537993,18.856000024243258
5.941099996562116,0.6244999967748299,0.3308000013930723,13.625599996885285,20.521999991615303
5.045099998824298,0.5004000122426078,0.24369999300688505,9.080599993467331,14.869799997541122
3.6398999945959076,0.4317999992053956,0.2412999892840162,8.66140000289306,12.97439998597838
5.614299996523187,0.6203999946592376,0.299000006634742,12.875500004156493,19.40920000197366
4.958899997291155,0.549100004718639,0.30189999961294234,11.875299998791888,17.685200000414625
5.304899998009205,0.44240000715944916,0.24290000146720558,12.867299999925308,18.857500006561168
5.440299995825626,0.6090000097174197,0.34050000249408185,11.941899996600114,18.33170000463724
7.452199992258102,0.5699999892385677,0.39430000470019877,95.43239999038633,103.8488999765832
5.557099997531623,0.7156999927246943,0.414699999964796,21.907400005147792,28.594899995368905
5.197999998927116,0.6633000011788681,0.3749999887077138,11.47800000035204,17.71429998916574
5.075199995189905,0.6570999976247549,0.2550999925006181,12.730999995255843,18.71839998057112
4.896099999314174,0.4361000028438866,0.24160000612027943,12.486699997680262,18.060500005958602
7.008600005065091,0.704799997038208,0.3201999934390187,13.971100008348003,22.00470000389032
5.130400008056313,0.6232000014279038,0.298400002066046,12.84180000948254,18.893800021032803
6.378799997037277,0.7661999989068136,0.4174000059720129,13.639600001624785,21.20200000354089
5.061500007286668,0.6001000001560897,0.2972000074805692,12.644400005228817,18.603200020152144
5.05160000466276,0.46660000225529075,0.25120000645983964,12.789400003384799,18.55880001676269
5.867999992915429,0.6331999902613461,0.30759999935980886,13.023799998336472,19.832599980873056
5.229900008998811,0.7501999934902415,0.3150999982608482,12.629800010472536,18.925000011222437
5.594600006588735,0.5544000014197081,0.3080000024056062,12.702800013357773,19.159800023771822
8.749500004341826,0.6911999953445047,0.38469998980872333,13.407300008111633,23.232699997606687
5.062799988081679,0.5362000083550811,0.30089999199844897,12.435500000719912,18.33539998915512
5.498400001670234,0.5315000016707927,0.301199994282797,13.823300003423356,20.15440000104718
6.894499994814396,0.777699999161996,0.3099000023212284,14.358200001879595,22.340299998177215
5.493700009537861,0.5448000010801479,0.3117000014754012,12.52780000504572,18.87800001713913
5.326999991666526,0.5696000007446855,0.24639999901410192,12.216200004331768,18.35919999575708
5.506100002094172,0.6092999974498525,0.295600009849295,12.604399991687387,19.015400001080707
5.648200007271953,0.6208000122569501,0.301799998851493,12.136999997892417,18.707800016272813
5.120899993926287,0.4596999933710322,0.24429999757558107,14.298100009909831,20.12299999478273
5.077900001197122,0.5423999973572791,0.3040000010514632,12.472000002162531,18.396300001768395
5.653799991705455,0.487299999804236,0.2528000040911138,12.437900004442781,18.831800000043586
6.6103999997721985,0.6522999901790172,0.3327000013086945,14.637100000982173,22.232499992242083
5.768499991972931,0.5600000004051253,0.30450000485870987,12.596100001246668,19.229099998483434
5.1038999954471365,0.6542999908560887,0.4124999977648258,12.777900003129616,18.948599987197667
4.9731999897630885,0.4569000011542812,0.24190000840462744,11.454999999841675,17.126999999163672
5.200300001888536,0.5479999963426962,0.30300000798888505,12.091500000678934,18.14280000689905
5.51160000031814,0.5338999908417463,0.2640000020619482,11.593999995966442,17.903499989188276
10.187099993345328,0.851800010423176,0.45870000030845404,14.35299999138806,25.850599995465018
6.074899996747263,0.6072000105632469,0.380899989977479,13.077900002826937,20.140900000114925
5.690599995432422,0.6225000106496736,0.30020000122021884,15.981999997165985,22.5953000044683
5.474799996591173,0.5959999980404973,0.3012999950442463,12.894800005597062,19.26689999527298
5.318700001225807,0.5544000014197081,0.3020000003743917,12.768600005074404,18.94370000809431
5.172400007722899,0.6378999969456345,0.30270000570453703,12.637099993298762,18.750100003671832
5.1552999939303845,0.5440999957500026,0.29999999969732016,11.667600003420375,17.666999992798083
5.113099992740899,0.47470000572502613,0.302100001135841,11.268300004303455,17.158200003905222
7.661800002097152,0.6786000012652948,0.30619998869951814,12.60399998864159,21.250599980703555
4.834000006667338,0.457199988886714,0.2406999992672354,8.116800003335811,13.648699998157099
5.800300001283176,0.5505000008270144,0.30599998717661947,13.012800001888536,19.669599991175346
5.938399990554899,0.5525999877136201,0.31119999766815454,11.9838999962667,18.786099972203374
4.270199991879053,0.4393999988678843,0.2401999954599887,12.389600000460632,17.33939998666756
5.715399995096959,0.5700000037904829,0.3088000084972009,12.679899999056943,19.274100006441586
5.304999998770654,0.7219000108307227,0.36890000046696514,12.897900000098161,19.293700010166503
5.463099994813092,0.5798000056529418,0.3139000036753714,12.127199996029958,18.484000000171363
5.145500006619841,0.6087000074330717,0.3034999972442165,14.265600009821355,20.323300021118484
4.989699998986907,0.48439999227412045,0.2486000012140721,11.960000003455207,17.682699995930307
4.90479999280069,0.49479999870527536,0.2449999883538112,12.923000002047047,18.567599981906824
6.549900004756637,0.7353000110015273,0.5021999968448654,12.664900001254864,20.452300013857894
5.637900001602247,0.5887999868718907,0.3040999872609973,12.736999997287057,19.267799973022193
5.496099998708814,0.6951000104891136,0.42549999488983303,12.708199996268377,19.324900000356138
5.207199996220879,0.5512000061571598,0.3026000049430877,12.746200009132735,18.807200016453862
5.859299999428913,0.6839999987278134,0.37039999733678997,12.493400005041622,19.407100000535138
5.149900011019781,0.5549000052269548,0.30390000029001385,13.019200006965548,19.027900023502298
5.498600003193133,0.49479999870527536,0.24480000138282776,12.869499987573363,19.1076999908546
5.667599994922057,0.5762999935541302,0.30300000798888505,12.96389999333769,19.510799989802763
5.93980000121519,0.7246000022860244,0.35319999733474106,14.484599989373237,21.502199990209192
5.425600000307895,0.5856000061612576,0.3041000018129125,13.050900000962429,19.366200009244494
5.433600003016181,0.5915000074310228,0.2922999992733821,12.684600005741231,19.002000015461817
5.295399998431094,0.4661999992094934,0.2449999883538112,12.568199992529117,18.574799978523515
5.188600000110455,0.6660999933956191,0.3684999974211678,12.387200011289679,18.61040000221692
5.926700003328733,0.5084000003989786,0.2460999967297539,12.967899994691834,19.6490999951493
6.921000007423572,0.6580000044777989,0.414699999964796,12.581500006490387,20.575200018356554
5.167499999515712,0.6182000070111826,0.35579998802859336,11.937699993723072,18.07919998827856
5.4106000025058165,0.599599996348843,0.29940000968053937,12.511699998867698,18.821300007402897
7.282000005943701,1.2106000067433342,0.43849999201484025,14.714000004460104,23.64510000916198
4.90999998874031,0.5015000060666353,0.26590000197757035,12.636199986445718,18.313599983230233
5.904899997403845,0.7287999906111509,0.39030000334605575,12.720600003376603,19.744599994737655
5.307500003254972,0.6608999974559993,0.3414000093471259,12.620599998626858,18.930400008684956
7.458499996573664,0.6060000014258549,0.309199996991083,12.217099996632896,20.5907999916235
4.784100005053915,0.5078999965917319,0.25889999233186245,14.704299988807179,20.25519998278469
5.8898999996017665,0.5422999965958297,0.24720000510569662,11.33960000879597,18.019000010099262
4.911199997877702,0.5021999968448654,0.25520000781398267,12.239000003319234,17.907600005855784
5.200400002649985,0.694099988322705,0.3885000041918829,13.088799998513423,19.371799993677996
4.85750001098495,0.4675000091083348,0.24870000197552145,11.228700008359738,16.802400030428544
5.65229999483563,0.48149999929592013,0.24930000654421747,12.495200004195794,18.878300004871562
5.2140000043436885,0.622000006842427,0.3065999917453155,12.634200000320561,18.776800003251992
5.2244999969843775,0.6330000032903627,0.29779999749735,12.762099999235943,18.917399997008033
5.102299997815862,0.47280000580940396,0.2420999953756109,12.720999991870485,18.538199990871362
5.120300003909506,1.4405000110855326,0.5499000108102337,15.093000009073876,22.203700034879148
4.940099999657832,0.5536999960895628,0.2536000101827085,12.36030001018662,18.107700016116723
5.828900000778958,0.5836000054841861,0.30869999318383634,13.12990000587888,19.85110000532586
7.201900007203221,0.8739000040804967,0.45149998913984746,12.801999997464009,21.329299997887574
5.106299999170005,0.6163000070955604,0.298099999781698,12.796099996194243,18.816800002241507
5.468300005304627,0.7269000052474439,0.3284999984316528,12.555500012240373,19.079200021224096
5.049400002462789,0.606399989919737,0.25120000645983964,12.604000003193505,18.51100000203587
4.893699995591305,0.4589000018313527,0.25349999486934394,12.246800004504621,17.852899996796623
5.731500001274981,0.5641000025207177,0.3073999978369102,15.140800009248778,21.743800010881387
5.440599998109974,0.654699993901886,0.32049999572336674,12.832199994591065,19.24799998232629
5.4795000032754615,0.5842999962624162,0.24200000916607678,12.696999998297542,19.002800007001497
5.097300003399141,0.5629000079352409,0.3071999963140115,14.171200004057027,20.13860001170542
5.303600002662279,0.8489000028930604,0.45960000716149807,11.683599994285032,18.29570000700187
4.807199991773814,0.4837000014958903,0.24939999275375158,12.252399988938123,17.79269997496158
5.292599991662428,0.5416999920271337,0.2423999976599589,12.69650000904221,18.77319999039173
5.278299999190494,0.5848000000696629,0.3130999975837767,12.808700004825369,18.984900001669303
5.505399996764027,0.5756000027759001,0.30390000029001385,12.5908000045456,18.97570000437554
6.734999988111667,0.6477999995695427,0.3026000049430877,12.804400001186877,20.489799993811175
5.073499996797182,0.6194999878061935,0.30189999961294234,11.919099997612648,17.913999981828965
5.031799999414943,0.5113000079290941,0.24639999901410192,12.318799999775365,18.108300006133504
8.849599995301105,0.7951999868964776,0.3699000080814585,23.037299994030036,33.05199998430908
6.327800001599826,0.6261999951675534,0.30470000638160855,14.246099992305972,21.50479999545496
6.192800006829202,0.9232000011252239,0.32610000926069915,13.020099999266677,20.462200016481802
5.76559999899473,0.581199987209402,0.24670000129844993,12.47000000148546,19.063499988988042
6.5740999998524785,0.72080000245478,0.371300004189834,11.445399999502115,19.111600005999207
5.124000002979301,0.5119999987073243,0.24519998987670988,13.109499996062368,18.990699987625703
5.654900000081398,0.632499999483116,0.37220001104287803,13.074699993012473,19.734300003619865
5.711299992981367,0.5704000068362802,0.26020000223070383,11.697100009769201,18.239000011817552
5.966600001556799,1.1725000076694414,0.415000002249144,13.762400005361997,21.31650001683738
5.502100000740029,0.5724000075133517,0.3077000001212582,12.633300008019432,19.01550001639407
5.312699999194592,0.567600000067614,0.31039999157655984,12.375900012557395,18.56660000339616
5.528199995751493,0.5768999981228262,0.3051000094274059,12.701799991191365,19.11199999449309
5.207800000789575,0.6538999878102913,0.2998999989358708,12.666700000409037,18.828299987944774
5.195300007471815,0.46830000064801425,0.2555999963078648,12.289500009501353,18.208700013929047
4.975000003469177,0.610999995842576,0.26429998979438096,11.348799991537817,17.19909998064395
4.923100001178682,0.5003999976906925,0.251900011789985,10.85639999655541,16.53180000721477
6.60049999714829,0.6427000043913722,0.3741999971680343,13.66029999917373,21.277699997881427
4.623499989975244,0.49409999337513,0.24580000899732113,11.904200000572018,17.267599992919713
5.1069999899482355,0.6973999988986179,0.3727000002982095,11.483700000098906,17.66079998924397
5.562600010307506,0.7312999950954691,0.3951999970013276,12.4091000034241,19.098200005828403
5.485899993800558,0.7219000108307227,0.5056000081822276,12.803799996618181,19.51720000943169
6.941200001165271,0.7946999976411462,0.3930000093532726,12.693500000750646,20.822400008910336
5.447499992442317,0.6347000016830862,0.31290001061279327,12.721099992631935,19.11619999737013
5.102199997054413,0.6298999942373484,0.30189999961294234,12.560400005895644,18.594399996800348
5.480300009367056,0.5650999955832958,0.32310000096913427,13.223800007835962,19.592300013755448
5.32559999555815,0.4884999943897128,0.24599999596830457,12.847400008467957,18.907499994384125
5.1008000009460375,0.5683000053977594,0.30390000029001385,12.454700001399033,18.427700008032843
5.840400001034141,0.6640000065090135,0.30610000248998404,12.681599997449666,19.492100007482804
5.045899990363978,0.480200003948994,0.2530000056140125,11.406999998143874,17.18609999807086
5.360600000130944,0.5881999968551099,0.30450000485870987,12.629599994397722,18.882899996242486
3.6666999949375167,0.4698999982792884,0.2432000037515536,9.187899995595217,13.567699992563576
5.379100010031834,0.6299000087892637,0.3256999916629866,12.47450000664685,18.809200017130934
5.242999992333353,0.669100001687184,0.33090000215452164,12.83369999146089,19.076699987635948
5.133099999511614,1.3488999975379556,0.4754999972647056,13.353899994399399,20.311399988713674
6.199800001922995,0.6794999935664237,0.3007000050274655,12.400799998431467,19.58079999894835
5.236400000285357,0.5910000036237761,0.30270000570453703,14.832000000751577,20.962100010365248
5.160599990631454,0.5375000037020072,0.2538000117056072,12.250300002051517,18.202200008090585
5.890799991902895,0.6533999985549599,0.2555000100983307,13.049800007138401,19.849500007694587
8.021899993764237,1.06229999801144,0.47650000487919897,13.169700003345497,22.730400000000373
4.750300009618513,0.4650999908335507,0.24059999850578606,11.622800011537038,17.078800010494888
36.92779999983031,0.5364999960875139,0.254700004006736,16.852100001415238,54.5711000013398
5.057899994426407,0.47620000259485096,0.24389999452978373,14.123500004643574,19.901499996194616
5.095500004244968,0.5428000004030764,0.24880000273697078,12.338199987425469,18.225299994810484
5.573900009039789,0.5844999977853149,0.32219999411609024,12.780100005329587,19.26070000627078
5.163299996638671,0.5573000089498237,0.308599992422387,12.517799987108447,18.546999985119328
5.314000009093434,0.5763000081060454,0.3034999972442165,14.273599997977726,20.46740001242142
5.696799998986535,0.6226999976206571,0.3001000004587695,12.696899997536093,19.316499994602054
5.033699999330565,0.5071999912615865,0.2555999963078648,12.876100008725189,18.672599995625205
5.638400005409494,0.6294999911915511,0.33739999344106764,11.32020000659395,17.925499996636063
5.168000003322959,0.6089000089559704,0.2992999943671748,12.593199993716553,18.669400000362657
8.618400010163896,0.7871999987401068,0.5256000004010275,14.428199996473268,24.359400005778298
5.426200004876591,0.5906000005779788,0.31149999995250255,12.537199989310466,18.86549999471754
5.447799994726665,0.651299997116439,0.29910000739619136,12.805699996533804,19.2038999957731
5.251900001894683,0.5166000046301633,0.2440000098431483,13.78409999597352,19.796600012341514
5.095500004244968,0.48189998778980225,0.24480000138282776,12.86620000610128,18.68839999951888
5.093899992061779,0.48519999836571515,0.24179999309126288,12.685199995758012,18.50609997927677
5.393300001742318,0.5830000009154901,0.30980000155977905,12.580900001921691,18.86700000613928
4.984700004570186,0.5099999980302528,0.24369999300688505,12.246999991475604,17.98539998708293
5.260000005364418,0.4945999971823767,0.24580000899732113,13.268099995912053,19.26850000745617
5.851499998243526,0.5775000026915222,0.3071999963140115,11.966600010055117,18.702800007304177
5.471299999044277,0.5116999964229763,0.24730000586714596,12.916500010760501,19.1468000120949
5.983300012303516,0.60450000455603,0.3074999985983595,12.875400003395043,19.77070001885295
6.392599985701963,0.8070000039879233,0.37730000622104853,13.345700004720129,20.922600000631064
5.009700005757622,0.4948000132571906,0.24429999757558107,11.55210001161322,17.300900028203614
5.45820000115782,0.6436999974539503,0.30699999479111284,12.349700002232566,18.75859999563545
5.306499995640479,0.5964000010862947,0.3057000139961019,12.62779999524355,18.836400005966425
4.853599995840341,0.5058999959146604,0.2643999905558303,12.802199998986907,18.42609998129774
5.992699996568263,0.8088000031420961,0.33799999800976366,14.249100000597537,21.38859999831766
5.368199999793433,0.5262999911792576,0.258100000792183,12.817099996027537,18.96969998779241
5.120300003909506,0.5890000029467046,0.24989999656099826,11.223599998629652,17.18280000204686
5.118499990203418,0.6389000045601279,0.30440000409726053,15.454699998372234,21.51649999723304
5.3364999912446365,0.7419000030495226,0.2699999895412475,12.419299993780442,18.767699977615848
5.263000013655983,0.6076999998185784,0.3201999934390187,12.893999999505468,19.084900006419048
5.584499987890013,0.4923000087728724,0.26559999969322234,12.618200009455904,18.96060000581201
5.067600010079332,0.6242000090423971,0.29830000130459666,13.189200006308965,19.17930002673529
5.304100006469525,0.6996000010985881,0.3209999995306134,13.831899996148422,20.15660000324715
5.309700005454943,0.5282999918563291,0.24539999139960855,13.09659999969881,19.17999998840969
5.423299997346476,0.5647999932989478,0.3006000042660162,12.347299998509698,18.635999993421137
4.81959999888204,0.49739998939912766,0.25599999935366213,10.964800007059239,16.53779999469407
7.128400000510737,0.8174999966286123,0.42640000174287707,12.893199993413873,21.2654999922961
5.0180000107502565,0.5213999975239858,0.2494999935152009,11.880599995492958,17.6694999972824
5.7736000017030165,0.7479999912902713,0.3870000073220581,11.441900001955219,18.350500002270564
4.814200001419522,0.5481999978655949,0.24540000595152378,12.493200003518723,18.101000008755364
4.979100005584769,0.46830000064801425,0.24459999985992908,12.187300002551638,17.87930000864435
6.49169999815058,0.638699988485314,0.3164000081596896,13.480299996444955,20.92709999124054
6.1581999907502905,0.7184999994933605,0.37319998955354095,15.103300000191666,22.353199979988858
6.150300003355369,0.7252000068547204,0.37560000782832503,12.95150000078138,20.202600018819794
5.980299989460036,0.6858999986434355,0.35000000207219273,12.852900006691925,19.86909999686759
5.468499992275611,0.6412999937310815,0.31040000612847507,12.992600008146837,19.412800000282004
5.662800002028234,0.6444000027840957,0.2641000028233975,12.689399998635054,19.26070000627078
4.84189999406226,0.9966000070562586,0.36020000698044896,13.128099992172793,19.32680000027176
5.595900001935661,0.588800001423806,0.3020000003743917,12.743100000079721,19.22980000381358
5.9635000070557,0.759599992306903,0.40190000436268747,14.343000002554618,21.468000006279908
6.051300006220117,0.7237000099848956,0.377499993192032,12.659800006076694,19.81230001547374
5.151799996383488,0.5074000073364004,0.24500000290572643,13.349000000744127,19.253200007369742
5.728099989937618,0.5950000049779192,0.3099999885307625,12.761199992382899,19.3942999758292
5.9446999948704615,0.5723999929614365,0.2510999911464751,12.749000001349486,19.51719998032786
5.686200005584396,0.750000006519258,0.3922000032616779,11.985899996943772,18.814300012309104
5.358499998692423,0.5856000061612576,0.30699999479111284,12.709800008451566,18.96090000809636
5.487000002176501,0.633100004051812,0.30169999809004366,13.075299997581169,19.497100001899526
11.92389999050647,1.7053999908966944,0.5043999990448356,16.138999999384396,30.272699979832396
5.936799992923625,0.5588000058196485,0.27520000003278255,11.516799990204163,18.28759998898022
5.67600000067614,0.5296000017551705,0.24449999909847975,12.406199995893985,18.856299997423775
5.548999994061887,0.6424000021070242,0.3073999978369102,12.76030000008177,19.25909999408759
5.929200007813051,0.7524000102421269,0.3958000015700236,12.72620000236202,19.803600021987222
5.5411999928765,0.7419000030495226,0.3541999903973192,12.675999998464249,19.31329998478759
5.357600006391294,0.6198000046424568,0.3249000001233071,14.617199994972907,20.919500006129965
5.5961000034585595,0.6653000018559396,0.3113999991910532,11.471499994513579,18.04429999901913
5.405000003520399,0.6013999955030158,0.30780000088270754,12.73129999754019,19.045499997446314
5.043199998908676,0.6525000062538311,0.3012999950442463,13.807299998006783,19.804299998213537
5.202499989536591,0.6396999960998073,0.41029999556485564,12.228999999933876,18.48149998113513
4.906499991193414,0.4887999966740608,0.25019999884534627,12.916000006953254,18.561499993666075
5.042799995862879,0.7075000030454248,0.3232000017305836,12.841499992646277,18.914999993285164
5.811299997731112,0.6749000021954998,0.39539999852422625,12.686499991104938,19.568099989555776
5.641499999910593,0.6552999984705821,0.3080000024056062,12.798600000678562,19.403400001465343
6.269300007261336,0.744799996027723,0.4334999975981191,13.362300000153482,20.80990000104066
5.014299997128546,0.6996000010985881,0.3971999976783991,12.524400008260272,18.635500004165806
5.290699991746806,0.6418999982997775,0.30250000418163836,15.383899997686967,21.61899999191519
5.055500005255453,0.5063999997219071,0.24589999520685524,12.459499994292855,18.26729999447707
5.045199999585748,0.498099994729273,0.2426999999443069,12.572499996167608,18.358499990426935
5.43150000157766,0.6917000137036666,0.3133999998681247,13.321699996595271,19.758300011744723
5.174899997655302,0.5456999933812767,0.24629999825265259,12.449100002413616,18.415999991702847
5.61970000853762,0.5879999953322113,0.30020000122021884,14.950900003896095,21.458800008986145
5.520699996850453,0.6258999928832054,0.3006000042660162,12.326399999437854,18.77359999343753
5.5155000009108335,0.7775000121910125,0.4028999974252656,12.250800005858764,18.946700016385876
5.587999999988824,0.701400000252761,0.3578000032575801,11.411999992560595,18.05919999605976
7.932599997729994,0.8815999899525195,0.3428000054555014,12.733099996694364,21.89009998983238
4.457899995031767,0.4889999981969595,0.24480000138282776,11.787299998104572,16.978999992716126
5.274700000882149,0.6168999971123412,0.3017000126419589,12.20830000238493,18.40160001302138
4.80190000962466,0.5633000109810382,0.24710000434424728,12.370399999781512,17.982700024731457
6.0074000066379085,0.7151000027079135,0.3968999953940511,13.339900004211813,20.459300008951686
8.266099990578368,0.614399992628023,0.31290001061279327,12.282800002139993,21.476199995959178
5.5228999990504235,0.6359000108204782,0.3015999973285943,12.972299999091774,19.43270000629127
5.758400002378039,0.7096000044839457,0.3074999985983595,12.410399998771027,19.18590000423137
7.691599996178411,0.8893999911379069,0.3595000016503036,12.999699989450164,21.940199978416786
5.679000008967705,0.6455000111600384,0.36499999987427145,12.700999999651685,19.3905000196537
5.084600008558482,0.5858000076841563,0.3043000033358112,12.879399990197271,18.85410000977572
5.475799989653751,0.7337999995797873,0.3716999926837161,12.602800008608028,19.184099990525283
5.234299998846836,0.7089999999152496,0.38440000207629055,12.263899989193305,18.591599990031682
5.0254000088898465,0.7626000005984679,0.6542999908560887,18.531699999584816,24.97399999992922
5.7453000044915825,0.8053999918047339,0.5816000048071146,12.730200003716163,19.862500004819594
5.223999993177131,0.7667999889235944,0.3863000019919127,11.62330000079237,18.000399984885007
6.53690000763163,1.1975000088568777,0.5444999987957999,13.938499992946163,22.21740000823047
5.5155000009108335,0.5966000026091933,0.32720000308472663,12.616699998034164,19.056000004638918
5.174799996893853,0.4952999879606068,0.2641000028233975,12.83730000432115,18.771499991999008
4.929700007778592,0.5072000058135018,0.2736000024015084,12.649500000406988,18.36000001640059
5.444700000225566,0.9282999963033944,0.3741000109585002,12.850099999923259,19.59720000741072
5.649099999573082,0.7110000005923212,0.38019999919924885,15.605099993990734,22.345399993355386
5.199499995796941,0.5602999881375581,0.30929999775253236,12.816700007533655,18.885799989220686
5.388200006564148,0.745700002880767,0.34860000596381724,12.606899996171705,19.089400011580437
6.954600001336075,0.8602000016253442,0.4388999950606376,14.589200000045821,22.842899998067878
5.028700004913844,0.6475000118371099,0.305800000205636,12.675699996179901,18.65770001313649
4.989799999748357,0.5072000058135018,0.24559999292250723,12.729599999147467,18.472199997631833
5.6465999950887635,0.6022000015946105,0.38610000046901405,11.398499991628341,18.03339998878073
4.967800006852485,0.49160000344272703,0.2933999930974096,12.539800009108149,18.29260001250077
4.995099996449426,0.48919999971985817,0.25510000705253333,14.256400012527592,19.99580001574941
7.140000001527369,0.6621000065933913,0.3741999971680343,13.050300010945648,21.226600016234443
4.97519999044016,0.5095999949844554,0.24510000366717577,12.625800009118393,18.355699998210184
5.12929999968037,0.502099996083416,0.2555000100983307,15.682199998991564,21.56910000485368
5.655400003888644,0.5927000020164996,0.30359999800566584,12.757100004819222,19.30880000873003
5.1195999985793605,0.49819999549072236,0.25209999876096845,11.605399995460175,17.475299988291226
5.394599997089244,0.7212999917101115,0.3888000064762309,11.353199995937757,17.857899991213344
5.148399999598041,0.632800001767464,0.3014000103576109,11.712399995303713,17.79500000702683
5.283399994368665,0.654699993901886,0.30130000959616154,12.108099996112287,18.347499993979
7.116799999494106,0.6853999948361889,0.3542000049492344,13.681299999007024,21.837699998286553
5.702800001017749,0.6164999940665439,0.3049000079045072,12.891699996544048,19.51589999953285
5.204900007811375,0.5302999925334007,0.24290000146720558,11.156299995491281,17.134399997303262
5.951700004516169,0.8191999950213358,0.3254000039305538,14.89170000422746,21.98800000769552
4.89229999948293,0.5001000099582598,0.24510000366717577,12.789400003384799,18.426900016493164
5.187600007047877,0.6386000022757798,0.30169999809004366,12.393899989547208,18.521799996960908
5.355400004191324,0.669100001687184,0.30270000570453703,12.921599991386756,19.2488000029698
5.517799989320338,0.8821999945212156,0.32550000469200313,12.69289999618195,19.418399984715506
5.1229999953648075,0.7146999996621162,0.35579998802859336,13.835599995218217,20.029099978273734
5.392000006395392,0.6481000018538907,0.33059999987017363,12.747500004479662,19.118200012599118
4.8439000092912465,0.6548000092152506,0.3001000004587695,12.698699996690266,18.497500015655532
5.059299990534782,0.5163000023458153,0.2457000082358718,15.190999998594634,21.012299999711104
4.899800012935884,0.4901999927824363,0.24459999985992908,11.932499997783452,17.567100003361702
5.425099996500649,0.5698000022675842,0.307999987853691,12.63719999406021,18.940099980682135
5.546000000322238,0.6917999999132007,0.32550000469200313,12.742400009301491,19.305700014228933
5.008699998143129,0.5184000037843361,0.24680000205989927,12.482500009355135,18.2564000133425
5.550699992454611,0.6120999896666035,0.305499997921288,14.245400001527742,20.713699981570244
5.735800004913472,0.6667999987257645,0.30590000096708536,13.456100001349114,20.164600005955435
5.175500002223998,0.5118999979458749,0.264599992078729,12.792800000170246,18.744799992418848
4.240100010065362,0.48830000741872936,0.24249999842140824,16.00079999479931,20.971700010704808
5.055799992987886,0.5258000019239262,0.2454999921610579,12.924500013468787,18.751600000541657
5.703699993318878,0.6118000019341707,0.30699999479111284,12.418099999194965,19.040599989239126
4.7130000020843,0.487900004372932,0.28700000257231295,12.150299997301772,17.638200006331317
5.218500009505078,0.6403000006685033,0.2998999989358708,12.546700003440492,18.705400012549944
5.466699993121438,0.5035999929532409,0.25349999486934394,13.279099992359988,19.50289997330401
5.894100002478808,0.6619999912800267,0.3026000049430877,12.6730000047246,19.531700003426522
4.98630000220146,0.5360999930417165,0.24700000358279794,12.772599991876632,18.541999990702607
5.244100000709295,0.4918000049656257,0.24160000612027943,15.170800004852936,21.148300016648136
5.487900009029545,0.6216000037966296,0.308899994706735,13.014000011025928,19.432400018558837
5.151100005605258,0.595899997279048,0.2948000037577003,11.994599990430288,18.036399997072294
5.507699999725446,0.7102999952621758,0.36979999276809394,12.732000002870336,19.319799990626052
5.13160000264179,0.5781999934697524,0.30250000418163836,12.385699999867938,18.39800000016112
5.53379999473691,0.6170999986352399,0.3053999971598387,12.319599991315044,18.775899981847033
6.151000008685514,0.8688000089023262,0.3364999865880236,13.910499998019077,21.26680000219494
5.467499999213032,0.6028999923728406,0.3062000032514334,12.2107000061078,18.587300000945106
5.4567999904975295,0.7346999918809161,0.40770000487100333,13.182099995901808,19.781299983151257
5.429500000900589,0.5506999877979979,0.24979999579954892,10.832900006789714,17.06289999128785
5.047600003308617,0.7610000029671937,0.32449999707750976,12.643399997614324,18.776500000967644
5.792800002382137,0.5975000094622374,0.301499996567145,12.476900010369718,19.168700018781237
5.1811000012094155,0.7131999882403761,0.3674999898066744,12.638000000151806,18.89979997940827
5.584300000919029,0.5210999952396378,0.24550000671297312,11.712300009094179,18.06320001196582
7.875199997215532,0.6576000014320016,0.4388999950606376,14.12349999009166,23.09519998379983
5.2223000093363225,0.6356000085361302,0.2953999937744811,12.344399990979582,18.497700002626516
5.046700011007488,0.5095999949844554,0.24790001043584198,12.41130000562407,18.215500022051856
9.34439999400638,0.5340000061551109,0.2449000021442771,12.567300000227988,22.690600002533756
5.049900006270036,0.5191999953240156,0.2494000073056668,11.169700010214001,16.98820001911372
5.4432000033557415,0.6947999936528504,0.5143000016687438,13.01219999731984,19.664499995997176
5.560299992794171,0.8621000015409663,0.46919999294914305,12.730100002954714,19.621699990238994
5.546600004890934,0.6537000008393079,0.3147999959765002,12.760899990098551,19.275999991805293
5.798800004413351,0.5619000003207475,0.3014000103576109,12.923600006615743,19.585700021707453
5.224000007729046,0.6933000113349408,0.3175999881932512,12.622900001588278,18.857800008845516
5.12479999451898,0.6504000048153102,0.3009999927598983,12.44030000816565,18.51650000025984
5.243499996140599,0.6603999936487526,0.3062000032514334,12.591200007591397,18.80130000063218
5.045600002631545,0.6080000021029264,0.3063000040128827,13.22249999793712,19.182400006684475
6.876400002511218,0.7048999977996573,0.40750000334810466,13.59010000305716,21.57890000671614
7.40580000274349,0.767599995015189,0.38309999217744917,15.036600001621991,23.59309999155812
5.74860000051558,0.7438000029651448,0.3938000008929521,22.499800004879944,29.38600000925362
6.432399997720495,0.7026999955996871,0.30949999927543104,12.771900001098402,20.216499993694015
5.353699991246685,0.535300001502037,0.24179999309126288,13.386699996772222,19.517499982612208
8.04450000578072,0.6240000075194985,0.32140000257641077,12.614899998879991,21.60480001475662
6.121099999290891,0.7480999920517206,0.4030999989481643,12.449300003936514,19.72159999422729
5.653000000165775,0.6245999975362793,0.2975000097649172,13.64770000509452,20.222800012561493
5.895900001632981,0.6525000062538311,0.34169999707955867,13.313299990841188,20.20339999580756
6.275600011576898,0.7441000052494928,0.3865000035148114,12.310499994782731,19.716700015123934
11.205699993297458,6.181899996590801,1.7602000007173046,19.354599993675947,38.50239998428151
5.596300004981458,0.5289999971864745,0.26500000967644155,12.566400007926859,18.956700019771233
11.143700001412071,0.6148999964352697,0.25560001085978,13.508899995940737,25.52310000464786
6.63749998784624,1.128100004279986,0.40299999818671495,13.909600005717948,22.07819999603089
5.88640000205487,0.6625000096391886,0.31069999386090785,13.957200004369952,20.81680000992492
5.540600002859719,0.5361000075936317,0.2573999954620376,12.685299996519461,19.01940000243485
5.51380000251811,0.7759000000078231,0.31630000739824027,12.823700002627447,19.42970001255162
5.079500013380311,0.7719999994151294,0.345199994626455,17.66509999288246,23.861800000304356
5.272599999443628,0.5396999913500622,0.2423000114504248,12.79660000000149,18.851200002245605
5.314299996825866,0.8306999952765182,0.34109999251086265,12.90399998833891,19.390099972952157
5.659100002958439,0.6244000105652958,0.29889999132137746,12.776399991707876,19.35879999655299
5.5296999926213175,0.5154000100446865,0.2491999912308529,12.599699999555014,18.89399999345187
5.228299996815622,0.7660999981453642,0.33150000672321767,12.599499998032115,18.92539999971632
5.417400010628626,0.6744999991497025,0.3443000023253262,12.610999998287298,19.047200010390952
5.0309999933233485,0.606999994488433,0.24389999452978373,12.61950000480283,18.501399987144396
5.433199999970384,0.6098000012570992,0.305499997921288,14.423800006625243,20.772300005774014
5.439900007331744,0.7120000082068145,0.3727000002982095,11.856199998874217,18.380800014710985
5.701599991880357,0.549100004718639,0.24760000815149397,12.212899993755855,18.711199998506345
5.346299993107095,0.5443999980343506,0.2415999915683642,11.837100013508461,17.96939999621827
6.216900001163594,0.7063999946694821,0.3552999987732619,12.795500006177463,20.0741000007838
4.934000011417083,0.6314000056590885,0.32730000384617597,12.628099997527897,18.520800018450245
4.872900011832826,0.5091999919386581,0.2423999976599589,12.218600008054636,17.84310000948608
5.083700001705438,0.6446999905165285,0.43819998973049223,11.611800000537187,17.778399982489645
5.474100005812943,0.5094999942230061,0.24429999757558107,12.690400006249547,18.918300003861077
7.31840000662487,0.8278000022983178,0.3367000026628375,13.183499992010184,21.66640000359621
5.056599999079481,0.6585000082850456,0.3105999930994585,12.798700001440011,18.824400001903996
5.48559999151621,0.5058000097051263,0.24389999452978373,12.611999991349876,18.847299987100996
5.343299999367446,0.5298999894876033,0.24459999985992908,12.627300005988218,18.745099994703196
5.308699997840449,0.588800001423806,0.31040000612847507,11.450399993918836,17.658299999311566
5.179400002816692,0.6466000049840659,0.30479999259114265,12.711799994576722,18.842599994968623
5.078100002720021,0.5703000060748309,0.30729999707546085,12.424300002749078,18.38000000861939
5.040499992901459,0.5138999986229464,0.24909999046940356,12.645999988308176,18.449499970301986
7.983799994690344,0.9785000002011657,0.2927000023191795,13.863900006981567,23.118900004192255
5.117599997902289,0.5288999964250252,0.2477000089129433,12.650500008021481,18.54470001126174
6.420400008209981,0.601100007770583,0.3071999963140115,12.799700009054504,20.12840002134908
5.096599998068996,0.8405999979004264,0.2702000056160614,11.447800003224984,17.655200004810467
5.093500003567897,0.6339000101434067,0.30679999326821417,12.820599993574433,18.85480000055395
5.132999998750165,0.643899998976849,0.30189999961294234,12.582199997268617,18.660999994608574
4.854100014199503,0.4862000059802085,0.24619999749120325,12.786199993570335,18.37270001124125
5.130199991981499,0.6174000009195879,0.31210000452119857,12.521399999968708,18.581099997390993
6.313000005320646,0.5922999989707023,0.25070000265259296,13.017900011618622,20.173900018562563
5.703000002540648,0.6440000142902136,0.3333000058773905,12.712299998383969,19.39260002109222
9.311299989349209,0.8701999904587865,0.37779999547638,13.134300010278821,23.693599985563196
5.290400004014373,0.5930000043008476,0.3082000039285049,12.6419000007445,18.833500012988225
4.838799999561161,0.5193999968469143,0.25610000011511147,12.16769999882672,17.781999995349906
4.807700010132976,0.5119000124977902,0.2420999953756109,12.298499990720302,17.86020000872668
5.423700000392273,0.6373000069288537,0.30309999419841915,12.53279999946244,18.896900000981987
5.483499990077689,0.5708999960916117,0.3097000007983297,12.999200000194833,19.363299987162463
6.161299999803305,0.7410999969579279,0.4118000069865957,13.584300002548844,20.898500006296672
7.687000004807487,0.8409000001847744,0.3789000038523227,12.015599990263581,20.922399999108166
12.029399993480183,0.6468999927164987,0.3117000014754012,12.970199997653253,25.958199985325336
5.474499994306825,0.6145000079413876,0.3144999936921522,13.198000000556931,19.601499996497296
5.443999994895421,0.6025000038789585,0.30640000477433205,12.932600002386607,19.28550000593532
5.226799999945797,0.6828999903518707,0.32330000249203295,12.729399997624569,18.96239999041427
5.05519998841919,0.571600001421757,0.30519999563694,12.032399987219833,17.96439997269772
5.695500003639609,0.6431000074371696,0.3028999926755205,12.667799994233064,19.309299997985363
6.718299991916865,0.8090000046649948,0.4098999925190583,13.489699995261617,21.426899984362535
5.140599998412654,0.686999992467463,0.37930000689812005,12.445499989553355,18.65239998733159
5.00790000660345,0.5440000095404685,0.2992999943671748,12.94909999705851,18.800300007569604
4.944100001011975,0.5072000058135018,0.24480000138282776,12.458199998945929,18.154300007154234
4.82999999076128,0.49020000733435154,0.25830000231508166,12.712700001429766,18.29120000184048
4.523900002823211,0.47139999514911324,0.25240000104531646,11.104199991677888,16.35189999069553
5.481600004713982,0.7083000091370195,0.3701999958138913,13.066599989542738,19.62669999920763
5.020299999159761,0.7049999985611066,0.33409999741706997,12.786199993570335,18.845599988708273
5.326500002411194,0.5949999904260039,0.3085000062128529,12.84039999882225,19.0703999978723
6.5260999981546775,0.7431999983964488,0.344299987773411,13.579099992057309,21.192699976381846
5.198599988943897,0.6793999928049743,0.30110000807326287,12.385299996822141,18.564399986644275
5.246200002147816,0.6466999911936,0.3012999950442463,12.0121000072686,18.206299995654263
5.165700000361539,0.5035000067437068,0.2538999979151413,11.443399998825043,17.36650000384543
4.681600010371767,0.5001999961677939,0.24649999977555126,12.635100007173605,18.063400013488717
4.846499999985099,0.5112999933771789,0.24290000146720558,12.627999996766448,18.22869999159593
4.84409999626223,0.4958000063197687,0.2536999963922426,11.853099989821203,17.446699988795444
5.431900004623458,0.6349999894155189,0.3003000019816682,12.685199995758012,19.052399991778657
6.4796000078786165,0.7699999987380579,0.3919000009773299,12.766300002112985,20.40780000970699
5.1521999994292855,0.7431999983964488,0.34729999606497586,12.92930000636261,19.17200000025332
7.393400010187179,0.7572000031359494,0.4107999993721023,12.941099994350225,21.502500007045455
4.936800003633834,0.5228999943938106,0.2457999944454059,12.643800000660121,18.349299993133172
5.339399998774752,0.6065000052331015,0.30339999648276716,13.069400010863319,19.31870001135394
4.874099991866387,0.6362999993143603,0.3927000070689246,12.773400012520142,18.676500010769814
5.151200006366707,0.6417000113287941,0.2994999958900735,12.60250000632368,18.694900019909255
4.652299990993924,0.47300000733230263,0.3032000095117837,12.477800002670847,17.906300010508858
4.753400004119612,0.4879999905824661,0.2808999997796491,15.339400008087978,20.861700002569705
5.4001000098651275,0.7276000105775893,0.25610000011511147,12.642700006836094,19.026500027393922
5.732999998144805,0.6293000042205676,0.3071999963140115,12.921600005938672,19.591100004618056
5.24119999317918,0.5899999960092828,0.3031999949598685,12.770299988915212,18.904699973063543
5.236299999523908,0.6390000053215772,0.30729999707546085,12.197499992907979,18.380099994828925
5.298299991409294,0.5807999987155199,0.3036999987671152,13.175600004615262,19.35839999350719
5.519400001503527,0.6043000030331314,0.3056999994441867,12.863700001616962,19.293100005597807
5.522100007510744,0.7063999946694821,0.3364000003784895,12.623699993127957,19.188599995686673
5.334699992090464,0.6207999977050349,0.3132999991066754,18.96359999955166,25.232399988453835
4.777599999215454,0.5262999911792576,0.2539000124670565,13.851099996827543,19.40889999968931
5.254599993349984,0.6474999972851947,0.3003000019816682,12.890900005004369,19.093299997621216
5.295900002238341,0.738300004741177,0.3620000061346218,12.55959999980405,18.95580001291819
4.996499992557801,0.5171999946469441,0.24489998759236187,12.50699999218341,18.265599966980517
5.463900000904687,0.6606999959331006,0.3034000110346824,12.190299996291287,18.618300004163757
4.718399999546818,0.5946000019321218,0.2457999944454059,12.90549999976065,18.464299995684996
4.895599995506927,0.5631999956676736,0.24190000840462744,11.164299998199567,16.864999997778796
4.9112999986391515,0.48859999515116215,0.24670000129844993,12.334200000623241,17.980799995712005
7.194499994511716,0.9206000104313716,0.40859999717213213,13.59579998825211,22.11949999036733
4.793499989318661,0.5056000081822276,0.2435000060359016,13.804100002744235,19.346700006281026
4.93530000676401,0.5021999968448654,0.25069998810067773,12.741300000925548,18.4294999926351
5.15379999706056,0.5971999926259741,0.3015000111190602,12.774799994076602,18.827299994882196
5.578099997364916,0.6597000028705224,0.37959999463055283,12.83230000990443,19.44970000477042
5.1730999985011294,0.509400008013472,0.24459999985992908,12.492499998188578,18.419600004563108
4.822899994906038,0.5073999927844852,0.24599999596830457,12.643599999137223,18.21989998279605
5.739999993238598,0.5853000038769096,0.30189999961294234,11.57420000527054,18.20140000199899
3.401500012842007,0.4594000056385994,0.2398000069661066,11.605600011534989,15.706300036981702
5.588200001511723,0.7256999961100519,0.385499995900318,15.20870000240393,21.908099995926023
5.529800007934682,0.6376999954227358,0.3181000065524131,12.650799995753914,19.136400005663745
5.119499997817911,0.5747999966843054,0.3046000056201592,12.745999993057922,18.744899993180297
4.761400006827898,0.5882999976165593,0.2426999999443069,12.64999998966232,18.242399994051084
4.8349999997299165,0.49259999650530517,0.24539999139960855,12.596999993547797,18.169999981182627
4.807999997865409,0.512800004798919,0.25599999935366213,11.633600006462075,17.210400008480065
5.1088000036543235,0.5135999963385984,0.24429999757558107,12.618900000234134,18.485599997802638
4.91969998984132,0.4884000081801787,0.24510000366717577,12.644300004467368,18.297500006156042
5.373599997255951,0.6485999911092222,0.2989999920828268,15.182200004346669,21.50339998479467
6.053499993868172,0.5214999982854351,0.2514000079827383,16.786300009698607,23.612700009834953
5.251700000371784,0.6051999953342602,0.29999999969732016,12.67659998848103,18.833499983884394
4.698599994299002,0.512800004798919,0.2443999983370304,11.981099989498034,17.436899986932985
4.8756000032881275,0.538399996003136,0.2494999935152009,12.519300013082102,18.182800005888566
5.100299997138791,0.6599999906029552,0.29910000739619136,12.314200008404441,18.37360000354238
5.236700002569705,0.5568999913521111,0.26169999910052866,14.256399997975677,20.311699990998022
5.356099994969554,0.5760999920312315,0.28110000130254775,12.587500008521602,18.800799996824935
5.580700002610683,0.628499998128973,0.2852000034181401,12.961800006451085,19.45620001060888
5.909500003326684,0.6673000025330111,0.5323999939719215,13.115299996570684,20.2244999964023
5.252199989627115,0.6239000067580491,0.31439999293070287,12.805000005755574,18.99549999507144
5.292699992423877,0.6973999988986179,0.3429999924264848,12.809699997887947,19.142799981636927
4.688300003181212,0.55929999507498,0.24240001221187413,12.41209999716375,17.902100007631816
4.66710000182502,0.4932999872835353,0.25689999165479094,11.61349999892991,17.030799979693256
5.092399995191954,0.5321999924490228,0.25519999326206744,12.805599995772354,18.6853999766754
5.518499994650483,0.5825999978696927,0.3104999923380092,12.667499991948716,19.0790999768069
4.89959999686107,0.6272999889915809,0.29779999749735,11.552600000868551,17.377299984218553
4.7657999966759235,0.48349999997299165,0.24590000975877047,15.008700007456355,20.50390001386404
7.9916999966371804,1.9765000033657998,0.5594999965978786,15.542199995252304,26.069899991853163
5.064400000264868,0.5078000103821978,0.24480000138282776,12.648200005060062,18.465200017089956
5.583799997111782,0.8209999941755086,0.4391999973449856,12.33440000214614,19.178399990778416
5.584900005487725,0.8071000047493726,0.40160000207833946,11.878100005560555,18.67170001787599
5.103200004668906,0.6312000041361898,0.3772000054595992,11.85789999726694,17.969500011531636
4.812400002265349,0.5146000039530918,0.24419999681413174,12.710700000752695,18.281900003785267
4.873099998803809,0.490999998874031,0.2432000037515536,12.414600001648068,18.021900003077462
5.541899998206645,0.6161999917821959,0.3082000039285049,13.40630000049714,19.872599994414486
5.777800004580058,0.7163000118453056,0.3888000064762309,12.973499993677251,19.856400016578846
5.230599999777041,0.7681999995838851,0.3859999997075647,12.569600003189407,18.9544000022579
4.917600002954714,0.5188999930396676,0.38649998896289617,12.451799993868917,18.274799978826195
5.074600005173124,0.5212999967625365,0.2460999967297539,12.714700002106838,18.556700000772253
5.332000000635162,0.7377000001724809,0.30080000578891486,12.694899996859021,19.06540000345558
4.863100009970367,0.4861999914282933,0.24219999613706023,12.221500001032837,17.812999998568557
4.877600003965199,0.5485000001499429,0.29930000891909003,11.351199995260686,17.076600008294918
5.775099998572841,0.9144000068772584,0.4702000005636364,15.147299985983409,22.306999991997145
5.96860000223387,0.6012000085320324,0.31370000215247273,12.569700003950857,19.453200016869232
8.580800000345334,0.5247000080998987,0.2440999960526824,12.185799991129898,21.535399995627813
5.443300004117191,0.6494000117527321,0.30839999089948833,12.871999992057681,19.273099998827092
6.19390000065323,0.6575000006705523,0.34669999149627984,13.43730000371579,20.635399996535853
5.878999989363365,0.7685000018682331,0.38910000876057893,12.465199994039722,19.5017999940319
5.506500005139969,0.7390999962808564,0.3718000079970807,12.254899993422441,18.872300002840348
5.505200009793043,0.6878000131109729,0.36130000080447644,12.766700005158782,19.321000028867275
5.401100002927706,0.6794000073568895,0.30839999089948833,14.620799993281253,21.009699994465336
7.361500000115484,0.6604999944102019,0.3117000014754012,14.697300008265302,23.03100000426639
5.837199991219677,0.6843000010121614,0.3037999995285645,12.915400002384558,19.74069999414496
5.263799990643747,0.665700004901737,0.30509999487549067,12.658800013014115,18.89340000343509
5.6324000033782795,0.7334000110859051,0.39010000182315707,12.603000010130927,19.35890002641827
5.477200000314042,0.606999994488433,0.30860000697430223,12.71219999762252,19.104999999399297
5.687600001692772,0.6716000061715022,0.3195999888703227,12.582999988808297,19.261799985542893
5.311500004609115,0.6081999890739098,0.34389999927952886,12.313900006120093,18.577499999082647
6.5851999970618635,0.7530000002589077,0.3904000041075051,12.778999996953644,20.50759999838192
5.944199991063215,0.7388999947579578,0.3808000037679449,13.963099991087802,21.02699998067692
5.789900009403937,0.5969000048935413,0.3139000036753714,12.836699999752454,19.537400017725304
5.31450001290068,0.6504000048153102,0.2955999952973798,12.379499996313825,18.640000009327196
5.478399994899519,0.6773000059183687,0.32339998870156705,12.778899996192195,19.25799998571165
5.185899994103238,0.6373999931383878,0.3017000126419589,12.713499992969446,18.83849999285303
5.349800005205907,0.6604000082006678,0.3031999949598685,12.865400000009686,19.17880000837613
5.251999988104217,0.6276000058278441,0.24870000197552145,12.790400010999292,18.918700006906874
5.953700005193241,0.6906000053277239,0.2673999988473952,14.684200010378845,21.595900019747205
5.442800000309944,0.6706999993184581,0.3034999972442165,15.576199992210604,21.993199989083223
4.991000008885749,0.5873000045539811,0.3505999920889735,12.616000007255934,18.544900012784638
5.395899992436171,0.5960999988019466,0.31319999834522605,12.667000002693385,18.972199992276728
5.259300000034273,0.5872000037925318,0.2741000062087551,12.647399998968467,18.768000009004027
5.480099993292242,0.6681999948341399,0.2722000062931329,12.558600006741472,18.979100001160987
5.448000010801479,0.555599996005185,0.2575999969849363,12.271599989617243,18.532799993408844
5.620299998554401,0.6897999992361292,0.2626000059535727,12.61220000742469,19.184900011168793
5.770299991127104,0.8082999993348494,0.39289999403990805,12.89520000864286,19.86669999314472
12.818199989851564,3.054500004509464,0.42409999878145754,13.814799996907823,30.11159999005031
6.108100002165884,0.6785000005038455,0.3105000068899244,12.940599990542978,20.03770000010263
5.441400004201569,0.6790000043110922,0.3015999973285943,12.453800009097904,18.87580001493916
4.866700008278713,0.5258999881334603,0.24179999309126288,12.672899989411235,18.30729997891467
5.162300003576092,0.5509000038728118,0.2641000028233975,12.00849999440834,17.98580000468064
4.756099995574914,0.5409000004874542,0.3865000035148114,12.330300000030547,18.013799999607727
5.437800005893223,0.5880999960936606,0.2469000028213486,11.667200000374578,17.94000000518281
4.694000002928078,0.5593999958364293,0.24059999850578606,12.479199998779222,17.973199996049516
5.162100002053194,0.8379999926546589,0.43759999971371144,13.971799999126233,20.409499993547797
5.5641000071773306,0.560200001928024,0.2896999940276146,12.595500011229888,19.009500014362857
6.778899987693876,0.7685000018682331,0.43500000901985914,12.5084000028437,20.49080000142567
5.921399992075749,0.6556999869644642,0.3254000039305538,12.604300005477853,19.50679998844862
5.297900002915412,0.7627000013599172,0.3929999948013574,12.660399996093474,19.11399999517016
5.308300009346567,0.6046000053174794,0.3029999934369698,12.785699989763089,19.001599997864105
4.880699998466298,0.5246999935479835,0.24680000205989927,11.360699994838797,17.012899988912977
5.9597000072244555,0.7371999963652343,0.31570000282954425,12.277000001631677,19.28960000805091
5.023699995945208,0.48210000386461616,0.24530000519007444,11.241500003961846,16.992600008961745
6.04130000283476,0.9474999969825149,0.3361999988555908,15.272999997250736,22.5979999959236
5.195500008994713,0.5800000071758404,0.30590000096708536,12.622299997019581,18.70370001415722
5.317099989042617,0.5880999960936606,0.3090000100200996,12.79959999374114,19.013799988897517
5.397000000812113,0.61039999127388,0.3046000056201592,12.66780000878498,18.979800006491132
5.921999996644445,0.6961999897612259,0.3071999963140115,12.712600000668317,19.637999983388
5.316599999787286,0.6329000025289133,0.30020000122021884,12.80909999331925,19.05879999685567
5.3659999975934625,0.6562999915331602,0.30100000731181353,12.942300003487617,19.265599999926053
4.949499998474494,0.502099996083416,0.24810001195874065,11.589300003834069,17.28900001035072
6.128100008936599,0.6614000012632459,0.30309999419841915,13.009100002818741,20.101700007217005
4.727499996079132,0.755899993237108,0.38670000503771007,12.005099997622892,17.875199991976842
4.628800001228228,0.5812000017613173,0.2494000073056668,12.05360000312794,17.513000013423152
5.244400002993643,0.6468999927164987,0.30059998971410096,12.336399988271296,18.52829997369554
4.844499999308027,0.7563999970443547,0.38779999886173755,12.214500005939044,18.203200001153164
5.274700000882149,0.6900000007590279,0.2564000023994595,12.568499994813465,18.7895999988541
5.604999998467974,0.9130000107688829,0.42810000013560057,12.818800008972175,19.764900018344633
5.290699991746806,0.6236000044737011,0.3056999994441867,12.542800002847798,18.76279999851249
6.108799992944114,0.7591999892611057,0.3330000035930425,12.458700002753176,19.659699988551438
5.713899998227134,0.7502999942516908,0.38300000596791506,11.343999998643994,18.191199997090735
5.0277999980608,0.589100003708154,0.3156000020680949,11.567299996386282,17.49980000022333
5.118300003232434,0.6067000067560002,0.30420000257436186,12.53819999692496,18.567400009487756
5.210699993767776,0.5914000066695735,0.32759999157860875,12.925299990456551,19.05499998247251
5.174499994609505,0.5310999986249954,0.2443999983370304,12.39960000384599,18.34959999541752
4.9119000032078475,0.490399994305335,0.2406999992672354,12.077000006684102,17.72000000346452
5.397200002335012,0.7773999968776479,0.3896999987773597,19.318699996802025,25.882999994792044
8.017000000108965,0.8432000031461939,0.34180001239292324,12.548800004879013,21.750800020527095
4.93599999754224,0.49760000547394156,0.24470000062137842,11.140399990836158,16.818699994473718
4.700799996498972,0.47300000733230263,0.2420999953756109,11.802900000475347,17.218799999682233
5.309800006216392,0.6759000098099932,0.3141999914078042,11.683699995046481,17.98360000248067
5.1071000052616,0.6470000080298632,0.3104999923380092,12.20110000576824,18.265700011397712
5.777700003818609,0.830000004498288,0.43259999074507505,12.711700008367188,19.75200000742916
5.602399993222207,0.793100000009872,0.37959999463055283,12.703100001090206,19.478199988952838
4.951499999151565,0.5283000064082444,0.2474000066285953,15.875099998083897,21.6023000102723
6.604100010008551,0.9103000047616661,0.4056000034324825,13.132199994288385,21.052200012491085
5.409200006397441,0.7632000051671639,0.38809998659417033,12.390800009598024,18.9513000077568
5.307500003254972,0.7004999933997169,0.40299999818671495,12.960500011104159,19.371500005945563
5.569200002355501,0.7444000075338408,0.345499996910803,12.78840001032222,19.447500017122366
4.9992999993264675,0.5414000042947009,0.24459999985992908,12.585300006321631,18.37060000980273
5.344400007743388,0.6363000138662755,0.25019999884534627,12.58320000488311,18.81410002533812
4.938800004310906,0.5130000063218176,0.24419999681413174,13.078200005111285,18.77420001255814
4.951700000674464,0.4906000103801489,0.2452000044286251,19.26370000001043,24.95120001549367
5.276199997751974,0.6673000025330111,0.3032999957213178,12.33739999588579,18.584199991892092
5.178499995963648,0.6189999985508621,0.3065000055357814,12.033200007863343,18.137200007913634
5.428100004792213,0.7284000021172687,0.38189999759197235,11.545000001206063,18.083400005707517
5.128000004333444,0.5059999966761097,0.2521999995224178,12.223799989442341,18.109999989974312
5.147100004251115,0.774900006945245,0.3193000011378899,12.560799994389527,18.802100006723776
5.2866000041831285,0.6128999957581982,0.30220000189729035,12.185599989606999,18.387299991445616
5.066099998657592,0.5248999950708821,0.2440000098431483,12.633399994228967,18.46839999780059
4.268700009561144,0.4867999959969893,0.2440000098431483,11.459400004241616,16.458900019642897
14.695699996082112,0.7437000022036955,0.32839999767020345,13.741500006290153,29.509300002246164
5.040899995947257,0.5506000015884638,0.2538999979151413,12.166499989689328,18.01189998514019
5.328500003088266,0.5894999922020361,0.2426999999443069,11.706799996318296,17.867499991552904
4.717000003438443,0.5369999998947605,0.2496999950380996,12.535800007754005,18.03950000612531
5.112600003485568,0.5952999927103519,0.30529999639838934,12.487800006056204,18.500999998650514
4.886900002020411,0.49700000090524554,0.24780000967439264,12.591000006068498,18.222700018668547
5.242400002316572,0.5442999972729012,0.2517000102670863,13.031700000283308,19.070100010139868
5.714099999750033,0.5689999961759895,0.24739999207668006,12.659999993047677,19.19049998105038
4.9938000011025,0.5721000052290037,0.2994999958900735,21.655899996403605,27.52129999862518
5.3050999995321035,0.7474999874830246,0.3800999984377995,11.236300008022226,17.668999993475154
5.313999994541518,0.5369000136852264,0.24710000434424728,12.03939999686554,18.137400009436533
4.823199997190386,0.5170999938854948,0.340899990987964,12.581599992699921,18.262799974763766
5.430200006230734,0.6533999985549599,0.32169999030884355,12.74470001226291,19.15000000735745
4.950400005327538,0.5616999987978488,0.24220001068897545,8.006500007468276,13.760800022282638
5.241400009253994,0.7978999929036945,0.40530000114813447,12.877100001787767,19.32170000509359
6.648900001891889,0.8505000005243346,0.3222999948775396,12.8063000011025,20.627999998396263
6.174000009195879,0.6692000024486333,0.4302000015741214,30.76860000146553,38.04200001468416
5.946899997070432,0.7433999999193475,0.40750000334810466,13.12319999851752,20.220999998855405
5.763099994510412,0.8273999992525205,0.4071000003023073,12.191700006951578,19.189300001016818
5.243499996140599,0.6305999995674938,0.3091000107815489,12.945700000273064,19.128900006762706
5.040700008976273,0.5058999959146604,0.24590000975877047,13.282300002174452,19.074800016824156
4.888700001174584,0.5068000027677044,0.24399999529123306,12.09950000338722,17.73900000262074
5.196400001295842,0.5315000016707927,0.2545999886933714,12.66330000362359,18.645799995283596
5.794199998490512,0.6531999970320612,0.3119000029982999,11.758599997847341,18.517899996368214
4.92340000346303,0.599899998633191,0.2525000018067658,15.110899999854155,20.88670000375714
10.276300003170036,0.6722999969497323,0.3097000007983297,12.689999988651834,23.948299989569932
5.100099995615892,0.7136999920476228,0.3240000078221783,13.219400003436022,19.357199998921715
5.485400004545227,0.7144999981392175,0.31770000350661576,11.471499994513579,17.98910000070464
5.459699998027645,0.6129000103101134,0.30559999868273735,12.760700003127567,19.138900010148063
4.782899995916523,0.5440999957500026,0.25179999647662044,12.02470000134781,17.603499989490956
5.55750000057742,0.5340000061551109,0.24759999359957874,12.80840000254102,19.14750000287313
5.212899995967746,0.6689000001642853,0.302100001135841,12.75819999864325,18.94209999591112
5.92720000713598,0.7267000037245452,0.3079000016441569,13.34340000175871,20.30520001426339
14.452900009928271,0.8749999979045242,0.4174000059720129,13.682799995876849,29.428100009681657
5.238600002485327,0.6588999967789277,0.3116000007139519,12.950699994689785,19.159799994667992
5.376100001740269,0.7528999994974583,0.3760999970836565,12.986300003831275,19.49140000215266
5.753400007961318,0.6091000104788691,0.305800000205636,13.094199995975941,19.762500014621764
5.74120000237599,0.6493999972008169,0.31370000215247273,13.460000001941808,20.164300003671087
6.051900010788813,0.7498999912058935,0.39939999987836927,12.820499992812984,20.02169999468606
5.360199997085147,0.7762000022921711,0.4746000049635768,11.995499997283332,18.606500001624227
4.480799994780682,0.49059999582823366,0.24399999529123306,14.324700008728541,19.54009999462869
5.883300007553771,0.7257000106619671,0.3068000078201294,14.857999995001592,21.77380002103746
5.1626999920699745,0.6018999993102625,0.3041000018129125,12.446300010196865,18.515000003390014
5.071199993835762,0.5944000004092231,0.3110999969067052,12.20399999874644,18.18069998989813
5.619599993224256,0.6124999927124009,0.30690000858157873,12.913099999423139,19.452099993941374
5.3555000049527735,0.6632000004174188,0.3003000019816682,12.779399999999441,19.0984000073513
5.617100003291853,0.7683000003453344,0.38779999886173755,12.457599994377233,19.230799996876158
5.5591999989701435,0.7083999953465536,0.378700002329424,12.640900007681921,19.287200004328042
5.044300007284619,0.6486999918706715,0.30220000189729035,12.557699999888428,18.55290000094101
7.473599995137192,0.8960999984992668,0.4182999982731417,15.920400008326396,24.708400000235997
6.058400002075359,0.9986999939428642,0.4175999929429963,13.19740001054015,20.67209999950137
4.542899987427518,0.5810000002384186,0.24920000578276813,12.04180000058841,17.414899994037114
4.4521999952849,0.4831000114791095,0.2432000037515536,11.445900003309362,16.624400013824925
5.5850000062491745,0.7220999978017062,0.3972999984398484,12.257099995622411,18.96149999811314
4.525299998931587,0.4852999991271645,0.3173000004608184,12.74330000160262,18.07120000012219
5.343400000128895,0.6403999868780375,0.3012999950442463,12.818400005926378,19.103499987977557
5.362000010791235,0.7580000092275441,0.38479999057017267,12.564999997266568,19.06980000785552
7.361800002399832,0.9717000066302717,0.43480000749696046,13.929500011727214,22.697800028254278
6.288200005656108,0.6851999933132902,0.3021999873453751,12.312399994698353,19.587999981013127
5.322199998772703,0.5979999987175688,0.30249998962972313,11.511099990457296,17.73379997757729
5.620199997792952,0.6448999920394272,0.30520001018885523,12.499899996328168,19.0701999963494
5.422100002760999,0.6609000120079145,0.25440000172238797,11.355000009643845,17.692400026135147
5.310000007739291,0.68450000253506,0.2496999950380996,12.650000004214235,18.894200009526685
5.1303000072948635,0.5457999941427261,0.24590000975877047,12.801399992895313,18.723400004091673
5.006799998227507,0.5455000064102933,0.24739999207668006,12.568399994052015,18.368099990766495
5.36189999547787,0.6338999955914915,0.298099999781698,12.564499993459322,18.85839998431038
8.343299996340647,0.7690000056754798,0.39739999920129776,13.431699990178458,22.941399991395883
5.84050000179559,0.6692000024486333,0.3031999949598685,12.515500013250858,19.32840001245495
5.3121999953873456,0.5979999987175688,0.3031999949598685,12.848899990785867,19.06229997985065
5.380099988542497,0.7219999970402569,0.3632000007200986,12.290900005609728,18.75619999191258
4.521199996815994,0.49649999709799886,0.24809999740682542,12.143700005253777,17.409499996574596
5.129400000441819,0.5866999999852851,0.304899993352592,12.776400006259792,18.797400000039488
4.876999999396503,0.5240000027697533,0.2477999951224774,12.54019999760203,18.188999994890764
5.045099998824298,0.5868999869562685,0.2530999918235466,12.838999988161959,18.724099965766072
7.286300009582192,0.7474000012734905,0.33650000113993883,12.877699991804548,21.24790000380017
5.637399997795001,0.6835000094724819,0.30280000646598637,12.644299989915453,19.268000003648922
5.145300005096942,0.5911999905947596,0.3121999907307327,12.801299992133863,18.849999978556298
5.0799000018741935,0.6636000034632161,0.31009998929221183,12.598399989656173,18.651999984285794
4.999500000849366,0.494699997943826,0.24639999901410192,12.61499999964144,18.355599997448735
4.879100000835024,0.5067000020062551,0.2479999966453761,12.70979999389965,18.343599993386306
4.322699998738244,0.5010000022593886,0.24380000832024962,12.301800001296215,17.369300010614097
5.005899991374463,0.5570000066654757,0.2494000073056668,11.159200003021397,16.971500008367002
5.147200005012564,0.527600001078099,0.24590000975877047,15.502700000070035,21.42340001591947
6.634300007135607,1.4156999968690798,0.39289999403990805,11.474599989014678,19.917499987059273
5.117300010169856,0.6451999943237752,0.3201000072294846,13.866099994629622,19.948700006352738
5.371699997340329,0.6861999863758683,0.31650000892113894,14.04349999211263,20.417899984749965
5.782599997473881,0.6255999905988574,0.3102999908151105,12.426900007994846,19.145399986882694
5.359100003261119,0.5375000037020072,0.25100000493694097,11.130300001241267,17.277900013141334
5.194099998334423,0.7013000140432268,0.37760000850539654,12.751000002026558,19.024000022909604
5.272800000966527,0.6537000008393079,0.2986000035889447,12.843600008636713,19.068700014031492
5.060900002717972,0.8121999999275431,0.4413999995449558,15.065100000356324,21.379600002546795
5.7991999929072335,0.6070000090403482,0.27019999106414616,13.383099998463877,20.059499991475604
5.021799996029586,0.5027000006521121,0.2452000044286251,12.346400006208569,18.11610000731889
5.869500004337169,0.5887000006623566,0.3096000000368804,12.645700000575744,19.41350000561215
4.89229999948293,0.5837999924551696,0.3079000016441569,12.754199997289106,18.538199990871362
5.485500005306676,0.7019000040600076,0.26670000806916505,12.609099998371676,19.063200015807524
5.355899993446656,0.6959000020287931,0.31430000672116876,12.81359999848064,19.179700000677258
5.032000000937842,0.555599996005185,0.2502999996067956,12.69499999762047,18.532899994170293
5.090399994514883,0.6913999968674034,0.3635000030044466,11.483700000098906,17.62899999448564
5.051599990110844,0.523299997439608,0.24389999452978373,12.110300012864172,17.92909999494441
5.897700000787154,0.6304999988060445,0.30470000638160855,12.391399999614805,19.224300005589612
5.183300003409386,0.6195000023581088,0.29909999284427613,12.65219999186229,18.75409999047406
5.329000006895512,0.7418000022880733,0.3871000080835074,12.453899995307438,18.91180001257453
5.097200002637692,0.6543000054080039,0.34559999767225236,11.970000006840564,18.067100012558512
4.965999993146397,0.5222000036155805,0.2440999960526824,12.764099999913014,18.496399992727675
4.81150000996422,0.5233999982010573,0.24870000197552145,13.163499999791384,18.747100009932183
5.819500001962297,0.715899994247593,0.3800999984377995,13.000999999349006,19.916499993996695
5.6798000005073845,0.5214999982854351,0.3732999903149903,10.072499993839301,16.64709998294711
4.839999994146638,0.5213000113144517,0.2449000021442771,12.702799998805858,18.309000006411225
5.056499998318031,0.6384000007528812,0.3043000033358112,12.588900004629977,18.5881000070367
5.529600006411783,0.6702000100631267,0.298099999781698,12.748599998303689,19.246500014560297
5.035099995438941,0.5077999958302826,0.2575000107754022,12.237799994181842,18.038199996226467
4.728300002170727,0.5581000004895031,0.24369999300688505,10.981200000969693,16.511299996636808
4.9589999980526045,0.6751000037183985,0.3171999996993691,11.722600000211969,17.67390000168234
5.139299988513812,0.6380999984685332,0.29930000891909003,12.812700006179512,18.889400002080947
8.231300002080388,0.985999999102205,0.4707999905804172,15.367200001492165,25.055299993255176
5.001300000003539,0.5230999959167093,0.24370000755880028,15.360100005636923,21.12820000911597
5.358399997930974,0.5819000070914626,0.3112999984296039,12.937600011355244,19.189200014807284
5.658599999151193,0.6117000011727214,0.3105999930994585,12.807400009478442,19.388300002901815
4.756099995574914,0.4915999888908118,0.24539999139960855,11.629400003585033,17.122499979450367
5.023600009735674,0.6275999912759289,0.29910000739619136,12.780799996107817,18.73110000451561
5.274900002405047,0.5358000053092837,0.2597999991849065,12.59149999532383,18.662000002223067
5.200900006457232,0.6495999987237155,0.3488000074867159,11.705700002494268,17.90500001516193
5.5188999976962805,0.8082999993348494,0.380899989977479,15.369800006737933,22.07789999374654
5.6247000029543415,0.515899999300018,0.2528000040911138,11.586699998588301,17.980100004933774
5.751400007284246,0.8091999916359782,0.30980000155977905,12.723499996354803,19.593899996834807
